ply
format ascii 1.0
comment empirical danger spheres q=0.10 from 6 videos 720p stride3
element vertex 4550
property float x
property float y
property float z
property uchar red
property uchar green
property uchar blue
element face 7392
property list uchar int vertex_indices
end_header
-0.345540 -0.067924 0.124414 220 32 32
-0.345540 -0.067924 0.124414 220 32 32
-0.345540 -0.067924 0.124414 220 32 32
-0.345540 -0.067924 0.124414 220 32 32
-0.345540 -0.067924 0.124414 220 32 32
-0.345540 -0.067924 0.124414 220 32 32
-0.345540 -0.067924 0.124414 220 32 32
-0.345540 -0.067924 0.124414 220 32 32
-0.345540 -0.067924 0.124414 220 32 32
-0.345540 -0.067924 0.124414 220 32 32
-0.345540 -0.067924 0.124414 220 32 32
-0.345540 -0.067924 0.124414 220 32 32
-0.345540 -0.067924 0.124414 220 32 32
-0.345540 -0.067924 0.124414 220 32 32
-0.345540 -0.067924 0.124414 220 32 32
-0.345540 -0.067924 0.124414 220 32 32
-0.345540 -0.067924 0.124414 220 32 32
-0.345540 -0.067924 0.124414 220 32 32
-0.345540 -0.067924 0.124414 220 32 32
-0.345540 -0.067924 0.124414 220 32 32
-0.345540 -0.067924 0.124414 220 32 32
-0.345540 -0.067924 0.124414 220 32 32
-0.345540 -0.067924 0.124414 220 32 32
-0.345540 -0.067924 0.124414 220 32 32
-0.345540 -0.067924 0.124414 220 32 32
-0.224812 -0.067924 0.108520 220 32 32
-0.228926 -0.036677 0.108520 220 32 32
-0.240987 -0.007560 0.108520 220 32 32
-0.260173 0.017443 0.108520 220 32 32
-0.285176 0.036629 0.108520 220 32 32
-0.314293 0.048690 0.108520 220 32 32
-0.345540 0.052804 0.108520 220 32 32
-0.376786 0.048690 0.108520 220 32 32
-0.405903 0.036629 0.108520 220 32 32
-0.430907 0.017443 0.108520 220 32 32
-0.450093 -0.007560 0.108520 220 32 32
-0.462153 -0.036677 0.108520 220 32 32
-0.466267 -0.067924 0.108520 220 32 32
-0.462153 -0.099170 0.108520 220 32 32
-0.450093 -0.128287 0.108520 220 32 32
-0.430907 -0.153291 0.108520 220 32 32
-0.405903 -0.172477 0.108520 220 32 32
-0.376786 -0.184537 0.108520 220 32 32
-0.345540 -0.188651 0.108520 220 32 32
-0.314293 -0.184537 0.108520 220 32 32
-0.285176 -0.172477 0.108520 220 32 32
-0.260173 -0.153291 0.108520 220 32 32
-0.240987 -0.128287 0.108520 220 32 32
-0.228926 -0.099170 0.108520 220 32 32
-0.224812 -0.067924 0.108520 220 32 32
-0.112313 -0.067924 0.061921 220 32 32
-0.120260 -0.007560 0.061921 220 32 32
-0.143559 0.048690 0.061921 220 32 32
-0.180623 0.096993 0.061921 220 32 32
-0.228926 0.134057 0.061921 220 32 32
-0.285176 0.157356 0.061921 220 32 32
-0.345540 0.165304 0.061921 220 32 32
-0.405903 0.157356 0.061921 220 32 32
-0.462153 0.134057 0.061921 220 32 32
-0.510456 0.096993 0.061921 220 32 32
-0.547521 0.048690 0.061921 220 32 32
-0.570820 -0.007560 0.061921 220 32 32
-0.578767 -0.067924 0.061921 220 32 32
-0.570820 -0.128287 0.061921 220 32 32
-0.547521 -0.184537 0.061921 220 32 32
-0.510456 -0.232840 0.061921 220 32 32
-0.462153 -0.269905 0.061921 220 32 32
-0.405903 -0.293204 0.061921 220 32 32
-0.345540 -0.301151 0.061921 220 32 32
-0.285176 -0.293204 0.061921 220 32 32
-0.228926 -0.269905 0.061921 220 32 32
-0.180623 -0.232840 0.061921 220 32 32
-0.143559 -0.184537 0.061921 220 32 32
-0.120260 -0.128287 0.061921 220 32 32
-0.112313 -0.067924 0.061921 220 32 32
-0.015707 -0.067924 -0.012207 220 32 32
-0.026945 0.017443 -0.012207 220 32 32
-0.059896 0.096993 -0.012207 220 32 32
-0.112313 0.165304 -0.012207 220 32 32
-0.180623 0.217720 -0.012207 220 32 32
-0.260173 0.250671 -0.012207 220 32 32
-0.345540 0.261909 -0.012207 220 32 32
-0.430907 0.250671 -0.012207 220 32 32
-0.510456 0.217720 -0.012207 220 32 32
-0.578767 0.165304 -0.012207 220 32 32
-0.631184 0.096993 -0.012207 220 32 32
-0.664134 0.017443 -0.012207 220 32 32
-0.675373 -0.067924 -0.012207 220 32 32
-0.664134 -0.153291 -0.012207 220 32 32
-0.631184 -0.232840 -0.012207 220 32 32
-0.578767 -0.301151 -0.012207 220 32 32
-0.510456 -0.353568 -0.012207 220 32 32
-0.430907 -0.386518 -0.012207 220 32 32
-0.345540 -0.397757 -0.012207 220 32 32
-0.260173 -0.386518 -0.012207 220 32 32
-0.180623 -0.353568 -0.012207 220 32 32
-0.112313 -0.301151 -0.012207 220 32 32
-0.059896 -0.232840 -0.012207 220 32 32
-0.026945 -0.153291 -0.012207 220 32 32
-0.015707 -0.067924 -0.012207 220 32 32
0.058422 -0.067924 -0.108813 220 32 32
0.044657 0.036629 -0.108813 220 32 32
0.004301 0.134057 -0.108813 220 32 32
-0.059896 0.217720 -0.108813 220 32 32
-0.143559 0.281917 -0.108813 220 32 32
-0.240987 0.322273 -0.108813 220 32 32
-0.345540 0.336038 -0.108813 220 32 32
-0.450093 0.322273 -0.108813 220 32 32
-0.547521 0.281917 -0.108813 220 32 32
-0.631184 0.217720 -0.108813 220 32 32
-0.695381 0.134057 -0.108813 220 32 32
-0.735737 0.036629 -0.108813 220 32 32
-0.749501 -0.067924 -0.108813 220 32 32
-0.735737 -0.172477 -0.108813 220 32 32
-0.695381 -0.269905 -0.108813 220 32 32
-0.631184 -0.353568 -0.108813 220 32 32
-0.547521 -0.417765 -0.108813 220 32 32
-0.450093 -0.458121 -0.108813 220 32 32
-0.345540 -0.471885 -0.108813 220 32 32
-0.240987 -0.458121 -0.108813 220 32 32
-0.143559 -0.417765 -0.108813 220 32 32
-0.059896 -0.353568 -0.108813 220 32 32
0.004301 -0.269905 -0.108813 220 32 32
0.044657 -0.172477 -0.108813 220 32 32
0.058422 -0.067924 -0.108813 220 32 32
0.105021 -0.067924 -0.221313 220 32 32
0.089668 0.048690 -0.221313 220 32 32
0.044657 0.157356 -0.221313 220 32 32
-0.026945 0.250671 -0.221313 220 32 32
-0.120260 0.322273 -0.221313 220 32 32
-0.228926 0.367284 -0.221313 220 32 32
-0.345540 0.382637 -0.221313 220 32 32
-0.462153 0.367284 -0.221313 220 32 32
-0.570820 0.322273 -0.221313 220 32 32
-0.664134 0.250671 -0.221313 220 32 32
-0.735737 0.157356 -0.221313 220 32 32
-0.780748 0.048690 -0.221313 220 32 32
-0.796100 -0.067924 -0.221313 220 32 32
-0.780748 -0.184537 -0.221313 220 32 32
-0.735737 -0.293204 -0.221313 220 32 32
-0.664134 -0.386518 -0.221313 220 32 32
-0.570820 -0.458121 -0.221313 220 32 32
-0.462153 -0.503132 -0.221313 220 32 32
-0.345540 -0.518484 -0.221313 220 32 32
-0.228926 -0.503132 -0.221313 220 32 32
-0.120260 -0.458121 -0.221313 220 32 32
-0.026945 -0.386518 -0.221313 220 32 32
0.044657 -0.293204 -0.221313 220 32 32
0.089668 -0.184537 -0.221313 220 32 32
0.105021 -0.067924 -0.221313 220 32 32
0.120915 -0.067924 -0.342041 220 32 32
0.105021 0.052804 -0.342041 220 32 32
0.058422 0.165304 -0.342041 220 32 32
-0.015707 0.261909 -0.342041 220 32 32
-0.112313 0.336038 -0.342041 220 32 32
-0.224812 0.382637 -0.342041 220 32 32
-0.345540 0.398531 -0.342041 220 32 32
-0.466267 0.382637 -0.342041 220 32 32
-0.578767 0.336038 -0.342041 220 32 32
-0.675373 0.261909 -0.342041 220 32 32
-0.749501 0.165304 -0.342041 220 32 32
-0.796100 0.052804 -0.342041 220 32 32
-0.811994 -0.067924 -0.342041 220 32 32
-0.796100 -0.188651 -0.342041 220 32 32
-0.749501 -0.301151 -0.342041 220 32 32
-0.675373 -0.397757 -0.342041 220 32 32
-0.578767 -0.471885 -0.342041 220 32 32
-0.466267 -0.518484 -0.342041 220 32 32
-0.345540 -0.534378 -0.342041 220 32 32
-0.224812 -0.518484 -0.342041 220 32 32
-0.112313 -0.471885 -0.342041 220 32 32
-0.015707 -0.397757 -0.342041 220 32 32
0.058422 -0.301151 -0.342041 220 32 32
0.105021 -0.188651 -0.342041 220 32 32
0.120915 -0.067924 -0.342041 220 32 32
0.105021 -0.067924 -0.462768 220 32 32
0.089668 0.048690 -0.462768 220 32 32
0.044657 0.157356 -0.462768 220 32 32
-0.026945 0.250671 -0.462768 220 32 32
-0.120260 0.322273 -0.462768 220 32 32
-0.228926 0.367284 -0.462768 220 32 32
-0.345540 0.382637 -0.462768 220 32 32
-0.462153 0.367284 -0.462768 220 32 32
-0.570820 0.322273 -0.462768 220 32 32
-0.664134 0.250671 -0.462768 220 32 32
-0.735737 0.157356 -0.462768 220 32 32
-0.780748 0.048690 -0.462768 220 32 32
-0.796100 -0.067924 -0.462768 220 32 32
-0.780748 -0.184537 -0.462768 220 32 32
-0.735737 -0.293204 -0.462768 220 32 32
-0.664134 -0.386518 -0.462768 220 32 32
-0.570820 -0.458121 -0.462768 220 32 32
-0.462153 -0.503132 -0.462768 220 32 32
-0.345540 -0.518484 -0.462768 220 32 32
-0.228926 -0.503132 -0.462768 220 32 32
-0.120260 -0.458121 -0.462768 220 32 32
-0.026945 -0.386518 -0.462768 220 32 32
0.044657 -0.293204 -0.462768 220 32 32
0.089668 -0.184537 -0.462768 220 32 32
0.105021 -0.067924 -0.462768 220 32 32
0.058422 -0.067924 -0.575268 220 32 32
0.044657 0.036629 -0.575268 220 32 32
0.004301 0.134057 -0.575268 220 32 32
-0.059896 0.217720 -0.575268 220 32 32
-0.143559 0.281917 -0.575268 220 32 32
-0.240987 0.322273 -0.575268 220 32 32
-0.345540 0.336038 -0.575268 220 32 32
-0.450093 0.322273 -0.575268 220 32 32
-0.547521 0.281917 -0.575268 220 32 32
-0.631184 0.217720 -0.575268 220 32 32
-0.695381 0.134057 -0.575268 220 32 32
-0.735737 0.036629 -0.575268 220 32 32
-0.749501 -0.067924 -0.575268 220 32 32
-0.735737 -0.172477 -0.575268 220 32 32
-0.695381 -0.269905 -0.575268 220 32 32
-0.631184 -0.353568 -0.575268 220 32 32
-0.547521 -0.417765 -0.575268 220 32 32
-0.450093 -0.458121 -0.575268 220 32 32
-0.345540 -0.471885 -0.575268 220 32 32
-0.240987 -0.458121 -0.575268 220 32 32
-0.143559 -0.417765 -0.575268 220 32 32
-0.059896 -0.353568 -0.575268 220 32 32
0.004301 -0.269905 -0.575268 220 32 32
0.044657 -0.172477 -0.575268 220 32 32
0.058422 -0.067924 -0.575268 220 32 32
-0.015707 -0.067924 -0.671874 220 32 32
-0.026945 0.017443 -0.671874 220 32 32
-0.059896 0.096993 -0.671874 220 32 32
-0.112313 0.165304 -0.671874 220 32 32
-0.180623 0.217720 -0.671874 220 32 32
-0.260173 0.250671 -0.671874 220 32 32
-0.345540 0.261909 -0.671874 220 32 32
-0.430907 0.250671 -0.671874 220 32 32
-0.510456 0.217720 -0.671874 220 32 32
-0.578767 0.165304 -0.671874 220 32 32
-0.631184 0.096993 -0.671874 220 32 32
-0.664134 0.017443 -0.671874 220 32 32
-0.675373 -0.067924 -0.671874 220 32 32
-0.664134 -0.153291 -0.671874 220 32 32
-0.631184 -0.232840 -0.671874 220 32 32
-0.578767 -0.301151 -0.671874 220 32 32
-0.510456 -0.353568 -0.671874 220 32 32
-0.430907 -0.386518 -0.671874 220 32 32
-0.345540 -0.397757 -0.671874 220 32 32
-0.260173 -0.386518 -0.671874 220 32 32
-0.180623 -0.353568 -0.671874 220 32 32
-0.112313 -0.301151 -0.671874 220 32 32
-0.059896 -0.232840 -0.671874 220 32 32
-0.026945 -0.153291 -0.671874 220 32 32
-0.015707 -0.067924 -0.671874 220 32 32
-0.112313 -0.067924 -0.746002 220 32 32
-0.120260 -0.007560 -0.746002 220 32 32
-0.143559 0.048690 -0.746002 220 32 32
-0.180623 0.096993 -0.746002 220 32 32
-0.228926 0.134057 -0.746002 220 32 32
-0.285176 0.157356 -0.746002 220 32 32
-0.345540 0.165304 -0.746002 220 32 32
-0.405903 0.157356 -0.746002 220 32 32
-0.462153 0.134057 -0.746002 220 32 32
-0.510456 0.096993 -0.746002 220 32 32
-0.547521 0.048690 -0.746002 220 32 32
-0.570820 -0.007560 -0.746002 220 32 32
-0.578767 -0.067924 -0.746002 220 32 32
-0.570820 -0.128287 -0.746002 220 32 32
-0.547521 -0.184537 -0.746002 220 32 32
-0.510456 -0.232840 -0.746002 220 32 32
-0.462153 -0.269905 -0.746002 220 32 32
-0.405903 -0.293204 -0.746002 220 32 32
-0.345540 -0.301151 -0.746002 220 32 32
-0.285176 -0.293204 -0.746002 220 32 32
-0.228926 -0.269905 -0.746002 220 32 32
-0.180623 -0.232840 -0.746002 220 32 32
-0.143559 -0.184537 -0.746002 220 32 32
-0.120260 -0.128287 -0.746002 220 32 32
-0.112313 -0.067924 -0.746002 220 32 32
-0.224812 -0.067924 -0.792601 220 32 32
-0.228926 -0.036677 -0.792601 220 32 32
-0.240987 -0.007560 -0.792601 220 32 32
-0.260173 0.017443 -0.792601 220 32 32
-0.285176 0.036629 -0.792601 220 32 32
-0.314293 0.048690 -0.792601 220 32 32
-0.345540 0.052804 -0.792601 220 32 32
-0.376786 0.048690 -0.792601 220 32 32
-0.405903 0.036629 -0.792601 220 32 32
-0.430907 0.017443 -0.792601 220 32 32
-0.450093 -0.007560 -0.792601 220 32 32
-0.462153 -0.036677 -0.792601 220 32 32
-0.466267 -0.067924 -0.792601 220 32 32
-0.462153 -0.099170 -0.792601 220 32 32
-0.450093 -0.128287 -0.792601 220 32 32
-0.430907 -0.153291 -0.792601 220 32 32
-0.405903 -0.172477 -0.792601 220 32 32
-0.376786 -0.184537 -0.792601 220 32 32
-0.345540 -0.188651 -0.792601 220 32 32
-0.314293 -0.184537 -0.792601 220 32 32
-0.285176 -0.172477 -0.792601 220 32 32
-0.260173 -0.153291 -0.792601 220 32 32
-0.240987 -0.128287 -0.792601 220 32 32
-0.228926 -0.099170 -0.792601 220 32 32
-0.224812 -0.067924 -0.792601 220 32 32
-0.345540 -0.067924 -0.808495 220 32 32
-0.345540 -0.067924 -0.808495 220 32 32
-0.345540 -0.067924 -0.808495 220 32 32
-0.345540 -0.067924 -0.808495 220 32 32
-0.345540 -0.067924 -0.808495 220 32 32
-0.345540 -0.067924 -0.808495 220 32 32
-0.345540 -0.067924 -0.808495 220 32 32
-0.345540 -0.067924 -0.808495 220 32 32
-0.345540 -0.067924 -0.808495 220 32 32
-0.345540 -0.067924 -0.808495 220 32 32
-0.345540 -0.067924 -0.808495 220 32 32
-0.345540 -0.067924 -0.808495 220 32 32
-0.345540 -0.067924 -0.808495 220 32 32
-0.345540 -0.067924 -0.808495 220 32 32
-0.345540 -0.067924 -0.808495 220 32 32
-0.345540 -0.067924 -0.808495 220 32 32
-0.345540 -0.067924 -0.808495 220 32 32
-0.345540 -0.067924 -0.808495 220 32 32
-0.345540 -0.067924 -0.808495 220 32 32
-0.345540 -0.067924 -0.808495 220 32 32
-0.345540 -0.067924 -0.808495 220 32 32
-0.345540 -0.067924 -0.808495 220 32 32
-0.345540 -0.067924 -0.808495 220 32 32
-0.345540 -0.067924 -0.808495 220 32 32
-0.345540 -0.067924 -0.808495 220 32 32
-0.039052 0.024857 -0.576792 220 32 32
-0.039052 0.024857 -0.576792 220 32 32
-0.039052 0.024857 -0.576792 220 32 32
-0.039052 0.024857 -0.576792 220 32 32
-0.039052 0.024857 -0.576792 220 32 32
-0.039052 0.024857 -0.576792 220 32 32
-0.039052 0.024857 -0.576792 220 32 32
-0.039052 0.024857 -0.576792 220 32 32
-0.039052 0.024857 -0.576792 220 32 32
-0.039052 0.024857 -0.576792 220 32 32
-0.039052 0.024857 -0.576792 220 32 32
-0.039052 0.024857 -0.576792 220 32 32
-0.039052 0.024857 -0.576792 220 32 32
-0.039052 0.024857 -0.576792 220 32 32
-0.039052 0.024857 -0.576792 220 32 32
-0.039052 0.024857 -0.576792 220 32 32
-0.039052 0.024857 -0.576792 220 32 32
-0.039052 0.024857 -0.576792 220 32 32
-0.039052 0.024857 -0.576792 220 32 32
-0.039052 0.024857 -0.576792 220 32 32
-0.039052 0.024857 -0.576792 220 32 32
-0.039052 0.024857 -0.576792 220 32 32
-0.039052 0.024857 -0.576792 220 32 32
-0.039052 0.024857 -0.576792 220 32 32
-0.039052 0.024857 -0.576792 220 32 32
0.068123 0.024857 -0.590902 220 32 32
0.064471 0.052596 -0.590902 220 32 32
0.053764 0.078444 -0.590902 220 32 32
0.036732 0.100641 -0.590902 220 32 32
0.014535 0.117673 -0.590902 220 32 32
-0.011313 0.128380 -0.590902 220 32 32
-0.039052 0.132032 -0.590902 220 32 32
-0.066791 0.128380 -0.590902 220 32 32
-0.092640 0.117673 -0.590902 220 32 32
-0.114837 0.100641 -0.590902 220 32 32
-0.131869 0.078444 -0.590902 220 32 32
-0.142576 0.052596 -0.590902 220 32 32
-0.146228 0.024857 -0.590902 220 32 32
-0.142576 -0.002882 -0.590902 220 32 32
-0.131869 -0.028731 -0.590902 220 32 32
-0.114837 -0.050928 -0.590902 220 32 32
-0.092640 -0.067960 -0.590902 220 32 32
-0.066791 -0.078667 -0.590902 220 32 32
-0.039052 -0.082319 -0.590902 220 32 32
-0.011313 -0.078667 -0.590902 220 32 32
0.014535 -0.067960 -0.590902 220 32 32
0.036732 -0.050928 -0.590902 220 32 32
0.053764 -0.028731 -0.590902 220 32 32
0.064471 -0.002882 -0.590902 220 32 32
0.068123 0.024857 -0.590902 220 32 32
0.167994 0.024857 -0.632270 220 32 32
0.160939 0.078444 -0.632270 220 32 32
0.140255 0.128380 -0.632270 220 32 32
0.107352 0.171261 -0.632270 220 32 32
0.064471 0.204164 -0.632270 220 32 32
0.014535 0.224848 -0.632270 220 32 32
-0.039052 0.231903 -0.632270 220 32 32
-0.092640 0.224848 -0.632270 220 32 32
-0.142576 0.204164 -0.632270 220 32 32
-0.185456 0.171261 -0.632270 220 32 32
-0.218360 0.128380 -0.632270 220 32 32
-0.239044 0.078444 -0.632270 220 32 32
-0.246099 0.024857 -0.632270 220 32 32
-0.239044 -0.028731 -0.632270 220 32 32
-0.218360 -0.078667 -0.632270 220 32 32
-0.185456 -0.121547 -0.632270 220 32 32
-0.142576 -0.154451 -0.632270 220 32 32
-0.092640 -0.175135 -0.632270 220 32 32
-0.039052 -0.182190 -0.632270 220 32 32
0.014535 -0.175135 -0.632270 220 32 32
0.064471 -0.154451 -0.632270 220 32 32
0.107352 -0.121547 -0.632270 220 32 32
0.140255 -0.078667 -0.632270 220 32 32
0.160939 -0.028731 -0.632270 220 32 32
0.167994 0.024857 -0.632270 220 32 32
0.253756 0.024857 -0.698077 220 32 32
0.243779 0.100641 -0.698077 220 32 32
0.214527 0.171261 -0.698077 220 32 32
0.167994 0.231903 -0.698077 220 32 32
0.107352 0.278436 -0.698077 220 32 32
0.036732 0.307688 -0.698077 220 32 32
-0.039052 0.317665 -0.698077 220 32 32
-0.114837 0.307688 -0.698077 220 32 32
-0.185456 0.278436 -0.698077 220 32 32
-0.246099 0.231903 -0.698077 220 32 32
-0.292632 0.171261 -0.698077 220 32 32
-0.321883 0.100641 -0.698077 220 32 32
-0.331860 0.024857 -0.698077 220 32 32
-0.321883 -0.050928 -0.698077 220 32 32
-0.292632 -0.121547 -0.698077 220 32 32
-0.246099 -0.182190 -0.698077 220 32 32
-0.185456 -0.228723 -0.698077 220 32 32
-0.114837 -0.257974 -0.698077 220 32 32
-0.039052 -0.267951 -0.698077 220 32 32
0.036732 -0.257974 -0.698077 220 32 32
0.107352 -0.228723 -0.698077 220 32 32
0.167994 -0.182190 -0.698077 220 32 32
0.214527 -0.121547 -0.698077 220 32 32
0.243779 -0.050928 -0.698077 220 32 32
0.253756 0.024857 -0.698077 220 32 32
0.319563 0.024857 -0.783839 220 32 32
0.307343 0.117673 -0.783839 220 32 32
0.271518 0.204164 -0.783839 220 32 32
0.214527 0.278436 -0.783839 220 32 32
0.140255 0.335427 -0.783839 220 32 32
0.053764 0.371252 -0.783839 220 32 32
-0.039052 0.383472 -0.783839 220 32 32
-0.131869 0.371252 -0.783839 220 32 32
-0.218360 0.335427 -0.783839 220 32 32
-0.292632 0.278436 -0.783839 220 32 32
-0.349622 0.204164 -0.783839 220 32 32
-0.385448 0.117673 -0.783839 220 32 32
-0.397668 0.024857 -0.783839 220 32 32
-0.385448 -0.067960 -0.783839 220 32 32
-0.349622 -0.154451 -0.783839 220 32 32
-0.292632 -0.228723 -0.783839 220 32 32
-0.218360 -0.285713 -0.783839 220 32 32
-0.131869 -0.321539 -0.783839 220 32 32
-0.039052 -0.333759 -0.783839 220 32 32
0.053764 -0.321539 -0.783839 220 32 32
0.140255 -0.285713 -0.783839 220 32 32
0.214527 -0.228723 -0.783839 220 32 32
0.271518 -0.154451 -0.783839 220 32 32
0.307343 -0.067960 -0.783839 220 32 32
0.319563 0.024857 -0.783839 220 32 32
0.360931 0.024857 -0.883710 220 32 32
0.347302 0.128380 -0.883710 220 32 32
0.307343 0.224848 -0.883710 220 32 32
0.243779 0.307688 -0.883710 220 32 32
0.160939 0.371252 -0.883710 220 32 32
0.064471 0.411211 -0.883710 220 32 32
-0.039052 0.424840 -0.883710 220 32 32
-0.142576 0.411211 -0.883710 220 32 32
-0.239044 0.371252 -0.883710 220 32 32
-0.321883 0.307688 -0.883710 220 32 32
-0.385448 0.224848 -0.883710 220 32 32
-0.425407 0.128380 -0.883710 220 32 32
-0.439036 0.024857 -0.883710 220 32 32
-0.425407 -0.078667 -0.883710 220 32 32
-0.385448 -0.175135 -0.883710 220 32 32
-0.321883 -0.257974 -0.883710 220 32 32
-0.239044 -0.321539 -0.883710 220 32 32
-0.142576 -0.361498 -0.883710 220 32 32
-0.039052 -0.375127 -0.883710 220 32 32
0.064471 -0.361498 -0.883710 220 32 32
0.160939 -0.321539 -0.883710 220 32 32
0.243779 -0.257974 -0.883710 220 32 32
0.307343 -0.175135 -0.883710 220 32 32
0.347302 -0.078667 -0.883710 220 32 32
0.360931 0.024857 -0.883710 220 32 32
0.375041 0.024857 -0.990885 220 32 32
0.360931 0.132032 -0.990885 220 32 32
0.319563 0.231903 -0.990885 220 32 32
0.253756 0.317665 -0.990885 220 32 32
0.167994 0.383472 -0.990885 220 32 32
0.068123 0.424840 -0.990885 220 32 32
-0.039052 0.438950 -0.990885 220 32 32
-0.146228 0.424840 -0.990885 220 32 32
-0.246099 0.383472 -0.990885 220 32 32
-0.331860 0.317665 -0.990885 220 32 32
-0.397668 0.231903 -0.990885 220 32 32
-0.439036 0.132032 -0.990885 220 32 32
-0.453146 0.024857 -0.990885 220 32 32
-0.439036 -0.082319 -0.990885 220 32 32
-0.397668 -0.182190 -0.990885 220 32 32
-0.331860 -0.267951 -0.990885 220 32 32
-0.246099 -0.333759 -0.990885 220 32 32
-0.146228 -0.375127 -0.990885 220 32 32
-0.039052 -0.389237 -0.990885 220 32 32
0.068123 -0.375127 -0.990885 220 32 32
0.167994 -0.333759 -0.990885 220 32 32
0.253756 -0.267951 -0.990885 220 32 32
0.319563 -0.182190 -0.990885 220 32 32
0.360931 -0.082319 -0.990885 220 32 32
0.375041 0.024857 -0.990885 220 32 32
0.360931 0.024857 -1.098061 220 32 32
0.347302 0.128380 -1.098061 220 32 32
0.307343 0.224848 -1.098061 220 32 32
0.243779 0.307688 -1.098061 220 32 32
0.160939 0.371252 -1.098061 220 32 32
0.064471 0.411211 -1.098061 220 32 32
-0.039052 0.424840 -1.098061 220 32 32
-0.142576 0.411211 -1.098061 220 32 32
-0.239044 0.371252 -1.098061 220 32 32
-0.321883 0.307688 -1.098061 220 32 32
-0.385448 0.224848 -1.098061 220 32 32
-0.425407 0.128380 -1.098061 220 32 32
-0.439036 0.024857 -1.098061 220 32 32
-0.425407 -0.078667 -1.098061 220 32 32
-0.385448 -0.175135 -1.098061 220 32 32
-0.321883 -0.257974 -1.098061 220 32 32
-0.239044 -0.321539 -1.098061 220 32 32
-0.142576 -0.361498 -1.098061 220 32 32
-0.039052 -0.375127 -1.098061 220 32 32
0.064471 -0.361498 -1.098061 220 32 32
0.160939 -0.321539 -1.098061 220 32 32
0.243779 -0.257974 -1.098061 220 32 32
0.307343 -0.175135 -1.098061 220 32 32
0.347302 -0.078667 -1.098061 220 32 32
0.360931 0.024857 -1.098061 220 32 32
0.319563 0.024857 -1.197932 220 32 32
0.307343 0.117673 -1.197932 220 32 32
0.271518 0.204164 -1.197932 220 32 32
0.214527 0.278436 -1.197932 220 32 32
0.140255 0.335427 -1.197932 220 32 32
0.053764 0.371252 -1.197932 220 32 32
-0.039052 0.383472 -1.197932 220 32 32
-0.131869 0.371252 -1.197932 220 32 32
-0.218360 0.335427 -1.197932 220 32 32
-0.292632 0.278436 -1.197932 220 32 32
-0.349622 0.204164 -1.197932 220 32 32
-0.385448 0.117673 -1.197932 220 32 32
-0.397668 0.024857 -1.197932 220 32 32
-0.385448 -0.067960 -1.197932 220 32 32
-0.349622 -0.154451 -1.197932 220 32 32
-0.292632 -0.228723 -1.197932 220 32 32
-0.218360 -0.285713 -1.197932 220 32 32
-0.131869 -0.321539 -1.197932 220 32 32
-0.039052 -0.333759 -1.197932 220 32 32
0.053764 -0.321539 -1.197932 220 32 32
0.140255 -0.285713 -1.197932 220 32 32
0.214527 -0.228723 -1.197932 220 32 32
0.271518 -0.154451 -1.197932 220 32 32
0.307343 -0.067960 -1.197932 220 32 32
0.319563 0.024857 -1.197932 220 32 32
0.253756 0.024857 -1.283694 220 32 32
0.243779 0.100641 -1.283694 220 32 32
0.214527 0.171261 -1.283694 220 32 32
0.167994 0.231903 -1.283694 220 32 32
0.107352 0.278436 -1.283694 220 32 32
0.036732 0.307688 -1.283694 220 32 32
-0.039052 0.317665 -1.283694 220 32 32
-0.114837 0.307688 -1.283694 220 32 32
-0.185456 0.278436 -1.283694 220 32 32
-0.246099 0.231903 -1.283694 220 32 32
-0.292632 0.171261 -1.283694 220 32 32
-0.321883 0.100641 -1.283694 220 32 32
-0.331860 0.024857 -1.283694 220 32 32
-0.321883 -0.050928 -1.283694 220 32 32
-0.292632 -0.121547 -1.283694 220 32 32
-0.246099 -0.182190 -1.283694 220 32 32
-0.185456 -0.228723 -1.283694 220 32 32
-0.114837 -0.257974 -1.283694 220 32 32
-0.039052 -0.267951 -1.283694 220 32 32
0.036732 -0.257974 -1.283694 220 32 32
0.107352 -0.228723 -1.283694 220 32 32
0.167994 -0.182190 -1.283694 220 32 32
0.214527 -0.121547 -1.283694 220 32 32
0.243779 -0.050928 -1.283694 220 32 32
0.253756 0.024857 -1.283694 220 32 32
0.167994 0.024857 -1.349501 220 32 32
0.160939 0.078444 -1.349501 220 32 32
0.140255 0.128380 -1.349501 220 32 32
0.107352 0.171261 -1.349501 220 32 32
0.064471 0.204164 -1.349501 220 32 32
0.014535 0.224848 -1.349501 220 32 32
-0.039052 0.231903 -1.349501 220 32 32
-0.092640 0.224848 -1.349501 220 32 32
-0.142576 0.204164 -1.349501 220 32 32
-0.185456 0.171261 -1.349501 220 32 32
-0.218360 0.128380 -1.349501 220 32 32
-0.239044 0.078444 -1.349501 220 32 32
-0.246099 0.024857 -1.349501 220 32 32
-0.239044 -0.028731 -1.349501 220 32 32
-0.218360 -0.078667 -1.349501 220 32 32
-0.185456 -0.121547 -1.349501 220 32 32
-0.142576 -0.154451 -1.349501 220 32 32
-0.092640 -0.175135 -1.349501 220 32 32
-0.039052 -0.182190 -1.349501 220 32 32
0.014535 -0.175135 -1.349501 220 32 32
0.064471 -0.154451 -1.349501 220 32 32
0.107352 -0.121547 -1.349501 220 32 32
0.140255 -0.078667 -1.349501 220 32 32
0.160939 -0.028731 -1.349501 220 32 32
0.167994 0.024857 -1.349501 220 32 32
0.068123 0.024857 -1.390869 220 32 32
0.064471 0.052596 -1.390869 220 32 32
0.053764 0.078444 -1.390869 220 32 32
0.036732 0.100641 -1.390869 220 32 32
0.014535 0.117673 -1.390869 220 32 32
-0.011313 0.128380 -1.390869 220 32 32
-0.039052 0.132032 -1.390869 220 32 32
-0.066791 0.128380 -1.390869 220 32 32
-0.092640 0.117673 -1.390869 220 32 32
-0.114837 0.100641 -1.390869 220 32 32
-0.131869 0.078444 -1.390869 220 32 32
-0.142576 0.052596 -1.390869 220 32 32
-0.146228 0.024857 -1.390869 220 32 32
-0.142576 -0.002882 -1.390869 220 32 32
-0.131869 -0.028731 -1.390869 220 32 32
-0.114837 -0.050928 -1.390869 220 32 32
-0.092640 -0.067960 -1.390869 220 32 32
-0.066791 -0.078667 -1.390869 220 32 32
-0.039052 -0.082319 -1.390869 220 32 32
-0.011313 -0.078667 -1.390869 220 32 32
0.014535 -0.067960 -1.390869 220 32 32
0.036732 -0.050928 -1.390869 220 32 32
0.053764 -0.028731 -1.390869 220 32 32
0.064471 -0.002882 -1.390869 220 32 32
0.068123 0.024857 -1.390869 220 32 32
-0.039052 0.024857 -1.404979 220 32 32
-0.039052 0.024857 -1.404979 220 32 32
-0.039052 0.024857 -1.404979 220 32 32
-0.039052 0.024857 -1.404979 220 32 32
-0.039052 0.024857 -1.404979 220 32 32
-0.039052 0.024857 -1.404979 220 32 32
-0.039052 0.024857 -1.404979 220 32 32
-0.039052 0.024857 -1.404979 220 32 32
-0.039052 0.024857 -1.404979 220 32 32
-0.039052 0.024857 -1.404979 220 32 32
-0.039052 0.024857 -1.404979 220 32 32
-0.039052 0.024857 -1.404979 220 32 32
-0.039052 0.024857 -1.404979 220 32 32
-0.039052 0.024857 -1.404979 220 32 32
-0.039052 0.024857 -1.404979 220 32 32
-0.039052 0.024857 -1.404979 220 32 32
-0.039052 0.024857 -1.404979 220 32 32
-0.039052 0.024857 -1.404979 220 32 32
-0.039052 0.024857 -1.404979 220 32 32
-0.039052 0.024857 -1.404979 220 32 32
-0.039052 0.024857 -1.404979 220 32 32
-0.039052 0.024857 -1.404979 220 32 32
-0.039052 0.024857 -1.404979 220 32 32
-0.039052 0.024857 -1.404979 220 32 32
-0.039052 0.024857 -1.404979 220 32 32
-0.038775 -0.068291 0.192879 220 32 32
-0.038775 -0.068291 0.192879 220 32 32
-0.038775 -0.068291 0.192879 220 32 32
-0.038775 -0.068291 0.192879 220 32 32
-0.038775 -0.068291 0.192879 220 32 32
-0.038775 -0.068291 0.192879 220 32 32
-0.038775 -0.068291 0.192879 220 32 32
-0.038775 -0.068291 0.192879 220 32 32
-0.038775 -0.068291 0.192879 220 32 32
-0.038775 -0.068291 0.192879 220 32 32
-0.038775 -0.068291 0.192879 220 32 32
-0.038775 -0.068291 0.192879 220 32 32
-0.038775 -0.068291 0.192879 220 32 32
-0.038775 -0.068291 0.192879 220 32 32
-0.038775 -0.068291 0.192879 220 32 32
-0.038775 -0.068291 0.192879 220 32 32
-0.038775 -0.068291 0.192879 220 32 32
-0.038775 -0.068291 0.192879 220 32 32
-0.038775 -0.068291 0.192879 220 32 32
-0.038775 -0.068291 0.192879 220 32 32
-0.038775 -0.068291 0.192879 220 32 32
-0.038775 -0.068291 0.192879 220 32 32
-0.038775 -0.068291 0.192879 220 32 32
-0.038775 -0.068291 0.192879 220 32 32
-0.038775 -0.068291 0.192879 220 32 32
0.063771 -0.068291 0.179378 220 32 32
0.060277 -0.041750 0.179378 220 32 32
0.050032 -0.017017 0.179378 220 32 32
0.033736 0.004221 0.179378 220 32 32
0.012498 0.020517 0.179378 220 32 32
-0.012234 0.030762 0.179378 220 32 32
-0.038775 0.034256 0.179378 220 32 32
-0.065316 0.030762 0.179378 220 32 32
-0.090049 0.020517 0.179378 220 32 32
-0.111287 0.004221 0.179378 220 32 32
-0.127583 -0.017017 0.179378 220 32 32
-0.137828 -0.041750 0.179378 220 32 32
-0.141322 -0.068291 0.179378 220 32 32
-0.137828 -0.094832 0.179378 220 32 32
-0.127583 -0.119564 0.179378 220 32 32
-0.111287 -0.140802 0.179378 220 32 32
-0.090049 -0.157099 0.179378 220 32 32
-0.065316 -0.167343 0.179378 220 32 32
-0.038775 -0.170837 0.179378 220 32 32
-0.012234 -0.167343 0.179378 220 32 32
0.012498 -0.157099 0.179378 220 32 32
0.033736 -0.140802 0.179378 220 32 32
0.050032 -0.119564 0.179378 220 32 32
0.060277 -0.094832 0.179378 220 32 32
0.063771 -0.068291 0.179378 220 32 32
0.159329 -0.068291 0.139797 220 32 32
0.152579 -0.017017 0.139797 220 32 32
0.132788 0.030762 0.139797 220 32 32
0.101306 0.071790 0.139797 220 32 32
0.060277 0.103273 0.139797 220 32 32
0.012498 0.123064 0.139797 220 32 32
-0.038775 0.129814 0.139797 220 32 32
-0.090049 0.123064 0.139797 220 32 32
-0.137828 0.103273 0.139797 220 32 32
-0.178856 0.071790 0.139797 220 32 32
-0.210339 0.030762 0.139797 220 32 32
-0.230130 -0.017017 0.139797 220 32 32
-0.236880 -0.068291 0.139797 220 32 32
-0.230130 -0.119564 0.139797 220 32 32
-0.210339 -0.167343 0.139797 220 32 32
-0.178856 -0.208372 0.139797 220 32 32
-0.137828 -0.239854 0.139797 220 32 32
-0.090049 -0.259645 0.139797 220 32 32
-0.038775 -0.266395 0.139797 220 32 32
0.012498 -0.259645 0.139797 220 32 32
0.060277 -0.239854 0.139797 220 32 32
0.101306 -0.208372 0.139797 220 32 32
0.132788 -0.167343 0.139797 220 32 32
0.152579 -0.119564 0.139797 220 32 32
0.159329 -0.068291 0.139797 220 32 32
0.241387 -0.068291 0.076832 220 32 32
0.231841 0.004221 0.076832 220 32 32
0.203852 0.071790 0.076832 220 32 32
0.159329 0.129814 0.076832 220 32 32
0.101306 0.174337 0.076832 220 32 32
0.033736 0.202325 0.076832 220 32 32
-0.038775 0.211871 0.076832 220 32 32
-0.111287 0.202325 0.076832 220 32 32
-0.178856 0.174337 0.076832 220 32 32
-0.236880 0.129814 0.076832 220 32 32
-0.281403 0.071790 0.076832 220 32 32
-0.309391 0.004221 0.076832 220 32 32
-0.318938 -0.068291 0.076832 220 32 32
-0.309391 -0.140802 0.076832 220 32 32
-0.281403 -0.208372 0.076832 220 32 32
-0.236880 -0.266395 0.076832 220 32 32
-0.178856 -0.310918 0.076832 220 32 32
-0.111287 -0.338907 0.076832 220 32 32
-0.038775 -0.348453 0.076832 220 32 32
0.033736 -0.338907 0.076832 220 32 32
0.101306 -0.310918 0.076832 220 32 32
0.159329 -0.266395 0.076832 220 32 32
0.203852 -0.208372 0.076832 220 32 32
0.231841 -0.140802 0.076832 220 32 32
0.241387 -0.068291 0.076832 220 32 32
0.304352 -0.068291 -0.005226 220 32 32
0.292660 0.020517 -0.005226 220 32 32
0.258382 0.103273 -0.005226 220 32 32
0.203852 0.174337 -0.005226 220 32 32
0.132788 0.228866 -0.005226 220 32 32
0.050032 0.263145 -0.005226 220 32 32
-0.038775 0.274837 -0.005226 220 32 32
-0.127583 0.263145 -0.005226 220 32 32
-0.210339 0.228866 -0.005226 220 32 32
-0.281403 0.174337 -0.005226 220 32 32
-0.335932 0.103273 -0.005226 220 32 32
-0.370211 0.020517 -0.005226 220 32 32
-0.381903 -0.068291 -0.005226 220 32 32
-0.370211 -0.157099 -0.005226 220 32 32
-0.335932 -0.239854 -0.005226 220 32 32
-0.281403 -0.310918 -0.005226 220 32 32
-0.210339 -0.365448 -0.005226 220 32 32
-0.127583 -0.399726 -0.005226 220 32 32
-0.038775 -0.411418 -0.005226 220 32 32
0.050032 -0.399726 -0.005226 220 32 32
0.132788 -0.365448 -0.005226 220 32 32
0.203852 -0.310918 -0.005226 220 32 32
0.258382 -0.239854 -0.005226 220 32 32
0.292660 -0.157099 -0.005226 220 32 32
0.304352 -0.068291 -0.005226 220 32 32
0.343933 -0.068291 -0.100784 220 32 32
0.330893 0.030762 -0.100784 220 32 32
0.292660 0.123064 -0.100784 220 32 32
0.231841 0.202325 -0.100784 220 32 32
0.152579 0.263145 -0.100784 220 32 32
0.060277 0.301377 -0.100784 220 32 32
-0.038775 0.314418 -0.100784 220 32 32
-0.137828 0.301377 -0.100784 220 32 32
-0.230130 0.263145 -0.100784 220 32 32
-0.309391 0.202325 -0.100784 220 32 32
-0.370211 0.123064 -0.100784 220 32 32
-0.408444 0.030762 -0.100784 220 32 32
-0.421484 -0.068291 -0.100784 220 32 32
-0.408444 -0.167343 -0.100784 220 32 32
-0.370211 -0.259645 -0.100784 220 32 32
-0.309391 -0.338907 -0.100784 220 32 32
-0.230130 -0.399726 -0.100784 220 32 32
-0.137828 -0.437959 -0.100784 220 32 32
-0.038775 -0.450999 -0.100784 220 32 32
0.060277 -0.437959 -0.100784 220 32 32
0.152579 -0.399726 -0.100784 220 32 32
0.231841 -0.338907 -0.100784 220 32 32
0.292660 -0.259645 -0.100784 220 32 32
0.330893 -0.167343 -0.100784 220 32 32
0.343933 -0.068291 -0.100784 220 32 32
0.357434 -0.068291 -0.203330 220 32 32
0.343933 0.034256 -0.203330 220 32 32
0.304352 0.129814 -0.203330 220 32 32
0.241387 0.211871 -0.203330 220 32 32
0.159329 0.274837 -0.203330 220 32 32
0.063771 0.314418 -0.203330 220 32 32
-0.038775 0.327918 -0.203330 220 32 32
-0.141322 0.314418 -0.203330 220 32 32
-0.236880 0.274837 -0.203330 220 32 32
-0.318938 0.211871 -0.203330 220 32 32
-0.381903 0.129814 -0.203330 220 32 32
-0.421484 0.034256 -0.203330 220 32 32
-0.434985 -0.068291 -0.203330 220 32 32
-0.421484 -0.170837 -0.203330 220 32 32
-0.381903 -0.266395 -0.203330 220 32 32
-0.318938 -0.348453 -0.203330 220 32 32
-0.236880 -0.411418 -0.203330 220 32 32
-0.141322 -0.450999 -0.203330 220 32 32
-0.038775 -0.464500 -0.203330 220 32 32
0.063771 -0.450999 -0.203330 220 32 32
0.159329 -0.411418 -0.203330 220 32 32
0.241387 -0.348453 -0.203330 220 32 32
0.304352 -0.266395 -0.203330 220 32 32
0.343933 -0.170837 -0.203330 220 32 32
0.357434 -0.068291 -0.203330 220 32 32
0.343933 -0.068291 -0.305877 220 32 32
0.330893 0.030762 -0.305877 220 32 32
0.292660 0.123064 -0.305877 220 32 32
0.231841 0.202325 -0.305877 220 32 32
0.152579 0.263145 -0.305877 220 32 32
0.060277 0.301377 -0.305877 220 32 32
-0.038775 0.314418 -0.305877 220 32 32
-0.137828 0.301377 -0.305877 220 32 32
-0.230130 0.263145 -0.305877 220 32 32
-0.309391 0.202325 -0.305877 220 32 32
-0.370211 0.123064 -0.305877 220 32 32
-0.408444 0.030762 -0.305877 220 32 32
-0.421484 -0.068291 -0.305877 220 32 32
-0.408444 -0.167343 -0.305877 220 32 32
-0.370211 -0.259645 -0.305877 220 32 32
-0.309391 -0.338907 -0.305877 220 32 32
-0.230130 -0.399726 -0.305877 220 32 32
-0.137828 -0.437959 -0.305877 220 32 32
-0.038775 -0.450999 -0.305877 220 32 32
0.060277 -0.437959 -0.305877 220 32 32
0.152579 -0.399726 -0.305877 220 32 32
0.231841 -0.338907 -0.305877 220 32 32
0.292660 -0.259645 -0.305877 220 32 32
0.330893 -0.167343 -0.305877 220 32 32
0.343933 -0.068291 -0.305877 220 32 32
0.304352 -0.068291 -0.401435 220 32 32
0.292660 0.020517 -0.401435 220 32 32
0.258382 0.103273 -0.401435 220 32 32
0.203852 0.174337 -0.401435 220 32 32
0.132788 0.228866 -0.401435 220 32 32
0.050032 0.263145 -0.401435 220 32 32
-0.038775 0.274837 -0.401435 220 32 32
-0.127583 0.263145 -0.401435 220 32 32
-0.210339 0.228866 -0.401435 220 32 32
-0.281403 0.174337 -0.401435 220 32 32
-0.335932 0.103273 -0.401435 220 32 32
-0.370211 0.020517 -0.401435 220 32 32
-0.381903 -0.068291 -0.401435 220 32 32
-0.370211 -0.157099 -0.401435 220 32 32
-0.335932 -0.239854 -0.401435 220 32 32
-0.281403 -0.310918 -0.401435 220 32 32
-0.210339 -0.365448 -0.401435 220 32 32
-0.127583 -0.399726 -0.401435 220 32 32
-0.038775 -0.411418 -0.401435 220 32 32
0.050032 -0.399726 -0.401435 220 32 32
0.132788 -0.365448 -0.401435 220 32 32
0.203852 -0.310918 -0.401435 220 32 32
0.258382 -0.239854 -0.401435 220 32 32
0.292660 -0.157099 -0.401435 220 32 32
0.304352 -0.068291 -0.401435 220 32 32
0.241387 -0.068291 -0.483493 220 32 32
0.231841 0.004221 -0.483493 220 32 32
0.203852 0.071790 -0.483493 220 32 32
0.159329 0.129814 -0.483493 220 32 32
0.101306 0.174337 -0.483493 220 32 32
0.033736 0.202325 -0.483493 220 32 32
-0.038775 0.211871 -0.483493 220 32 32
-0.111287 0.202325 -0.483493 220 32 32
-0.178856 0.174337 -0.483493 220 32 32
-0.236880 0.129814 -0.483493 220 32 32
-0.281403 0.071790 -0.483493 220 32 32
-0.309391 0.004221 -0.483493 220 32 32
-0.318938 -0.068291 -0.483493 220 32 32
-0.309391 -0.140802 -0.483493 220 32 32
-0.281403 -0.208372 -0.483493 220 32 32
-0.236880 -0.266395 -0.483493 220 32 32
-0.178856 -0.310918 -0.483493 220 32 32
-0.111287 -0.338907 -0.483493 220 32 32
-0.038775 -0.348453 -0.483493 220 32 32
0.033736 -0.338907 -0.483493 220 32 32
0.101306 -0.310918 -0.483493 220 32 32
0.159329 -0.266395 -0.483493 220 32 32
0.203852 -0.208372 -0.483493 220 32 32
0.231841 -0.140802 -0.483493 220 32 32
0.241387 -0.068291 -0.483493 220 32 32
0.159329 -0.068291 -0.546458 220 32 32
0.152579 -0.017017 -0.546458 220 32 32
0.132788 0.030762 -0.546458 220 32 32
0.101306 0.071790 -0.546458 220 32 32
0.060277 0.103273 -0.546458 220 32 32
0.012498 0.123064 -0.546458 220 32 32
-0.038775 0.129814 -0.546458 220 32 32
-0.090049 0.123064 -0.546458 220 32 32
-0.137828 0.103273 -0.546458 220 32 32
-0.178856 0.071790 -0.546458 220 32 32
-0.210339 0.030762 -0.546458 220 32 32
-0.230130 -0.017017 -0.546458 220 32 32
-0.236880 -0.068291 -0.546458 220 32 32
-0.230130 -0.119564 -0.546458 220 32 32
-0.210339 -0.167343 -0.546458 220 32 32
-0.178856 -0.208372 -0.546458 220 32 32
-0.137828 -0.239854 -0.546458 220 32 32
-0.090049 -0.259645 -0.546458 220 32 32
-0.038775 -0.266395 -0.546458 220 32 32
0.012498 -0.259645 -0.546458 220 32 32
0.060277 -0.239854 -0.546458 220 32 32
0.101306 -0.208372 -0.546458 220 32 32
0.132788 -0.167343 -0.546458 220 32 32
0.152579 -0.119564 -0.546458 220 32 32
0.159329 -0.068291 -0.546458 220 32 32
0.063771 -0.068291 -0.586039 220 32 32
0.060277 -0.041750 -0.586039 220 32 32
0.050032 -0.017017 -0.586039 220 32 32
0.033736 0.004221 -0.586039 220 32 32
0.012498 0.020517 -0.586039 220 32 32
-0.012234 0.030762 -0.586039 220 32 32
-0.038775 0.034256 -0.586039 220 32 32
-0.065316 0.030762 -0.586039 220 32 32
-0.090049 0.020517 -0.586039 220 32 32
-0.111287 0.004221 -0.586039 220 32 32
-0.127583 -0.017017 -0.586039 220 32 32
-0.137828 -0.041750 -0.586039 220 32 32
-0.141322 -0.068291 -0.586039 220 32 32
-0.137828 -0.094832 -0.586039 220 32 32
-0.127583 -0.119564 -0.586039 220 32 32
-0.111287 -0.140802 -0.586039 220 32 32
-0.090049 -0.157099 -0.586039 220 32 32
-0.065316 -0.167343 -0.586039 220 32 32
-0.038775 -0.170837 -0.586039 220 32 32
-0.012234 -0.167343 -0.586039 220 32 32
0.012498 -0.157099 -0.586039 220 32 32
0.033736 -0.140802 -0.586039 220 32 32
0.050032 -0.119564 -0.586039 220 32 32
0.060277 -0.094832 -0.586039 220 32 32
0.063771 -0.068291 -0.586039 220 32 32
-0.038775 -0.068291 -0.599539 220 32 32
-0.038775 -0.068291 -0.599539 220 32 32
-0.038775 -0.068291 -0.599539 220 32 32
-0.038775 -0.068291 -0.599539 220 32 32
-0.038775 -0.068291 -0.599539 220 32 32
-0.038775 -0.068291 -0.599539 220 32 32
-0.038775 -0.068291 -0.599539 220 32 32
-0.038775 -0.068291 -0.599539 220 32 32
-0.038775 -0.068291 -0.599539 220 32 32
-0.038775 -0.068291 -0.599539 220 32 32
-0.038775 -0.068291 -0.599539 220 32 32
-0.038775 -0.068291 -0.599539 220 32 32
-0.038775 -0.068291 -0.599539 220 32 32
-0.038775 -0.068291 -0.599539 220 32 32
-0.038775 -0.068291 -0.599539 220 32 32
-0.038775 -0.068291 -0.599539 220 32 32
-0.038775 -0.068291 -0.599539 220 32 32
-0.038775 -0.068291 -0.599539 220 32 32
-0.038775 -0.068291 -0.599539 220 32 32
-0.038775 -0.068291 -0.599539 220 32 32
-0.038775 -0.068291 -0.599539 220 32 32
-0.038775 -0.068291 -0.599539 220 32 32
-0.038775 -0.068291 -0.599539 220 32 32
-0.038775 -0.068291 -0.599539 220 32 32
-0.038775 -0.068291 -0.599539 220 32 32
0.260185 -0.134626 -1.380597 220 32 32
0.260185 -0.134626 -1.380597 220 32 32
0.260185 -0.134626 -1.380597 220 32 32
0.260185 -0.134626 -1.380597 220 32 32
0.260185 -0.134626 -1.380597 220 32 32
0.260185 -0.134626 -1.380597 220 32 32
0.260185 -0.134626 -1.380597 220 32 32
0.260185 -0.134626 -1.380597 220 32 32
0.260185 -0.134626 -1.380597 220 32 32
0.260185 -0.134626 -1.380597 220 32 32
0.260185 -0.134626 -1.380597 220 32 32
0.260185 -0.134626 -1.380597 220 32 32
0.260185 -0.134626 -1.380597 220 32 32
0.260185 -0.134626 -1.380597 220 32 32
0.260185 -0.134626 -1.380597 220 32 32
0.260185 -0.134626 -1.380597 220 32 32
0.260185 -0.134626 -1.380597 220 32 32
0.260185 -0.134626 -1.380597 220 32 32
0.260185 -0.134626 -1.380597 220 32 32
0.260185 -0.134626 -1.380597 220 32 32
0.260185 -0.134626 -1.380597 220 32 32
0.260185 -0.134626 -1.380597 220 32 32
0.260185 -0.134626 -1.380597 220 32 32
0.260185 -0.134626 -1.380597 220 32 32
0.260185 -0.134626 -1.380597 220 32 32
0.340744 -0.134626 -1.391203 220 32 32
0.337999 -0.113776 -1.391203 220 32 32
0.329951 -0.094347 -1.391203 220 32 32
0.317149 -0.077662 -1.391203 220 32 32
0.300465 -0.064860 -1.391203 220 32 32
0.281035 -0.056812 -1.391203 220 32 32
0.260185 -0.054067 -1.391203 220 32 32
0.239335 -0.056812 -1.391203 220 32 32
0.219906 -0.064860 -1.391203 220 32 32
0.203221 -0.077662 -1.391203 220 32 32
0.190419 -0.094347 -1.391203 220 32 32
0.182371 -0.113776 -1.391203 220 32 32
0.179626 -0.134626 -1.391203 220 32 32
0.182371 -0.155476 -1.391203 220 32 32
0.190419 -0.174906 -1.391203 220 32 32
0.203221 -0.191590 -1.391203 220 32 32
0.219906 -0.204392 -1.391203 220 32 32
0.239335 -0.212440 -1.391203 220 32 32
0.260185 -0.215185 -1.391203 220 32 32
0.281035 -0.212440 -1.391203 220 32 32
0.300465 -0.204392 -1.391203 220 32 32
0.317149 -0.191590 -1.391203 220 32 32
0.329951 -0.174906 -1.391203 220 32 32
0.337999 -0.155476 -1.391203 220 32 32
0.340744 -0.134626 -1.391203 220 32 32
0.415813 -0.134626 -1.422297 220 32 32
0.410510 -0.094347 -1.422297 220 32 32
0.394963 -0.056812 -1.422297 220 32 32
0.370231 -0.024580 -1.422297 220 32 32
0.337999 0.000152 -1.422297 220 32 32
0.300465 0.015699 -1.422297 220 32 32
0.260185 0.021002 -1.422297 220 32 32
0.219906 0.015699 -1.422297 220 32 32
0.182371 0.000152 -1.422297 220 32 32
0.150139 -0.024580 -1.422297 220 32 32
0.125407 -0.056812 -1.422297 220 32 32
0.109860 -0.094347 -1.422297 220 32 32
0.104557 -0.134626 -1.422297 220 32 32
0.109860 -0.174906 -1.422297 220 32 32
0.125407 -0.212440 -1.422297 220 32 32
0.150139 -0.244672 -1.422297 220 32 32
0.182371 -0.269404 -1.422297 220 32 32
0.219906 -0.284951 -1.422297 220 32 32
0.260185 -0.290254 -1.422297 220 32 32
0.300465 -0.284951 -1.422297 220 32 32
0.337999 -0.269404 -1.422297 220 32 32
0.370231 -0.244672 -1.422297 220 32 32
0.394963 -0.212440 -1.422297 220 32 32
0.410510 -0.174906 -1.422297 220 32 32
0.415813 -0.134626 -1.422297 220 32 32
0.480277 -0.134626 -1.471762 220 32 32
0.472777 -0.077662 -1.471762 220 32 32
0.450790 -0.024580 -1.471762 220 32 32
0.415813 0.021002 -1.471762 220 32 32
0.370231 0.055979 -1.471762 220 32 32
0.317149 0.077966 -1.471762 220 32 32
0.260185 0.085465 -1.471762 220 32 32
0.203221 0.077966 -1.471762 220 32 32
0.150139 0.055979 -1.471762 220 32 32
0.104557 0.021002 -1.471762 220 32 32
0.069580 -0.024580 -1.471762 220 32 32
0.047593 -0.077662 -1.471762 220 32 32
0.040094 -0.134626 -1.471762 220 32 32
0.047593 -0.191590 -1.471762 220 32 32
0.069580 -0.244672 -1.471762 220 32 32
0.104557 -0.290254 -1.471762 220 32 32
0.150139 -0.325231 -1.471762 220 32 32
0.203221 -0.347218 -1.471762 220 32 32
0.260185 -0.354718 -1.471762 220 32 32
0.317149 -0.347218 -1.471762 220 32 32
0.370231 -0.325231 -1.471762 220 32 32
0.415813 -0.290254 -1.471762 220 32 32
0.450790 -0.244672 -1.471762 220 32 32
0.472777 -0.191590 -1.471762 220 32 32
0.480277 -0.134626 -1.471762 220 32 32
0.529741 -0.134626 -1.536225 220 32 32
0.520556 -0.064860 -1.536225 220 32 32
0.493627 0.000152 -1.536225 220 32 32
0.450790 0.055979 -1.536225 220 32 32
0.394963 0.098816 -1.536225 220 32 32
0.329951 0.125745 -1.536225 220 32 32
0.260185 0.134930 -1.536225 220 32 32
0.190419 0.125745 -1.536225 220 32 32
0.125407 0.098816 -1.536225 220 32 32
0.069580 0.055979 -1.536225 220 32 32
0.026743 0.000152 -1.536225 220 32 32
-0.000186 -0.064860 -1.536225 220 32 32
-0.009371 -0.134626 -1.536225 220 32 32
-0.000186 -0.204392 -1.536225 220 32 32
0.026743 -0.269404 -1.536225 220 32 32
0.069580 -0.325231 -1.536225 220 32 32
0.125407 -0.368068 -1.536225 220 32 32
0.190419 -0.394997 -1.536225 220 32 32
0.260185 -0.404182 -1.536225 220 32 32
0.329951 -0.394997 -1.536225 220 32 32
0.394963 -0.368068 -1.536225 220 32 32
0.450790 -0.325231 -1.536225 220 32 32
0.493627 -0.269404 -1.536225 220 32 32
0.520556 -0.204392 -1.536225 220 32 32
0.529741 -0.134626 -1.536225 220 32 32
0.560836 -0.134626 -1.611294 220 32 32
0.550591 -0.056812 -1.611294 220 32 32
0.520556 0.015699 -1.611294 220 32 32
0.472777 0.077966 -1.611294 220 32 32
0.410510 0.125745 -1.611294 220 32 32
0.337999 0.155780 -1.611294 220 32 32
0.260185 0.166025 -1.611294 220 32 32
0.182371 0.155780 -1.611294 220 32 32
0.109860 0.125745 -1.611294 220 32 32
0.047593 0.077966 -1.611294 220 32 32
-0.000186 0.015699 -1.611294 220 32 32
-0.030221 -0.056812 -1.611294 220 32 32
-0.040466 -0.134626 -1.611294 220 32 32
-0.030221 -0.212440 -1.611294 220 32 32
-0.000186 -0.284951 -1.611294 220 32 32
0.047593 -0.347218 -1.611294 220 32 32
0.109860 -0.394997 -1.611294 220 32 32
0.182371 -0.425032 -1.611294 220 32 32
0.260185 -0.435277 -1.611294 220 32 32
0.337999 -0.425032 -1.611294 220 32 32
0.410510 -0.394997 -1.611294 220 32 32
0.472777 -0.347218 -1.611294 220 32 32
0.520556 -0.284951 -1.611294 220 32 32
0.550591 -0.212440 -1.611294 220 32 32
0.560836 -0.134626 -1.611294 220 32 32
0.571442 -0.134626 -1.691853 220 32 32
0.560836 -0.054067 -1.691853 220 32 32
0.529741 0.021002 -1.691853 220 32 32
0.480277 0.085465 -1.691853 220 32 32
0.415813 0.134930 -1.691853 220 32 32
0.340744 0.166025 -1.691853 220 32 32
0.260185 0.176630 -1.691853 220 32 32
0.179626 0.166025 -1.691853 220 32 32
0.104557 0.134930 -1.691853 220 32 32
0.040094 0.085465 -1.691853 220 32 32
-0.009371 0.021002 -1.691853 220 32 32
-0.040466 -0.054067 -1.691853 220 32 32
-0.051071 -0.134626 -1.691853 220 32 32
-0.040466 -0.215185 -1.691853 220 32 32
-0.009371 -0.290254 -1.691853 220 32 32
0.040094 -0.354718 -1.691853 220 32 32
0.104557 -0.404182 -1.691853 220 32 32
0.179626 -0.435277 -1.691853 220 32 32
0.260185 -0.445883 -1.691853 220 32 32
0.340744 -0.435277 -1.691853 220 32 32
0.415813 -0.404182 -1.691853 220 32 32
0.480277 -0.354718 -1.691853 220 32 32
0.529741 -0.290254 -1.691853 220 32 32
0.560836 -0.215185 -1.691853 220 32 32
0.571442 -0.134626 -1.691853 220 32 32
0.560836 -0.134626 -1.772412 220 32 32
0.550591 -0.056812 -1.772412 220 32 32
0.520556 0.015699 -1.772412 220 32 32
0.472777 0.077966 -1.772412 220 32 32
0.410510 0.125745 -1.772412 220 32 32
0.337999 0.155780 -1.772412 220 32 32
0.260185 0.166025 -1.772412 220 32 32
0.182371 0.155780 -1.772412 220 32 32
0.109860 0.125745 -1.772412 220 32 32
0.047593 0.077966 -1.772412 220 32 32
-0.000186 0.015699 -1.772412 220 32 32
-0.030221 -0.056812 -1.772412 220 32 32
-0.040466 -0.134626 -1.772412 220 32 32
-0.030221 -0.212440 -1.772412 220 32 32
-0.000186 -0.284951 -1.772412 220 32 32
0.047593 -0.347218 -1.772412 220 32 32
0.109860 -0.394997 -1.772412 220 32 32
0.182371 -0.425032 -1.772412 220 32 32
0.260185 -0.435277 -1.772412 220 32 32
0.337999 -0.425032 -1.772412 220 32 32
0.410510 -0.394997 -1.772412 220 32 32
0.472777 -0.347218 -1.772412 220 32 32
0.520556 -0.284951 -1.772412 220 32 32
0.550591 -0.212440 -1.772412 220 32 32
0.560836 -0.134626 -1.772412 220 32 32
0.529741 -0.134626 -1.847481 220 32 32
0.520556 -0.064860 -1.847481 220 32 32
0.493627 0.000152 -1.847481 220 32 32
0.450790 0.055979 -1.847481 220 32 32
0.394963 0.098816 -1.847481 220 32 32
0.329951 0.125745 -1.847481 220 32 32
0.260185 0.134930 -1.847481 220 32 32
0.190419 0.125745 -1.847481 220 32 32
0.125407 0.098816 -1.847481 220 32 32
0.069580 0.055979 -1.847481 220 32 32
0.026743 0.000152 -1.847481 220 32 32
-0.000186 -0.064860 -1.847481 220 32 32
-0.009371 -0.134626 -1.847481 220 32 32
-0.000186 -0.204392 -1.847481 220 32 32
0.026743 -0.269404 -1.847481 220 32 32
0.069580 -0.325231 -1.847481 220 32 32
0.125407 -0.368068 -1.847481 220 32 32
0.190419 -0.394997 -1.847481 220 32 32
0.260185 -0.404182 -1.847481 220 32 32
0.329951 -0.394997 -1.847481 220 32 32
0.394963 -0.368068 -1.847481 220 32 32
0.450790 -0.325231 -1.847481 220 32 32
0.493627 -0.269404 -1.847481 220 32 32
0.520556 -0.204392 -1.847481 220 32 32
0.529741 -0.134626 -1.847481 220 32 32
0.480277 -0.134626 -1.911945 220 32 32
0.472777 -0.077662 -1.911945 220 32 32
0.450790 -0.024580 -1.911945 220 32 32
0.415813 0.021002 -1.911945 220 32 32
0.370231 0.055979 -1.911945 220 32 32
0.317149 0.077966 -1.911945 220 32 32
0.260185 0.085465 -1.911945 220 32 32
0.203221 0.077966 -1.911945 220 32 32
0.150139 0.055979 -1.911945 220 32 32
0.104557 0.021002 -1.911945 220 32 32
0.069580 -0.024580 -1.911945 220 32 32
0.047593 -0.077662 -1.911945 220 32 32
0.040094 -0.134626 -1.911945 220 32 32
0.047593 -0.191590 -1.911945 220 32 32
0.069580 -0.244672 -1.911945 220 32 32
0.104557 -0.290254 -1.911945 220 32 32
0.150139 -0.325231 -1.911945 220 32 32
0.203221 -0.347218 -1.911945 220 32 32
0.260185 -0.354718 -1.911945 220 32 32
0.317149 -0.347218 -1.911945 220 32 32
0.370231 -0.325231 -1.911945 220 32 32
0.415813 -0.290254 -1.911945 220 32 32
0.450790 -0.244672 -1.911945 220 32 32
0.472777 -0.191590 -1.911945 220 32 32
0.480277 -0.134626 -1.911945 220 32 32
0.415813 -0.134626 -1.961409 220 32 32
0.410510 -0.094347 -1.961409 220 32 32
0.394963 -0.056812 -1.961409 220 32 32
0.370231 -0.024580 -1.961409 220 32 32
0.337999 0.000152 -1.961409 220 32 32
0.300465 0.015699 -1.961409 220 32 32
0.260185 0.021002 -1.961409 220 32 32
0.219906 0.015699 -1.961409 220 32 32
0.182371 0.000152 -1.961409 220 32 32
0.150139 -0.024580 -1.961409 220 32 32
0.125407 -0.056812 -1.961409 220 32 32
0.109860 -0.094347 -1.961409 220 32 32
0.104557 -0.134626 -1.961409 220 32 32
0.109860 -0.174906 -1.961409 220 32 32
0.125407 -0.212440 -1.961409 220 32 32
0.150139 -0.244672 -1.961409 220 32 32
0.182371 -0.269404 -1.961409 220 32 32
0.219906 -0.284951 -1.961409 220 32 32
0.260185 -0.290254 -1.961409 220 32 32
0.300465 -0.284951 -1.961409 220 32 32
0.337999 -0.269404 -1.961409 220 32 32
0.370231 -0.244672 -1.961409 220 32 32
0.394963 -0.212440 -1.961409 220 32 32
0.410510 -0.174906 -1.961409 220 32 32
0.415813 -0.134626 -1.961409 220 32 32
0.340744 -0.134626 -1.992504 220 32 32
0.337999 -0.113776 -1.992504 220 32 32
0.329951 -0.094347 -1.992504 220 32 32
0.317149 -0.077662 -1.992504 220 32 32
0.300465 -0.064860 -1.992504 220 32 32
0.281035 -0.056812 -1.992504 220 32 32
0.260185 -0.054067 -1.992504 220 32 32
0.239335 -0.056812 -1.992504 220 32 32
0.219906 -0.064860 -1.992504 220 32 32
0.203221 -0.077662 -1.992504 220 32 32
0.190419 -0.094347 -1.992504 220 32 32
0.182371 -0.113776 -1.992504 220 32 32
0.179626 -0.134626 -1.992504 220 32 32
0.182371 -0.155476 -1.992504 220 32 32
0.190419 -0.174906 -1.992504 220 32 32
0.203221 -0.191590 -1.992504 220 32 32
0.219906 -0.204392 -1.992504 220 32 32
0.239335 -0.212440 -1.992504 220 32 32
0.260185 -0.215185 -1.992504 220 32 32
0.281035 -0.212440 -1.992504 220 32 32
0.300465 -0.204392 -1.992504 220 32 32
0.317149 -0.191590 -1.992504 220 32 32
0.329951 -0.174906 -1.992504 220 32 32
0.337999 -0.155476 -1.992504 220 32 32
0.340744 -0.134626 -1.992504 220 32 32
0.260185 -0.134626 -2.003110 220 32 32
0.260185 -0.134626 -2.003110 220 32 32
0.260185 -0.134626 -2.003110 220 32 32
0.260185 -0.134626 -2.003110 220 32 32
0.260185 -0.134626 -2.003110 220 32 32
0.260185 -0.134626 -2.003110 220 32 32
0.260185 -0.134626 -2.003110 220 32 32
0.260185 -0.134626 -2.003110 220 32 32
0.260185 -0.134626 -2.003110 220 32 32
0.260185 -0.134626 -2.003110 220 32 32
0.260185 -0.134626 -2.003110 220 32 32
0.260185 -0.134626 -2.003110 220 32 32
0.260185 -0.134626 -2.003110 220 32 32
0.260185 -0.134626 -2.003110 220 32 32
0.260185 -0.134626 -2.003110 220 32 32
0.260185 -0.134626 -2.003110 220 32 32
0.260185 -0.134626 -2.003110 220 32 32
0.260185 -0.134626 -2.003110 220 32 32
0.260185 -0.134626 -2.003110 220 32 32
0.260185 -0.134626 -2.003110 220 32 32
0.260185 -0.134626 -2.003110 220 32 32
0.260185 -0.134626 -2.003110 220 32 32
0.260185 -0.134626 -2.003110 220 32 32
0.260185 -0.134626 -2.003110 220 32 32
0.260185 -0.134626 -2.003110 220 32 32
0.305467 0.055275 -0.769751 220 32 32
0.305467 0.055275 -0.769751 220 32 32
0.305467 0.055275 -0.769751 220 32 32
0.305467 0.055275 -0.769751 220 32 32
0.305467 0.055275 -0.769751 220 32 32
0.305467 0.055275 -0.769751 220 32 32
0.305467 0.055275 -0.769751 220 32 32
0.305467 0.055275 -0.769751 220 32 32
0.305467 0.055275 -0.769751 220 32 32
0.305467 0.055275 -0.769751 220 32 32
0.305467 0.055275 -0.769751 220 32 32
0.305467 0.055275 -0.769751 220 32 32
0.305467 0.055275 -0.769751 220 32 32
0.305467 0.055275 -0.769751 220 32 32
0.305467 0.055275 -0.769751 220 32 32
0.305467 0.055275 -0.769751 220 32 32
0.305467 0.055275 -0.769751 220 32 32
0.305467 0.055275 -0.769751 220 32 32
0.305467 0.055275 -0.769751 220 32 32
0.305467 0.055275 -0.769751 220 32 32
0.305467 0.055275 -0.769751 220 32 32
0.305467 0.055275 -0.769751 220 32 32
0.305467 0.055275 -0.769751 220 32 32
0.305467 0.055275 -0.769751 220 32 32
0.305467 0.055275 -0.769751 220 32 32
0.378060 0.055275 -0.779308 220 32 32
0.375586 0.074064 -0.779308 220 32 32
0.368334 0.091572 -0.779308 220 32 32
0.356798 0.106606 -0.779308 220 32 32
0.341763 0.118143 -0.779308 220 32 32
0.324255 0.125395 -0.779308 220 32 32
0.305467 0.127868 -0.779308 220 32 32
0.286678 0.125395 -0.779308 220 32 32
0.269170 0.118143 -0.779308 220 32 32
0.254136 0.106606 -0.779308 220 32 32
0.242600 0.091572 -0.779308 220 32 32
0.235348 0.074064 -0.779308 220 32 32
0.232874 0.055275 -0.779308 220 32 32
0.235348 0.036487 -0.779308 220 32 32
0.242600 0.018979 -0.779308 220 32 32
0.254136 0.003944 -0.779308 220 32 32
0.269170 -0.007592 -0.779308 220 32 32
0.286678 -0.014844 -0.779308 220 32 32
0.305467 -0.017318 -0.779308 220 32 32
0.324255 -0.014844 -0.779308 220 32 32
0.341763 -0.007592 -0.779308 220 32 32
0.356798 0.003944 -0.779308 220 32 32
0.368334 0.018979 -0.779308 220 32 32
0.375586 0.036487 -0.779308 220 32 32
0.378060 0.055275 -0.779308 220 32 32
0.445706 0.055275 -0.807328 220 32 32
0.440927 0.091572 -0.807328 220 32 32
0.426917 0.125395 -0.807328 220 32 32
0.404631 0.154439 -0.807328 220 32 32
0.375586 0.176726 -0.807328 220 32 32
0.341763 0.190736 -0.807328 220 32 32
0.305467 0.195514 -0.807328 220 32 32
0.269170 0.190736 -0.807328 220 32 32
0.235348 0.176726 -0.807328 220 32 32
0.206303 0.154439 -0.807328 220 32 32
0.184017 0.125395 -0.807328 220 32 32
0.170007 0.091572 -0.807328 220 32 32
0.165228 0.055275 -0.807328 220 32 32
0.170007 0.018979 -0.807328 220 32 32
0.184017 -0.014844 -0.807328 220 32 32
0.206303 -0.043888 -0.807328 220 32 32
0.235348 -0.066175 -0.807328 220 32 32
0.269170 -0.080185 -0.807328 220 32 32
0.305467 -0.084963 -0.807328 220 32 32
0.341763 -0.080185 -0.807328 220 32 32
0.375586 -0.066175 -0.807328 220 32 32
0.404631 -0.043888 -0.807328 220 32 32
0.426917 -0.014844 -0.807328 220 32 32
0.440927 0.018979 -0.807328 220 32 32
0.445706 0.055275 -0.807328 220 32 32
0.503794 0.055275 -0.851901 220 32 32
0.497036 0.106606 -0.851901 220 32 32
0.477223 0.154439 -0.851901 220 32 32
0.445706 0.195514 -0.851901 220 32 32
0.404631 0.227032 -0.851901 220 32 32
0.356798 0.246845 -0.851901 220 32 32
0.305467 0.253603 -0.851901 220 32 32
0.254136 0.246845 -0.851901 220 32 32
0.206303 0.227032 -0.851901 220 32 32
0.165228 0.195514 -0.851901 220 32 32
0.133710 0.154439 -0.851901 220 32 32
0.113897 0.106606 -0.851901 220 32 32
0.107139 0.055275 -0.851901 220 32 32
0.113897 0.003944 -0.851901 220 32 32
0.133710 -0.043888 -0.851901 220 32 32
0.165228 -0.084963 -0.851901 220 32 32
0.206303 -0.116481 -0.851901 220 32 32
0.254136 -0.136294 -0.851901 220 32 32
0.305467 -0.143052 -0.851901 220 32 32
0.356798 -0.136294 -0.851901 220 32 32
0.404631 -0.116481 -0.851901 220 32 32
0.445706 -0.084963 -0.851901 220 32 32
0.477223 -0.043888 -0.851901 220 32 32
0.497036 0.003944 -0.851901 220 32 32
0.503794 0.055275 -0.851901 220 32 32
0.548367 0.055275 -0.909990 220 32 32
0.540091 0.118143 -0.909990 220 32 32
0.515825 0.176726 -0.909990 220 32 32
0.477223 0.227032 -0.909990 220 32 32
0.426917 0.265633 -0.909990 220 32 32
0.368334 0.289899 -0.909990 220 32 32
0.305467 0.298176 -0.909990 220 32 32
0.242600 0.289899 -0.909990 220 32 32
0.184017 0.265633 -0.909990 220 32 32
0.133710 0.227032 -0.909990 220 32 32
0.095109 0.176726 -0.909990 220 32 32
0.070843 0.118143 -0.909990 220 32 32
0.062566 0.055275 -0.909990 220 32 32
0.070843 -0.007592 -0.909990 220 32 32
0.095109 -0.066175 -0.909990 220 32 32
0.133710 -0.116481 -0.909990 220 32 32
0.184017 -0.155083 -0.909990 220 32 32
0.242600 -0.179349 -0.909990 220 32 32
0.305467 -0.187625 -0.909990 220 32 32
0.368334 -0.179349 -0.909990 220 32 32
0.426917 -0.155083 -0.909990 220 32 32
0.477223 -0.116481 -0.909990 220 32 32
0.515825 -0.066175 -0.909990 220 32 32
0.540091 -0.007592 -0.909990 220 32 32
0.548367 0.055275 -0.909990 220 32 32
0.576387 0.055275 -0.977636 220 32 32
0.567156 0.125395 -0.977636 220 32 32
0.540091 0.190736 -0.977636 220 32 32
0.497036 0.246845 -0.977636 220 32 32
0.440927 0.289899 -0.977636 220 32 32
0.375586 0.316964 -0.977636 220 32 32
0.305467 0.326196 -0.977636 220 32 32
0.235348 0.316964 -0.977636 220 32 32
0.170007 0.289899 -0.977636 220 32 32
0.113897 0.246845 -0.977636 220 32 32
0.070843 0.190736 -0.977636 220 32 32
0.043778 0.125395 -0.977636 220 32 32
0.034547 0.055275 -0.977636 220 32 32
0.043778 -0.014844 -0.977636 220 32 32
0.070843 -0.080185 -0.977636 220 32 32
0.113897 -0.136294 -0.977636 220 32 32
0.170007 -0.179349 -0.977636 220 32 32
0.235348 -0.206414 -0.977636 220 32 32
0.305467 -0.215645 -0.977636 220 32 32
0.375586 -0.206414 -0.977636 220 32 32
0.440927 -0.179349 -0.977636 220 32 32
0.497036 -0.136294 -0.977636 220 32 32
0.540091 -0.080185 -0.977636 220 32 32
0.567156 -0.014844 -0.977636 220 32 32
0.576387 0.055275 -0.977636 220 32 32
0.585944 0.055275 -1.050229 220 32 32
0.576387 0.127868 -1.050229 220 32 32
0.548367 0.195514 -1.050229 220 32 32
0.503794 0.253603 -1.050229 220 32 32
0.445706 0.298176 -1.050229 220 32 32
0.378060 0.326196 -1.050229 220 32 32
0.305467 0.335753 -1.050229 220 32 32
0.232874 0.326196 -1.050229 220 32 32
0.165228 0.298176 -1.050229 220 32 32
0.107139 0.253603 -1.050229 220 32 32
0.062566 0.195514 -1.050229 220 32 32
0.034547 0.127868 -1.050229 220 32 32
0.024989 0.055275 -1.050229 220 32 32
0.034547 -0.017318 -1.050229 220 32 32
0.062566 -0.084963 -1.050229 220 32 32
0.107139 -0.143052 -1.050229 220 32 32
0.165228 -0.187625 -1.050229 220 32 32
0.232874 -0.215645 -1.050229 220 32 32
0.305467 -0.225202 -1.050229 220 32 32
0.378060 -0.215645 -1.050229 220 32 32
0.445706 -0.187625 -1.050229 220 32 32
0.503794 -0.143052 -1.050229 220 32 32
0.548367 -0.084963 -1.050229 220 32 32
0.576387 -0.017318 -1.050229 220 32 32
0.585944 0.055275 -1.050229 220 32 32
0.576387 0.055275 -1.122821 220 32 32
0.567156 0.125395 -1.122821 220 32 32
0.540091 0.190736 -1.122821 220 32 32
0.497036 0.246845 -1.122821 220 32 32
0.440927 0.289899 -1.122821 220 32 32
0.375586 0.316964 -1.122821 220 32 32
0.305467 0.326196 -1.122821 220 32 32
0.235348 0.316964 -1.122821 220 32 32
0.170007 0.289899 -1.122821 220 32 32
0.113897 0.246845 -1.122821 220 32 32
0.070843 0.190736 -1.122821 220 32 32
0.043778 0.125395 -1.122821 220 32 32
0.034547 0.055275 -1.122821 220 32 32
0.043778 -0.014844 -1.122821 220 32 32
0.070843 -0.080185 -1.122821 220 32 32
0.113897 -0.136294 -1.122821 220 32 32
0.170007 -0.179349 -1.122821 220 32 32
0.235348 -0.206414 -1.122821 220 32 32
0.305467 -0.215645 -1.122821 220 32 32
0.375586 -0.206414 -1.122821 220 32 32
0.440927 -0.179349 -1.122821 220 32 32
0.497036 -0.136294 -1.122821 220 32 32
0.540091 -0.080185 -1.122821 220 32 32
0.567156 -0.014844 -1.122821 220 32 32
0.576387 0.055275 -1.122821 220 32 32
0.548367 0.055275 -1.190467 220 32 32
0.540091 0.118143 -1.190467 220 32 32
0.515825 0.176726 -1.190467 220 32 32
0.477223 0.227032 -1.190467 220 32 32
0.426917 0.265633 -1.190467 220 32 32
0.368334 0.289899 -1.190467 220 32 32
0.305467 0.298176 -1.190467 220 32 32
0.242600 0.289899 -1.190467 220 32 32
0.184017 0.265633 -1.190467 220 32 32
0.133710 0.227032 -1.190467 220 32 32
0.095109 0.176726 -1.190467 220 32 32
0.070843 0.118143 -1.190467 220 32 32
0.062566 0.055275 -1.190467 220 32 32
0.070843 -0.007592 -1.190467 220 32 32
0.095109 -0.066175 -1.190467 220 32 32
0.133710 -0.116481 -1.190467 220 32 32
0.184017 -0.155083 -1.190467 220 32 32
0.242600 -0.179349 -1.190467 220 32 32
0.305467 -0.187625 -1.190467 220 32 32
0.368334 -0.179349 -1.190467 220 32 32
0.426917 -0.155083 -1.190467 220 32 32
0.477223 -0.116481 -1.190467 220 32 32
0.515825 -0.066175 -1.190467 220 32 32
0.540091 -0.007592 -1.190467 220 32 32
0.548367 0.055275 -1.190467 220 32 32
0.503794 0.055275 -1.248556 220 32 32
0.497036 0.106606 -1.248556 220 32 32
0.477223 0.154439 -1.248556 220 32 32
0.445706 0.195514 -1.248556 220 32 32
0.404631 0.227032 -1.248556 220 32 32
0.356798 0.246845 -1.248556 220 32 32
0.305467 0.253603 -1.248556 220 32 32
0.254136 0.246845 -1.248556 220 32 32
0.206303 0.227032 -1.248556 220 32 32
0.165228 0.195514 -1.248556 220 32 32
0.133710 0.154439 -1.248556 220 32 32
0.113897 0.106606 -1.248556 220 32 32
0.107139 0.055275 -1.248556 220 32 32
0.113897 0.003944 -1.248556 220 32 32
0.133710 -0.043888 -1.248556 220 32 32
0.165228 -0.084963 -1.248556 220 32 32
0.206303 -0.116481 -1.248556 220 32 32
0.254136 -0.136294 -1.248556 220 32 32
0.305467 -0.143052 -1.248556 220 32 32
0.356798 -0.136294 -1.248556 220 32 32
0.404631 -0.116481 -1.248556 220 32 32
0.445706 -0.084963 -1.248556 220 32 32
0.477223 -0.043888 -1.248556 220 32 32
0.497036 0.003944 -1.248556 220 32 32
0.503794 0.055275 -1.248556 220 32 32
0.445706 0.055275 -1.293129 220 32 32
0.440927 0.091572 -1.293129 220 32 32
0.426917 0.125395 -1.293129 220 32 32
0.404631 0.154439 -1.293129 220 32 32
0.375586 0.176726 -1.293129 220 32 32
0.341763 0.190736 -1.293129 220 32 32
0.305467 0.195514 -1.293129 220 32 32
0.269170 0.190736 -1.293129 220 32 32
0.235348 0.176726 -1.293129 220 32 32
0.206303 0.154439 -1.293129 220 32 32
0.184017 0.125395 -1.293129 220 32 32
0.170007 0.091572 -1.293129 220 32 32
0.165228 0.055275 -1.293129 220 32 32
0.170007 0.018979 -1.293129 220 32 32
0.184017 -0.014844 -1.293129 220 32 32
0.206303 -0.043888 -1.293129 220 32 32
0.235348 -0.066175 -1.293129 220 32 32
0.269170 -0.080185 -1.293129 220 32 32
0.305467 -0.084963 -1.293129 220 32 32
0.341763 -0.080185 -1.293129 220 32 32
0.375586 -0.066175 -1.293129 220 32 32
0.404631 -0.043888 -1.293129 220 32 32
0.426917 -0.014844 -1.293129 220 32 32
0.440927 0.018979 -1.293129 220 32 32
0.445706 0.055275 -1.293129 220 32 32
0.378060 0.055275 -1.321149 220 32 32
0.375586 0.074064 -1.321149 220 32 32
0.368334 0.091572 -1.321149 220 32 32
0.356798 0.106606 -1.321149 220 32 32
0.341763 0.118143 -1.321149 220 32 32
0.324255 0.125395 -1.321149 220 32 32
0.305467 0.127868 -1.321149 220 32 32
0.286678 0.125395 -1.321149 220 32 32
0.269170 0.118143 -1.321149 220 32 32
0.254136 0.106606 -1.321149 220 32 32
0.242600 0.091572 -1.321149 220 32 32
0.235348 0.074064 -1.321149 220 32 32
0.232874 0.055275 -1.321149 220 32 32
0.235348 0.036487 -1.321149 220 32 32
0.242600 0.018979 -1.321149 220 32 32
0.254136 0.003944 -1.321149 220 32 32
0.269170 -0.007592 -1.321149 220 32 32
0.286678 -0.014844 -1.321149 220 32 32
0.305467 -0.017318 -1.321149 220 32 32
0.324255 -0.014844 -1.321149 220 32 32
0.341763 -0.007592 -1.321149 220 32 32
0.356798 0.003944 -1.321149 220 32 32
0.368334 0.018979 -1.321149 220 32 32
0.375586 0.036487 -1.321149 220 32 32
0.378060 0.055275 -1.321149 220 32 32
0.305467 0.055275 -1.330706 220 32 32
0.305467 0.055275 -1.330706 220 32 32
0.305467 0.055275 -1.330706 220 32 32
0.305467 0.055275 -1.330706 220 32 32
0.305467 0.055275 -1.330706 220 32 32
0.305467 0.055275 -1.330706 220 32 32
0.305467 0.055275 -1.330706 220 32 32
0.305467 0.055275 -1.330706 220 32 32
0.305467 0.055275 -1.330706 220 32 32
0.305467 0.055275 -1.330706 220 32 32
0.305467 0.055275 -1.330706 220 32 32
0.305467 0.055275 -1.330706 220 32 32
0.305467 0.055275 -1.330706 220 32 32
0.305467 0.055275 -1.330706 220 32 32
0.305467 0.055275 -1.330706 220 32 32
0.305467 0.055275 -1.330706 220 32 32
0.305467 0.055275 -1.330706 220 32 32
0.305467 0.055275 -1.330706 220 32 32
0.305467 0.055275 -1.330706 220 32 32
0.305467 0.055275 -1.330706 220 32 32
0.305467 0.055275 -1.330706 220 32 32
0.305467 0.055275 -1.330706 220 32 32
0.305467 0.055275 -1.330706 220 32 32
0.305467 0.055275 -1.330706 220 32 32
0.305467 0.055275 -1.330706 220 32 32
0.002945 0.049318 -1.351550 220 32 32
0.002945 0.049318 -1.351550 220 32 32
0.002945 0.049318 -1.351550 220 32 32
0.002945 0.049318 -1.351550 220 32 32
0.002945 0.049318 -1.351550 220 32 32
0.002945 0.049318 -1.351550 220 32 32
0.002945 0.049318 -1.351550 220 32 32
0.002945 0.049318 -1.351550 220 32 32
0.002945 0.049318 -1.351550 220 32 32
0.002945 0.049318 -1.351550 220 32 32
0.002945 0.049318 -1.351550 220 32 32
0.002945 0.049318 -1.351550 220 32 32
0.002945 0.049318 -1.351550 220 32 32
0.002945 0.049318 -1.351550 220 32 32
0.002945 0.049318 -1.351550 220 32 32
0.002945 0.049318 -1.351550 220 32 32
0.002945 0.049318 -1.351550 220 32 32
0.002945 0.049318 -1.351550 220 32 32
0.002945 0.049318 -1.351550 220 32 32
0.002945 0.049318 -1.351550 220 32 32
0.002945 0.049318 -1.351550 220 32 32
0.002945 0.049318 -1.351550 220 32 32
0.002945 0.049318 -1.351550 220 32 32
0.002945 0.049318 -1.351550 220 32 32
0.002945 0.049318 -1.351550 220 32 32
0.072821 0.049318 -1.360749 220 32 32
0.070440 0.067403 -1.360749 220 32 32
0.063460 0.084256 -1.360749 220 32 32
0.052355 0.098728 -1.360749 220 32 32
0.037883 0.109833 -1.360749 220 32 32
0.021030 0.116813 -1.360749 220 32 32
0.002945 0.119194 -1.360749 220 32 32
-0.015141 0.116813 -1.360749 220 32 32
-0.031994 0.109833 -1.360749 220 32 32
-0.046466 0.098728 -1.360749 220 32 32
-0.057570 0.084256 -1.360749 220 32 32
-0.064551 0.067403 -1.360749 220 32 32
-0.066932 0.049318 -1.360749 220 32 32
-0.064551 0.031232 -1.360749 220 32 32
-0.057570 0.014379 -1.360749 220 32 32
-0.046466 -0.000093 -1.360749 220 32 32
-0.031994 -0.011197 -1.360749 220 32 32
-0.015141 -0.018178 -1.360749 220 32 32
0.002945 -0.020559 -1.360749 220 32 32
0.021030 -0.018178 -1.360749 220 32 32
0.037883 -0.011197 -1.360749 220 32 32
0.052355 -0.000093 -1.360749 220 32 32
0.063460 0.014379 -1.360749 220 32 32
0.070440 0.031232 -1.360749 220 32 32
0.072821 0.049318 -1.360749 220 32 32
0.137936 0.049318 -1.387721 220 32 32
0.133337 0.084256 -1.387721 220 32 32
0.119851 0.116813 -1.387721 220 32 32
0.098398 0.144771 -1.387721 220 32 32
0.070440 0.166224 -1.387721 220 32 32
0.037883 0.179709 -1.387721 220 32 32
0.002945 0.184309 -1.387721 220 32 32
-0.031994 0.179709 -1.387721 220 32 32
-0.064551 0.166224 -1.387721 220 32 32
-0.092509 0.144771 -1.387721 220 32 32
-0.113961 0.116813 -1.387721 220 32 32
-0.127447 0.084256 -1.387721 220 32 32
-0.132047 0.049318 -1.387721 220 32 32
-0.127447 0.014379 -1.387721 220 32 32
-0.113961 -0.018178 -1.387721 220 32 32
-0.092509 -0.046136 -1.387721 220 32 32
-0.064551 -0.067589 -1.387721 220 32 32
-0.031994 -0.081074 -1.387721 220 32 32
0.002945 -0.085674 -1.387721 220 32 32
0.037883 -0.081074 -1.387721 220 32 32
0.070440 -0.067589 -1.387721 220 32 32
0.098398 -0.046136 -1.387721 220 32 32
0.119851 -0.018178 -1.387721 220 32 32
0.133337 0.014379 -1.387721 220 32 32
0.137936 0.049318 -1.387721 220 32 32
0.193852 0.049318 -1.430626 220 32 32
0.187347 0.098728 -1.430626 220 32 32
0.168275 0.144771 -1.430626 220 32 32
0.137936 0.184309 -1.430626 220 32 32
0.098398 0.214648 -1.430626 220 32 32
0.052355 0.233720 -1.430626 220 32 32
0.002945 0.240225 -1.430626 220 32 32
-0.046466 0.233720 -1.430626 220 32 32
-0.092509 0.214648 -1.430626 220 32 32
-0.132047 0.184309 -1.430626 220 32 32
-0.162386 0.144771 -1.430626 220 32 32
-0.181457 0.098728 -1.430626 220 32 32
-0.187962 0.049318 -1.430626 220 32 32
-0.181457 -0.000093 -1.430626 220 32 32
-0.162386 -0.046136 -1.430626 220 32 32
-0.132047 -0.085674 -1.430626 220 32 32
-0.092509 -0.116013 -1.430626 220 32 32
-0.046466 -0.135084 -1.430626 220 32 32
0.002945 -0.141589 -1.430626 220 32 32
0.052355 -0.135084 -1.430626 220 32 32
0.098398 -0.116013 -1.430626 220 32 32
0.137936 -0.085674 -1.430626 220 32 32
0.168275 -0.046136 -1.430626 220 32 32
0.187347 -0.000093 -1.430626 220 32 32
0.193852 0.049318 -1.430626 220 32 32
0.236757 0.049318 -1.486542 220 32 32
0.228790 0.109833 -1.486542 220 32 32
0.205432 0.166224 -1.486542 220 32 32
0.168275 0.214648 -1.486542 220 32 32
0.119851 0.251805 -1.486542 220 32 32
0.063460 0.275163 -1.486542 220 32 32
0.002945 0.283130 -1.486542 220 32 32
-0.057570 0.275163 -1.486542 220 32 32
-0.113961 0.251805 -1.486542 220 32 32
-0.162386 0.214648 -1.486542 220 32 32
-0.199543 0.166224 -1.486542 220 32 32
-0.222901 0.109833 -1.486542 220 32 32
-0.230868 0.049318 -1.486542 220 32 32
-0.222901 -0.011197 -1.486542 220 32 32
-0.199543 -0.067589 -1.486542 220 32 32
-0.162386 -0.116013 -1.486542 220 32 32
-0.113961 -0.153170 -1.486542 220 32 32
-0.057570 -0.176528 -1.486542 220 32 32
0.002945 -0.184495 -1.486542 220 32 32
0.063460 -0.176528 -1.486542 220 32 32
0.119851 -0.153170 -1.486542 220 32 32
0.168275 -0.116013 -1.486542 220 32 32
0.205432 -0.067589 -1.486542 220 32 32
0.228790 -0.011197 -1.486542 220 32 32
0.236757 0.049318 -1.486542 220 32 32
0.263728 0.049318 -1.551656 220 32 32
0.254842 0.116813 -1.551656 220 32 32
0.228790 0.179709 -1.551656 220 32 32
0.187347 0.233720 -1.551656 220 32 32
0.133337 0.275163 -1.551656 220 32 32
0.070440 0.301215 -1.551656 220 32 32
0.002945 0.310101 -1.551656 220 32 32
-0.064551 0.301215 -1.551656 220 32 32
-0.127447 0.275163 -1.551656 220 32 32
-0.181457 0.233720 -1.551656 220 32 32
-0.222901 0.179709 -1.551656 220 32 32
-0.248953 0.116813 -1.551656 220 32 32
-0.257839 0.049318 -1.551656 220 32 32
-0.248953 -0.018178 -1.551656 220 32 32
-0.222901 -0.081074 -1.551656 220 32 32
-0.181457 -0.135084 -1.551656 220 32 32
-0.127447 -0.176528 -1.551656 220 32 32
-0.064551 -0.202580 -1.551656 220 32 32
0.002945 -0.211466 -1.551656 220 32 32
0.070440 -0.202580 -1.551656 220 32 32
0.133337 -0.176528 -1.551656 220 32 32
0.187347 -0.135084 -1.551656 220 32 32
0.228790 -0.081074 -1.551656 220 32 32
0.254842 -0.018178 -1.551656 220 32 32
0.263728 0.049318 -1.551656 220 32 32
0.272928 0.049318 -1.621533 220 32 32
0.263728 0.119194 -1.621533 220 32 32
0.236757 0.184309 -1.621533 220 32 32
0.193852 0.240225 -1.621533 220 32 32
0.137936 0.283130 -1.621533 220 32 32
0.072821 0.310101 -1.621533 220 32 32
0.002945 0.319301 -1.621533 220 32 32
-0.066932 0.310101 -1.621533 220 32 32
-0.132047 0.283130 -1.621533 220 32 32
-0.187962 0.240225 -1.621533 220 32 32
-0.230868 0.184309 -1.621533 220 32 32
-0.257839 0.119194 -1.621533 220 32 32
-0.267039 0.049318 -1.621533 220 32 32
-0.257839 -0.020559 -1.621533 220 32 32
-0.230868 -0.085674 -1.621533 220 32 32
-0.187962 -0.141589 -1.621533 220 32 32
-0.132047 -0.184495 -1.621533 220 32 32
-0.066932 -0.211466 -1.621533 220 32 32
0.002945 -0.220666 -1.621533 220 32 32
0.072821 -0.211466 -1.621533 220 32 32
0.137936 -0.184495 -1.621533 220 32 32
0.193852 -0.141589 -1.621533 220 32 32
0.236757 -0.085674 -1.621533 220 32 32
0.263728 -0.020559 -1.621533 220 32 32
0.272928 0.049318 -1.621533 220 32 32
0.263728 0.049318 -1.691410 220 32 32
0.254842 0.116813 -1.691410 220 32 32
0.228790 0.179709 -1.691410 220 32 32
0.187347 0.233720 -1.691410 220 32 32
0.133337 0.275163 -1.691410 220 32 32
0.070440 0.301215 -1.691410 220 32 32
0.002945 0.310101 -1.691410 220 32 32
-0.064551 0.301215 -1.691410 220 32 32
-0.127447 0.275163 -1.691410 220 32 32
-0.181457 0.233720 -1.691410 220 32 32
-0.222901 0.179709 -1.691410 220 32 32
-0.248953 0.116813 -1.691410 220 32 32
-0.257839 0.049318 -1.691410 220 32 32
-0.248953 -0.018178 -1.691410 220 32 32
-0.222901 -0.081074 -1.691410 220 32 32
-0.181457 -0.135084 -1.691410 220 32 32
-0.127447 -0.176528 -1.691410 220 32 32
-0.064551 -0.202580 -1.691410 220 32 32
0.002945 -0.211466 -1.691410 220 32 32
0.070440 -0.202580 -1.691410 220 32 32
0.133337 -0.176528 -1.691410 220 32 32
0.187347 -0.135084 -1.691410 220 32 32
0.228790 -0.081074 -1.691410 220 32 32
0.254842 -0.018178 -1.691410 220 32 32
0.263728 0.049318 -1.691410 220 32 32
0.236757 0.049318 -1.756525 220 32 32
0.228790 0.109833 -1.756525 220 32 32
0.205432 0.166224 -1.756525 220 32 32
0.168275 0.214648 -1.756525 220 32 32
0.119851 0.251805 -1.756525 220 32 32
0.063460 0.275163 -1.756525 220 32 32
0.002945 0.283130 -1.756525 220 32 32
-0.057570 0.275163 -1.756525 220 32 32
-0.113961 0.251805 -1.756525 220 32 32
-0.162386 0.214648 -1.756525 220 32 32
-0.199543 0.166224 -1.756525 220 32 32
-0.222901 0.109833 -1.756525 220 32 32
-0.230868 0.049318 -1.756525 220 32 32
-0.222901 -0.011197 -1.756525 220 32 32
-0.199543 -0.067589 -1.756525 220 32 32
-0.162386 -0.116013 -1.756525 220 32 32
-0.113961 -0.153170 -1.756525 220 32 32
-0.057570 -0.176528 -1.756525 220 32 32
0.002945 -0.184495 -1.756525 220 32 32
0.063460 -0.176528 -1.756525 220 32 32
0.119851 -0.153170 -1.756525 220 32 32
0.168275 -0.116013 -1.756525 220 32 32
0.205432 -0.067589 -1.756525 220 32 32
0.228790 -0.011197 -1.756525 220 32 32
0.236757 0.049318 -1.756525 220 32 32
0.193852 0.049318 -1.812440 220 32 32
0.187347 0.098728 -1.812440 220 32 32
0.168275 0.144771 -1.812440 220 32 32
0.137936 0.184309 -1.812440 220 32 32
0.098398 0.214648 -1.812440 220 32 32
0.052355 0.233720 -1.812440 220 32 32
0.002945 0.240225 -1.812440 220 32 32
-0.046466 0.233720 -1.812440 220 32 32
-0.092509 0.214648 -1.812440 220 32 32
-0.132047 0.184309 -1.812440 220 32 32
-0.162386 0.144771 -1.812440 220 32 32
-0.181457 0.098728 -1.812440 220 32 32
-0.187962 0.049318 -1.812440 220 32 32
-0.181457 -0.000093 -1.812440 220 32 32
-0.162386 -0.046136 -1.812440 220 32 32
-0.132047 -0.085674 -1.812440 220 32 32
-0.092509 -0.116013 -1.812440 220 32 32
-0.046466 -0.135084 -1.812440 220 32 32
0.002945 -0.141589 -1.812440 220 32 32
0.052355 -0.135084 -1.812440 220 32 32
0.098398 -0.116013 -1.812440 220 32 32
0.137936 -0.085674 -1.812440 220 32 32
0.168275 -0.046136 -1.812440 220 32 32
0.187347 -0.000093 -1.812440 220 32 32
0.193852 0.049318 -1.812440 220 32 32
0.137936 0.049318 -1.855345 220 32 32
0.133337 0.084256 -1.855345 220 32 32
0.119851 0.116813 -1.855345 220 32 32
0.098398 0.144771 -1.855345 220 32 32
0.070440 0.166224 -1.855345 220 32 32
0.037883 0.179709 -1.855345 220 32 32
0.002945 0.184309 -1.855345 220 32 32
-0.031994 0.179709 -1.855345 220 32 32
-0.064551 0.166224 -1.855345 220 32 32
-0.092509 0.144771 -1.855345 220 32 32
-0.113961 0.116813 -1.855345 220 32 32
-0.127447 0.084256 -1.855345 220 32 32
-0.132047 0.049318 -1.855345 220 32 32
-0.127447 0.014379 -1.855345 220 32 32
-0.113961 -0.018178 -1.855345 220 32 32
-0.092509 -0.046136 -1.855345 220 32 32
-0.064551 -0.067589 -1.855345 220 32 32
-0.031994 -0.081074 -1.855345 220 32 32
0.002945 -0.085674 -1.855345 220 32 32
0.037883 -0.081074 -1.855345 220 32 32
0.070440 -0.067589 -1.855345 220 32 32
0.098398 -0.046136 -1.855345 220 32 32
0.119851 -0.018178 -1.855345 220 32 32
0.133337 0.014379 -1.855345 220 32 32
0.137936 0.049318 -1.855345 220 32 32
0.072821 0.049318 -1.882317 220 32 32
0.070440 0.067403 -1.882317 220 32 32
0.063460 0.084256 -1.882317 220 32 32
0.052355 0.098728 -1.882317 220 32 32
0.037883 0.109833 -1.882317 220 32 32
0.021030 0.116813 -1.882317 220 32 32
0.002945 0.119194 -1.882317 220 32 32
-0.015141 0.116813 -1.882317 220 32 32
-0.031994 0.109833 -1.882317 220 32 32
-0.046466 0.098728 -1.882317 220 32 32
-0.057570 0.084256 -1.882317 220 32 32
-0.064551 0.067403 -1.882317 220 32 32
-0.066932 0.049318 -1.882317 220 32 32
-0.064551 0.031232 -1.882317 220 32 32
-0.057570 0.014379 -1.882317 220 32 32
-0.046466 -0.000093 -1.882317 220 32 32
-0.031994 -0.011197 -1.882317 220 32 32
-0.015141 -0.018178 -1.882317 220 32 32
0.002945 -0.020559 -1.882317 220 32 32
0.021030 -0.018178 -1.882317 220 32 32
0.037883 -0.011197 -1.882317 220 32 32
0.052355 -0.000093 -1.882317 220 32 32
0.063460 0.014379 -1.882317 220 32 32
0.070440 0.031232 -1.882317 220 32 32
0.072821 0.049318 -1.882317 220 32 32
0.002945 0.049318 -1.891516 220 32 32
0.002945 0.049318 -1.891516 220 32 32
0.002945 0.049318 -1.891516 220 32 32
0.002945 0.049318 -1.891516 220 32 32
0.002945 0.049318 -1.891516 220 32 32
0.002945 0.049318 -1.891516 220 32 32
0.002945 0.049318 -1.891516 220 32 32
0.002945 0.049318 -1.891516 220 32 32
0.002945 0.049318 -1.891516 220 32 32
0.002945 0.049318 -1.891516 220 32 32
0.002945 0.049318 -1.891516 220 32 32
0.002945 0.049318 -1.891516 220 32 32
0.002945 0.049318 -1.891516 220 32 32
0.002945 0.049318 -1.891516 220 32 32
0.002945 0.049318 -1.891516 220 32 32
0.002945 0.049318 -1.891516 220 32 32
0.002945 0.049318 -1.891516 220 32 32
0.002945 0.049318 -1.891516 220 32 32
0.002945 0.049318 -1.891516 220 32 32
0.002945 0.049318 -1.891516 220 32 32
0.002945 0.049318 -1.891516 220 32 32
0.002945 0.049318 -1.891516 220 32 32
0.002945 0.049318 -1.891516 220 32 32
0.002945 0.049318 -1.891516 220 32 32
0.002945 0.049318 -1.891516 220 32 32
0.023638 -0.171215 -0.378808 220 32 32
0.023638 -0.171215 -0.378808 220 32 32
0.023638 -0.171215 -0.378808 220 32 32
0.023638 -0.171215 -0.378808 220 32 32
0.023638 -0.171215 -0.378808 220 32 32
0.023638 -0.171215 -0.378808 220 32 32
0.023638 -0.171215 -0.378808 220 32 32
0.023638 -0.171215 -0.378808 220 32 32
0.023638 -0.171215 -0.378808 220 32 32
0.023638 -0.171215 -0.378808 220 32 32
0.023638 -0.171215 -0.378808 220 32 32
0.023638 -0.171215 -0.378808 220 32 32
0.023638 -0.171215 -0.378808 220 32 32
0.023638 -0.171215 -0.378808 220 32 32
0.023638 -0.171215 -0.378808 220 32 32
0.023638 -0.171215 -0.378808 220 32 32
0.023638 -0.171215 -0.378808 220 32 32
0.023638 -0.171215 -0.378808 220 32 32
0.023638 -0.171215 -0.378808 220 32 32
0.023638 -0.171215 -0.378808 220 32 32
0.023638 -0.171215 -0.378808 220 32 32
0.023638 -0.171215 -0.378808 220 32 32
0.023638 -0.171215 -0.378808 220 32 32
0.023638 -0.171215 -0.378808 220 32 32
0.023638 -0.171215 -0.378808 220 32 32
0.091165 -0.171215 -0.387698 220 32 32
0.088864 -0.153738 -0.387698 220 32 32
0.082118 -0.137452 -0.387698 220 32 32
0.071387 -0.123466 -0.387698 220 32 32
0.057401 -0.112735 -0.387698 220 32 32
0.041115 -0.105989 -0.387698 220 32 32
0.023638 -0.103688 -0.387698 220 32 32
0.006160 -0.105989 -0.387698 220 32 32
-0.010126 -0.112735 -0.387698 220 32 32
-0.024111 -0.123466 -0.387698 220 32 32
-0.034843 -0.137452 -0.387698 220 32 32
-0.041589 -0.153738 -0.387698 220 32 32
-0.043890 -0.171215 -0.387698 220 32 32
-0.041589 -0.188693 -0.387698 220 32 32
-0.034843 -0.204979 -0.387698 220 32 32
-0.024111 -0.218965 -0.387698 220 32 32
-0.010126 -0.229696 -0.387698 220 32 32
0.006160 -0.236442 -0.387698 220 32 32
0.023638 -0.238743 -0.387698 220 32 32
0.041115 -0.236442 -0.387698 220 32 32
0.057401 -0.229696 -0.387698 220 32 32
0.071387 -0.218965 -0.387698 220 32 32
0.082118 -0.204979 -0.387698 220 32 32
0.088864 -0.188693 -0.387698 220 32 32
0.091165 -0.171215 -0.387698 220 32 32
0.154090 -0.171215 -0.413763 220 32 32
0.149645 -0.137452 -0.413763 220 32 32
0.136613 -0.105989 -0.413763 220 32 32
0.115882 -0.078971 -0.413763 220 32 32
0.088864 -0.058240 -0.413763 220 32 32
0.057401 -0.045208 -0.413763 220 32 32
0.023638 -0.040763 -0.413763 220 32 32
-0.010126 -0.045208 -0.413763 220 32 32
-0.041589 -0.058240 -0.413763 220 32 32
-0.068606 -0.078971 -0.413763 220 32 32
-0.089338 -0.105989 -0.413763 220 32 32
-0.102370 -0.137452 -0.413763 220 32 32
-0.106815 -0.171215 -0.413763 220 32 32
-0.102370 -0.204979 -0.413763 220 32 32
-0.089338 -0.236442 -0.413763 220 32 32
-0.068606 -0.263460 -0.413763 220 32 32
-0.041589 -0.284191 -0.413763 220 32 32
-0.010126 -0.297223 -0.413763 220 32 32
0.023638 -0.301668 -0.413763 220 32 32
0.057401 -0.297223 -0.413763 220 32 32
0.088864 -0.284191 -0.413763 220 32 32
0.115882 -0.263460 -0.413763 220 32 32
0.136613 -0.236442 -0.413763 220 32 32
0.149645 -0.204979 -0.413763 220 32 32
0.154090 -0.171215 -0.413763 220 32 32
0.208126 -0.171215 -0.455226 220 32 32
0.201840 -0.123466 -0.455226 220 32 32
0.183409 -0.078971 -0.455226 220 32 32
0.154090 -0.040763 -0.455226 220 32 32
0.115882 -0.011444 -0.455226 220 32 32
0.071387 0.006986 -0.455226 220 32 32
0.023638 0.013273 -0.455226 220 32 32
-0.024111 0.006986 -0.455226 220 32 32
-0.068606 -0.011444 -0.455226 220 32 32
-0.106815 -0.040763 -0.455226 220 32 32
-0.136134 -0.078971 -0.455226 220 32 32
-0.154564 -0.123466 -0.455226 220 32 32
-0.160851 -0.171215 -0.455226 220 32 32
-0.154564 -0.218965 -0.455226 220 32 32
-0.136134 -0.263460 -0.455226 220 32 32
-0.106815 -0.301668 -0.455226 220 32 32
-0.068606 -0.330987 -0.455226 220 32 32
-0.024111 -0.349417 -0.455226 220 32 32
0.023638 -0.355704 -0.455226 220 32 32
0.071387 -0.349417 -0.455226 220 32 32
0.115882 -0.330987 -0.455226 220 32 32
0.154090 -0.301668 -0.455226 220 32 32
0.183409 -0.263460 -0.455226 220 32 32
0.201840 -0.218965 -0.455226 220 32 32
0.208126 -0.171215 -0.455226 220 32 32
0.249589 -0.171215 -0.509261 220 32 32
0.241889 -0.112735 -0.509261 220 32 32
0.219317 -0.058240 -0.509261 220 32 32
0.183409 -0.011444 -0.509261 220 32 32
0.136613 0.024464 -0.509261 220 32 32
0.082118 0.047036 -0.509261 220 32 32
0.023638 0.054735 -0.509261 220 32 32
-0.034843 0.047036 -0.509261 220 32 32
-0.089338 0.024464 -0.509261 220 32 32
-0.136134 -0.011444 -0.509261 220 32 32
-0.172042 -0.058240 -0.509261 220 32 32
-0.194614 -0.112735 -0.509261 220 32 32
-0.202313 -0.171215 -0.509261 220 32 32
-0.194614 -0.229696 -0.509261 220 32 32
-0.172042 -0.284191 -0.509261 220 32 32
-0.136134 -0.330987 -0.509261 220 32 32
-0.089338 -0.366895 -0.509261 220 32 32
-0.034843 -0.389467 -0.509261 220 32 32
0.023638 -0.397166 -0.509261 220 32 32
0.082118 -0.389467 -0.509261 220 32 32
0.136613 -0.366895 -0.509261 220 32 32
0.183409 -0.330987 -0.509261 220 32 32
0.219317 -0.284191 -0.509261 220 32 32
0.241889 -0.229696 -0.509261 220 32 32
0.249589 -0.171215 -0.509261 220 32 32
0.275653 -0.171215 -0.572187 220 32 32
0.267066 -0.105989 -0.572187 220 32 32
0.241889 -0.045208 -0.572187 220 32 32
0.201840 0.006986 -0.572187 220 32 32
0.149645 0.047036 -0.572187 220 32 32
0.088864 0.072213 -0.572187 220 32 32
0.023638 0.080800 -0.572187 220 32 32
-0.041589 0.072213 -0.572187 220 32 32
-0.102370 0.047036 -0.572187 220 32 32
-0.154564 0.006986 -0.572187 220 32 32
-0.194614 -0.045208 -0.572187 220 32 32
-0.219791 -0.105989 -0.572187 220 32 32
-0.228378 -0.171215 -0.572187 220 32 32
-0.219791 -0.236442 -0.572187 220 32 32
-0.194614 -0.297223 -0.572187 220 32 32
-0.154564 -0.349417 -0.572187 220 32 32
-0.102370 -0.389467 -0.572187 220 32 32
-0.041589 -0.414644 -0.572187 220 32 32
0.023638 -0.423231 -0.572187 220 32 32
0.088864 -0.414644 -0.572187 220 32 32
0.149645 -0.389467 -0.572187 220 32 32
0.201840 -0.349417 -0.572187 220 32 32
0.241889 -0.297223 -0.572187 220 32 32
0.267066 -0.236442 -0.572187 220 32 32
0.275653 -0.171215 -0.572187 220 32 32
0.284543 -0.171215 -0.639714 220 32 32
0.275653 -0.103688 -0.639714 220 32 32
0.249589 -0.040763 -0.639714 220 32 32
0.208126 0.013273 -0.639714 220 32 32
0.154090 0.054735 -0.639714 220 32 32
0.091165 0.080800 -0.639714 220 32 32
0.023638 0.089690 -0.639714 220 32 32
-0.043890 0.080800 -0.639714 220 32 32
-0.106815 0.054735 -0.639714 220 32 32
-0.160851 0.013273 -0.639714 220 32 32
-0.202313 -0.040763 -0.639714 220 32 32
-0.228378 -0.103688 -0.639714 220 32 32
-0.237268 -0.171215 -0.639714 220 32 32
-0.228378 -0.238743 -0.639714 220 32 32
-0.202313 -0.301668 -0.639714 220 32 32
-0.160851 -0.355704 -0.639714 220 32 32
-0.106815 -0.397166 -0.639714 220 32 32
-0.043890 -0.423231 -0.639714 220 32 32
0.023638 -0.432121 -0.639714 220 32 32
0.091165 -0.423231 -0.639714 220 32 32
0.154090 -0.397166 -0.639714 220 32 32
0.208126 -0.355704 -0.639714 220 32 32
0.249589 -0.301668 -0.639714 220 32 32
0.275653 -0.238743 -0.639714 220 32 32
0.284543 -0.171215 -0.639714 220 32 32
0.275653 -0.171215 -0.707241 220 32 32
0.267066 -0.105989 -0.707241 220 32 32
0.241889 -0.045208 -0.707241 220 32 32
0.201840 0.006986 -0.707241 220 32 32
0.149645 0.047036 -0.707241 220 32 32
0.088864 0.072213 -0.707241 220 32 32
0.023638 0.080800 -0.707241 220 32 32
-0.041589 0.072213 -0.707241 220 32 32
-0.102370 0.047036 -0.707241 220 32 32
-0.154564 0.006986 -0.707241 220 32 32
-0.194614 -0.045208 -0.707241 220 32 32
-0.219791 -0.105989 -0.707241 220 32 32
-0.228378 -0.171215 -0.707241 220 32 32
-0.219791 -0.236442 -0.707241 220 32 32
-0.194614 -0.297223 -0.707241 220 32 32
-0.154564 -0.349417 -0.707241 220 32 32
-0.102370 -0.389467 -0.707241 220 32 32
-0.041589 -0.414644 -0.707241 220 32 32
0.023638 -0.423231 -0.707241 220 32 32
0.088864 -0.414644 -0.707241 220 32 32
0.149645 -0.389467 -0.707241 220 32 32
0.201840 -0.349417 -0.707241 220 32 32
0.241889 -0.297223 -0.707241 220 32 32
0.267066 -0.236442 -0.707241 220 32 32
0.275653 -0.171215 -0.707241 220 32 32
0.249589 -0.171215 -0.770167 220 32 32
0.241889 -0.112735 -0.770167 220 32 32
0.219317 -0.058240 -0.770167 220 32 32
0.183409 -0.011444 -0.770167 220 32 32
0.136613 0.024464 -0.770167 220 32 32
0.082118 0.047036 -0.770167 220 32 32
0.023638 0.054735 -0.770167 220 32 32
-0.034843 0.047036 -0.770167 220 32 32
-0.089338 0.024464 -0.770167 220 32 32
-0.136134 -0.011444 -0.770167 220 32 32
-0.172042 -0.058240 -0.770167 220 32 32
-0.194614 -0.112735 -0.770167 220 32 32
-0.202313 -0.171215 -0.770167 220 32 32
-0.194614 -0.229696 -0.770167 220 32 32
-0.172042 -0.284191 -0.770167 220 32 32
-0.136134 -0.330987 -0.770167 220 32 32
-0.089338 -0.366895 -0.770167 220 32 32
-0.034843 -0.389467 -0.770167 220 32 32
0.023638 -0.397166 -0.770167 220 32 32
0.082118 -0.389467 -0.770167 220 32 32
0.136613 -0.366895 -0.770167 220 32 32
0.183409 -0.330987 -0.770167 220 32 32
0.219317 -0.284191 -0.770167 220 32 32
0.241889 -0.229696 -0.770167 220 32 32
0.249589 -0.171215 -0.770167 220 32 32
0.208126 -0.171215 -0.824202 220 32 32
0.201840 -0.123466 -0.824202 220 32 32
0.183409 -0.078971 -0.824202 220 32 32
0.154090 -0.040763 -0.824202 220 32 32
0.115882 -0.011444 -0.824202 220 32 32
0.071387 0.006986 -0.824202 220 32 32
0.023638 0.013273 -0.824202 220 32 32
-0.024111 0.006986 -0.824202 220 32 32
-0.068606 -0.011444 -0.824202 220 32 32
-0.106815 -0.040763 -0.824202 220 32 32
-0.136134 -0.078971 -0.824202 220 32 32
-0.154564 -0.123466 -0.824202 220 32 32
-0.160851 -0.171215 -0.824202 220 32 32
-0.154564 -0.218965 -0.824202 220 32 32
-0.136134 -0.263460 -0.824202 220 32 32
-0.106815 -0.301668 -0.824202 220 32 32
-0.068606 -0.330987 -0.824202 220 32 32
-0.024111 -0.349417 -0.824202 220 32 32
0.023638 -0.355704 -0.824202 220 32 32
0.071387 -0.349417 -0.824202 220 32 32
0.115882 -0.330987 -0.824202 220 32 32
0.154090 -0.301668 -0.824202 220 32 32
0.183409 -0.263460 -0.824202 220 32 32
0.201840 -0.218965 -0.824202 220 32 32
0.208126 -0.171215 -0.824202 220 32 32
0.154090 -0.171215 -0.865665 220 32 32
0.149645 -0.137452 -0.865665 220 32 32
0.136613 -0.105989 -0.865665 220 32 32
0.115882 -0.078971 -0.865665 220 32 32
0.088864 -0.058240 -0.865665 220 32 32
0.057401 -0.045208 -0.865665 220 32 32
0.023638 -0.040763 -0.865665 220 32 32
-0.010126 -0.045208 -0.865665 220 32 32
-0.041589 -0.058240 -0.865665 220 32 32
-0.068606 -0.078971 -0.865665 220 32 32
-0.089338 -0.105989 -0.865665 220 32 32
-0.102370 -0.137452 -0.865665 220 32 32
-0.106815 -0.171215 -0.865665 220 32 32
-0.102370 -0.204979 -0.865665 220 32 32
-0.089338 -0.236442 -0.865665 220 32 32
-0.068606 -0.263460 -0.865665 220 32 32
-0.041589 -0.284191 -0.865665 220 32 32
-0.010126 -0.297223 -0.865665 220 32 32
0.023638 -0.301668 -0.865665 220 32 32
0.057401 -0.297223 -0.865665 220 32 32
0.088864 -0.284191 -0.865665 220 32 32
0.115882 -0.263460 -0.865665 220 32 32
0.136613 -0.236442 -0.865665 220 32 32
0.149645 -0.204979 -0.865665 220 32 32
0.154090 -0.171215 -0.865665 220 32 32
0.091165 -0.171215 -0.891729 220 32 32
0.088864 -0.153738 -0.891729 220 32 32
0.082118 -0.137452 -0.891729 220 32 32
0.071387 -0.123466 -0.891729 220 32 32
0.057401 -0.112735 -0.891729 220 32 32
0.041115 -0.105989 -0.891729 220 32 32
0.023638 -0.103688 -0.891729 220 32 32
0.006160 -0.105989 -0.891729 220 32 32
-0.010126 -0.112735 -0.891729 220 32 32
-0.024111 -0.123466 -0.891729 220 32 32
-0.034843 -0.137452 -0.891729 220 32 32
-0.041589 -0.153738 -0.891729 220 32 32
-0.043890 -0.171215 -0.891729 220 32 32
-0.041589 -0.188693 -0.891729 220 32 32
-0.034843 -0.204979 -0.891729 220 32 32
-0.024111 -0.218965 -0.891729 220 32 32
-0.010126 -0.229696 -0.891729 220 32 32
0.006160 -0.236442 -0.891729 220 32 32
0.023638 -0.238743 -0.891729 220 32 32
0.041115 -0.236442 -0.891729 220 32 32
0.057401 -0.229696 -0.891729 220 32 32
0.071387 -0.218965 -0.891729 220 32 32
0.082118 -0.204979 -0.891729 220 32 32
0.088864 -0.188693 -0.891729 220 32 32
0.091165 -0.171215 -0.891729 220 32 32
0.023638 -0.171215 -0.900620 220 32 32
0.023638 -0.171215 -0.900620 220 32 32
0.023638 -0.171215 -0.900620 220 32 32
0.023638 -0.171215 -0.900620 220 32 32
0.023638 -0.171215 -0.900620 220 32 32
0.023638 -0.171215 -0.900620 220 32 32
0.023638 -0.171215 -0.900620 220 32 32
0.023638 -0.171215 -0.900620 220 32 32
0.023638 -0.171215 -0.900620 220 32 32
0.023638 -0.171215 -0.900620 220 32 32
0.023638 -0.171215 -0.900620 220 32 32
0.023638 -0.171215 -0.900620 220 32 32
0.023638 -0.171215 -0.900620 220 32 32
0.023638 -0.171215 -0.900620 220 32 32
0.023638 -0.171215 -0.900620 220 32 32
0.023638 -0.171215 -0.900620 220 32 32
0.023638 -0.171215 -0.900620 220 32 32
0.023638 -0.171215 -0.900620 220 32 32
0.023638 -0.171215 -0.900620 220 32 32
0.023638 -0.171215 -0.900620 220 32 32
0.023638 -0.171215 -0.900620 220 32 32
0.023638 -0.171215 -0.900620 220 32 32
0.023638 -0.171215 -0.900620 220 32 32
0.023638 -0.171215 -0.900620 220 32 32
0.023638 -0.171215 -0.900620 220 32 32
-0.122387 -0.287930 -0.390327 220 32 32
-0.122387 -0.287930 -0.390327 220 32 32
-0.122387 -0.287930 -0.390327 220 32 32
-0.122387 -0.287930 -0.390327 220 32 32
-0.122387 -0.287930 -0.390327 220 32 32
-0.122387 -0.287930 -0.390327 220 32 32
-0.122387 -0.287930 -0.390327 220 32 32
-0.122387 -0.287930 -0.390327 220 32 32
-0.122387 -0.287930 -0.390327 220 32 32
-0.122387 -0.287930 -0.390327 220 32 32
-0.122387 -0.287930 -0.390327 220 32 32
-0.122387 -0.287930 -0.390327 220 32 32
-0.122387 -0.287930 -0.390327 220 32 32
-0.122387 -0.287930 -0.390327 220 32 32
-0.122387 -0.287930 -0.390327 220 32 32
-0.122387 -0.287930 -0.390327 220 32 32
-0.122387 -0.287930 -0.390327 220 32 32
-0.122387 -0.287930 -0.390327 220 32 32
-0.122387 -0.287930 -0.390327 220 32 32
-0.122387 -0.287930 -0.390327 220 32 32
-0.122387 -0.287930 -0.390327 220 32 32
-0.122387 -0.287930 -0.390327 220 32 32
-0.122387 -0.287930 -0.390327 220 32 32
-0.122387 -0.287930 -0.390327 220 32 32
-0.122387 -0.287930 -0.390327 220 32 32
-0.070627 -0.287930 -0.397142 220 32 32
-0.072391 -0.274533 -0.397142 220 32 32
-0.077562 -0.262049 -0.397142 220 32 32
-0.085787 -0.251330 -0.397142 220 32 32
-0.096507 -0.243104 -0.397142 220 32 32
-0.108991 -0.237933 -0.397142 220 32 32
-0.122387 -0.236169 -0.397142 220 32 32
-0.135784 -0.237933 -0.397142 220 32 32
-0.148267 -0.243104 -0.397142 220 32 32
-0.158987 -0.251330 -0.397142 220 32 32
-0.167213 -0.262049 -0.397142 220 32 32
-0.172384 -0.274533 -0.397142 220 32 32
-0.174147 -0.287930 -0.397142 220 32 32
-0.172384 -0.301326 -0.397142 220 32 32
-0.167213 -0.313810 -0.397142 220 32 32
-0.158987 -0.324529 -0.397142 220 32 32
-0.148267 -0.332755 -0.397142 220 32 32
-0.135784 -0.337926 -0.397142 220 32 32
-0.122387 -0.339690 -0.397142 220 32 32
-0.108991 -0.337926 -0.397142 220 32 32
-0.096507 -0.332755 -0.397142 220 32 32
-0.085787 -0.324529 -0.397142 220 32 32
-0.077562 -0.313810 -0.397142 220 32 32
-0.072391 -0.301326 -0.397142 220 32 32
-0.070627 -0.287930 -0.397142 220 32 32
-0.022394 -0.287930 -0.417120 220 32 32
-0.025802 -0.262049 -0.417120 220 32 32
-0.035791 -0.237933 -0.417120 220 32 32
-0.051682 -0.217224 -0.417120 220 32 32
-0.072391 -0.201333 -0.417120 220 32 32
-0.096507 -0.191344 -0.417120 220 32 32
-0.122387 -0.187937 -0.417120 220 32 32
-0.148267 -0.191344 -0.417120 220 32 32
-0.172384 -0.201333 -0.417120 220 32 32
-0.193093 -0.217224 -0.417120 220 32 32
-0.208984 -0.237933 -0.417120 220 32 32
-0.218973 -0.262049 -0.417120 220 32 32
-0.222380 -0.287930 -0.417120 220 32 32
-0.218973 -0.313810 -0.417120 220 32 32
-0.208984 -0.337926 -0.417120 220 32 32
-0.193093 -0.358635 -0.417120 220 32 32
-0.172384 -0.374526 -0.417120 220 32 32
-0.148267 -0.384515 -0.417120 220 32 32
-0.122387 -0.387922 -0.417120 220 32 32
-0.096507 -0.384515 -0.417120 220 32 32
-0.072391 -0.374526 -0.417120 220 32 32
-0.051682 -0.358635 -0.417120 220 32 32
-0.035791 -0.337926 -0.417120 220 32 32
-0.025802 -0.313810 -0.417120 220 32 32
-0.022394 -0.287930 -0.417120 220 32 32
0.019024 -0.287930 -0.448902 220 32 32
0.014205 -0.251330 -0.448902 220 32 32
0.000078 -0.217224 -0.448902 220 32 32
-0.022394 -0.187937 -0.448902 220 32 32
-0.051682 -0.165464 -0.448902 220 32 32
-0.085787 -0.151337 -0.448902 220 32 32
-0.122387 -0.146518 -0.448902 220 32 32
-0.158987 -0.151337 -0.448902 220 32 32
-0.193093 -0.165464 -0.448902 220 32 32
-0.222380 -0.187937 -0.448902 220 32 32
-0.244853 -0.217224 -0.448902 220 32 32
-0.258980 -0.251330 -0.448902 220 32 32
-0.263798 -0.287930 -0.448902 220 32 32
-0.258980 -0.324529 -0.448902 220 32 32
-0.244853 -0.358635 -0.448902 220 32 32
-0.222380 -0.387922 -0.448902 220 32 32
-0.193093 -0.410395 -0.448902 220 32 32
-0.158987 -0.424522 -0.448902 220 32 32
-0.122387 -0.429341 -0.448902 220 32 32
-0.085787 -0.424522 -0.448902 220 32 32
-0.051682 -0.410395 -0.448902 220 32 32
-0.022394 -0.387922 -0.448902 220 32 32
0.000078 -0.358635 -0.448902 220 32 32
0.014205 -0.324529 -0.448902 220 32 32
0.019024 -0.287930 -0.448902 220 32 32
0.050805 -0.287930 -0.490320 220 32 32
0.044904 -0.243104 -0.490320 220 32 32
0.027602 -0.201333 -0.490320 220 32 32
0.000078 -0.165464 -0.490320 220 32 32
-0.035791 -0.137940 -0.490320 220 32 32
-0.077562 -0.120638 -0.490320 220 32 32
-0.122387 -0.114737 -0.490320 220 32 32
-0.167213 -0.120638 -0.490320 220 32 32
-0.208984 -0.137940 -0.490320 220 32 32
-0.244853 -0.165464 -0.490320 220 32 32
-0.272376 -0.201333 -0.490320 220 32 32
-0.289678 -0.243104 -0.490320 220 32 32
-0.295580 -0.287930 -0.490320 220 32 32
-0.289678 -0.332755 -0.490320 220 32 32
-0.272376 -0.374526 -0.490320 220 32 32
-0.244853 -0.410395 -0.490320 220 32 32
-0.208984 -0.437919 -0.490320 220 32 32
-0.167213 -0.455221 -0.490320 220 32 32
-0.122387 -0.461122 -0.490320 220 32 32
-0.077562 -0.455221 -0.490320 220 32 32
-0.035791 -0.437919 -0.490320 220 32 32
0.000078 -0.410395 -0.490320 220 32 32
0.027602 -0.374526 -0.490320 220 32 32
0.044904 -0.332755 -0.490320 220 32 32
0.050805 -0.287930 -0.490320 220 32 32
0.070784 -0.287930 -0.538553 220 32 32
0.064202 -0.237933 -0.538553 220 32 32
0.044904 -0.191344 -0.538553 220 32 32
0.014205 -0.151337 -0.538553 220 32 32
-0.025802 -0.120638 -0.538553 220 32 32
-0.072391 -0.101340 -0.538553 220 32 32
-0.122387 -0.094758 -0.538553 220 32 32
-0.172384 -0.101340 -0.538553 220 32 32
-0.218973 -0.120638 -0.538553 220 32 32
-0.258980 -0.151337 -0.538553 220 32 32
-0.289678 -0.191344 -0.538553 220 32 32
-0.308976 -0.237933 -0.538553 220 32 32
-0.315559 -0.287930 -0.538553 220 32 32
-0.308976 -0.337926 -0.538553 220 32 32
-0.289678 -0.384515 -0.538553 220 32 32
-0.258980 -0.424522 -0.538553 220 32 32
-0.218973 -0.455221 -0.538553 220 32 32
-0.172384 -0.474519 -0.538553 220 32 32
-0.122387 -0.481101 -0.538553 220 32 32
-0.072391 -0.474519 -0.538553 220 32 32
-0.025802 -0.455221 -0.538553 220 32 32
0.014205 -0.424522 -0.538553 220 32 32
0.044904 -0.384515 -0.538553 220 32 32
0.064202 -0.337926 -0.538553 220 32 32
0.070784 -0.287930 -0.538553 220 32 32
0.077598 -0.287930 -0.590313 220 32 32
0.070784 -0.236169 -0.590313 220 32 32
0.050805 -0.187937 -0.590313 220 32 32
0.019024 -0.146518 -0.590313 220 32 32
-0.022394 -0.114737 -0.590313 220 32 32
-0.070627 -0.094758 -0.590313 220 32 32
-0.122387 -0.087944 -0.590313 220 32 32
-0.174147 -0.094758 -0.590313 220 32 32
-0.222380 -0.114737 -0.590313 220 32 32
-0.263798 -0.146518 -0.590313 220 32 32
-0.295580 -0.187937 -0.590313 220 32 32
-0.315559 -0.236169 -0.590313 220 32 32
-0.322373 -0.287930 -0.590313 220 32 32
-0.315559 -0.339690 -0.590313 220 32 32
-0.295580 -0.387922 -0.590313 220 32 32
-0.263798 -0.429341 -0.590313 220 32 32
-0.222380 -0.461122 -0.590313 220 32 32
-0.174147 -0.481101 -0.590313 220 32 32
-0.122387 -0.487915 -0.590313 220 32 32
-0.070627 -0.481101 -0.590313 220 32 32
-0.022394 -0.461122 -0.590313 220 32 32
0.019024 -0.429341 -0.590313 220 32 32
0.050805 -0.387922 -0.590313 220 32 32
0.070784 -0.339690 -0.590313 220 32 32
0.077598 -0.287930 -0.590313 220 32 32
0.070784 -0.287930 -0.642073 220 32 32
0.064202 -0.237933 -0.642073 220 32 32
0.044904 -0.191344 -0.642073 220 32 32
0.014205 -0.151337 -0.642073 220 32 32
-0.025802 -0.120638 -0.642073 220 32 32
-0.072391 -0.101340 -0.642073 220 32 32
-0.122387 -0.094758 -0.642073 220 32 32
-0.172384 -0.101340 -0.642073 220 32 32
-0.218973 -0.120638 -0.642073 220 32 32
-0.258980 -0.151337 -0.642073 220 32 32
-0.289678 -0.191344 -0.642073 220 32 32
-0.308976 -0.237933 -0.642073 220 32 32
-0.315559 -0.287930 -0.642073 220 32 32
-0.308976 -0.337926 -0.642073 220 32 32
-0.289678 -0.384515 -0.642073 220 32 32
-0.258980 -0.424522 -0.642073 220 32 32
-0.218973 -0.455221 -0.642073 220 32 32
-0.172384 -0.474519 -0.642073 220 32 32
-0.122387 -0.481101 -0.642073 220 32 32
-0.072391 -0.474519 -0.642073 220 32 32
-0.025802 -0.455221 -0.642073 220 32 32
0.014205 -0.424522 -0.642073 220 32 32
0.044904 -0.384515 -0.642073 220 32 32
0.064202 -0.337926 -0.642073 220 32 32
0.070784 -0.287930 -0.642073 220 32 32
0.050805 -0.287930 -0.690306 220 32 32
0.044904 -0.243104 -0.690306 220 32 32
0.027602 -0.201333 -0.690306 220 32 32
0.000078 -0.165464 -0.690306 220 32 32
-0.035791 -0.137940 -0.690306 220 32 32
-0.077562 -0.120638 -0.690306 220 32 32
-0.122387 -0.114737 -0.690306 220 32 32
-0.167213 -0.120638 -0.690306 220 32 32
-0.208984 -0.137940 -0.690306 220 32 32
-0.244853 -0.165464 -0.690306 220 32 32
-0.272376 -0.201333 -0.690306 220 32 32
-0.289678 -0.243104 -0.690306 220 32 32
-0.295580 -0.287930 -0.690306 220 32 32
-0.289678 -0.332755 -0.690306 220 32 32
-0.272376 -0.374526 -0.690306 220 32 32
-0.244853 -0.410395 -0.690306 220 32 32
-0.208984 -0.437919 -0.690306 220 32 32
-0.167213 -0.455221 -0.690306 220 32 32
-0.122387 -0.461122 -0.690306 220 32 32
-0.077562 -0.455221 -0.690306 220 32 32
-0.035791 -0.437919 -0.690306 220 32 32
0.000078 -0.410395 -0.690306 220 32 32
0.027602 -0.374526 -0.690306 220 32 32
0.044904 -0.332755 -0.690306 220 32 32
0.050805 -0.287930 -0.690306 220 32 32
0.019024 -0.287930 -0.731724 220 32 32
0.014205 -0.251330 -0.731724 220 32 32
0.000078 -0.217224 -0.731724 220 32 32
-0.022394 -0.187937 -0.731724 220 32 32
-0.051682 -0.165464 -0.731724 220 32 32
-0.085787 -0.151337 -0.731724 220 32 32
-0.122387 -0.146518 -0.731724 220 32 32
-0.158987 -0.151337 -0.731724 220 32 32
-0.193093 -0.165464 -0.731724 220 32 32
-0.222380 -0.187937 -0.731724 220 32 32
-0.244853 -0.217224 -0.731724 220 32 32
-0.258980 -0.251330 -0.731724 220 32 32
-0.263798 -0.287930 -0.731724 220 32 32
-0.258980 -0.324529 -0.731724 220 32 32
-0.244853 -0.358635 -0.731724 220 32 32
-0.222380 -0.387922 -0.731724 220 32 32
-0.193093 -0.410395 -0.731724 220 32 32
-0.158987 -0.424522 -0.731724 220 32 32
-0.122387 -0.429341 -0.731724 220 32 32
-0.085787 -0.424522 -0.731724 220 32 32
-0.051682 -0.410395 -0.731724 220 32 32
-0.022394 -0.387922 -0.731724 220 32 32
0.000078 -0.358635 -0.731724 220 32 32
0.014205 -0.324529 -0.731724 220 32 32
0.019024 -0.287930 -0.731724 220 32 32
-0.022394 -0.287930 -0.763505 220 32 32
-0.025802 -0.262049 -0.763505 220 32 32
-0.035791 -0.237933 -0.763505 220 32 32
-0.051682 -0.217224 -0.763505 220 32 32
-0.072391 -0.201333 -0.763505 220 32 32
-0.096507 -0.191344 -0.763505 220 32 32
-0.122387 -0.187937 -0.763505 220 32 32
-0.148267 -0.191344 -0.763505 220 32 32
-0.172384 -0.201333 -0.763505 220 32 32
-0.193093 -0.217224 -0.763505 220 32 32
-0.208984 -0.237933 -0.763505 220 32 32
-0.218973 -0.262049 -0.763505 220 32 32
-0.222380 -0.287930 -0.763505 220 32 32
-0.218973 -0.313810 -0.763505 220 32 32
-0.208984 -0.337926 -0.763505 220 32 32
-0.193093 -0.358635 -0.763505 220 32 32
-0.172384 -0.374526 -0.763505 220 32 32
-0.148267 -0.384515 -0.763505 220 32 32
-0.122387 -0.387922 -0.763505 220 32 32
-0.096507 -0.384515 -0.763505 220 32 32
-0.072391 -0.374526 -0.763505 220 32 32
-0.051682 -0.358635 -0.763505 220 32 32
-0.035791 -0.337926 -0.763505 220 32 32
-0.025802 -0.313810 -0.763505 220 32 32
-0.022394 -0.287930 -0.763505 220 32 32
-0.070627 -0.287930 -0.783484 220 32 32
-0.072391 -0.274533 -0.783484 220 32 32
-0.077562 -0.262049 -0.783484 220 32 32
-0.085787 -0.251330 -0.783484 220 32 32
-0.096507 -0.243104 -0.783484 220 32 32
-0.108991 -0.237933 -0.783484 220 32 32
-0.122387 -0.236169 -0.783484 220 32 32
-0.135784 -0.237933 -0.783484 220 32 32
-0.148267 -0.243104 -0.783484 220 32 32
-0.158987 -0.251330 -0.783484 220 32 32
-0.167213 -0.262049 -0.783484 220 32 32
-0.172384 -0.274533 -0.783484 220 32 32
-0.174147 -0.287930 -0.783484 220 32 32
-0.172384 -0.301326 -0.783484 220 32 32
-0.167213 -0.313810 -0.783484 220 32 32
-0.158987 -0.324529 -0.783484 220 32 32
-0.148267 -0.332755 -0.783484 220 32 32
-0.135784 -0.337926 -0.783484 220 32 32
-0.122387 -0.339690 -0.783484 220 32 32
-0.108991 -0.337926 -0.783484 220 32 32
-0.096507 -0.332755 -0.783484 220 32 32
-0.085787 -0.324529 -0.783484 220 32 32
-0.077562 -0.313810 -0.783484 220 32 32
-0.072391 -0.301326 -0.783484 220 32 32
-0.070627 -0.287930 -0.783484 220 32 32
-0.122387 -0.287930 -0.790298 220 32 32
-0.122387 -0.287930 -0.790298 220 32 32
-0.122387 -0.287930 -0.790298 220 32 32
-0.122387 -0.287930 -0.790298 220 32 32
-0.122387 -0.287930 -0.790298 220 32 32
-0.122387 -0.287930 -0.790298 220 32 32
-0.122387 -0.287930 -0.790298 220 32 32
-0.122387 -0.287930 -0.790298 220 32 32
-0.122387 -0.287930 -0.790298 220 32 32
-0.122387 -0.287930 -0.790298 220 32 32
-0.122387 -0.287930 -0.790298 220 32 32
-0.122387 -0.287930 -0.790298 220 32 32
-0.122387 -0.287930 -0.790298 220 32 32
-0.122387 -0.287930 -0.790298 220 32 32
-0.122387 -0.287930 -0.790298 220 32 32
-0.122387 -0.287930 -0.790298 220 32 32
-0.122387 -0.287930 -0.790298 220 32 32
-0.122387 -0.287930 -0.790298 220 32 32
-0.122387 -0.287930 -0.790298 220 32 32
-0.122387 -0.287930 -0.790298 220 32 32
-0.122387 -0.287930 -0.790298 220 32 32
-0.122387 -0.287930 -0.790298 220 32 32
-0.122387 -0.287930 -0.790298 220 32 32
-0.122387 -0.287930 -0.790298 220 32 32
-0.122387 -0.287930 -0.790298 220 32 32
0.362759 -0.238645 -1.512424 220 32 32
0.362759 -0.238645 -1.512424 220 32 32
0.362759 -0.238645 -1.512424 220 32 32
0.362759 -0.238645 -1.512424 220 32 32
0.362759 -0.238645 -1.512424 220 32 32
0.362759 -0.238645 -1.512424 220 32 32
0.362759 -0.238645 -1.512424 220 32 32
0.362759 -0.238645 -1.512424 220 32 32
0.362759 -0.238645 -1.512424 220 32 32
0.362759 -0.238645 -1.512424 220 32 32
0.362759 -0.238645 -1.512424 220 32 32
0.362759 -0.238645 -1.512424 220 32 32
0.362759 -0.238645 -1.512424 220 32 32
0.362759 -0.238645 -1.512424 220 32 32
0.362759 -0.238645 -1.512424 220 32 32
0.362759 -0.238645 -1.512424 220 32 32
0.362759 -0.238645 -1.512424 220 32 32
0.362759 -0.238645 -1.512424 220 32 32
0.362759 -0.238645 -1.512424 220 32 32
0.362759 -0.238645 -1.512424 220 32 32
0.362759 -0.238645 -1.512424 220 32 32
0.362759 -0.238645 -1.512424 220 32 32
0.362759 -0.238645 -1.512424 220 32 32
0.362759 -0.238645 -1.512424 220 32 32
0.362759 -0.238645 -1.512424 220 32 32
0.411474 -0.238645 -1.518837 220 32 32
0.409814 -0.226036 -1.518837 220 32 32
0.404947 -0.214287 -1.518837 220 32 32
0.397205 -0.204198 -1.518837 220 32 32
0.387116 -0.196457 -1.518837 220 32 32
0.375367 -0.191590 -1.518837 220 32 32
0.362759 -0.189930 -1.518837 220 32 32
0.350151 -0.191590 -1.518837 220 32 32
0.338402 -0.196457 -1.518837 220 32 32
0.328312 -0.204198 -1.518837 220 32 32
0.320571 -0.214287 -1.518837 220 32 32
0.315704 -0.226036 -1.518837 220 32 32
0.314044 -0.238645 -1.518837 220 32 32
0.315704 -0.251253 -1.518837 220 32 32
0.320571 -0.263002 -1.518837 220 32 32
0.328312 -0.273091 -1.518837 220 32 32
0.338402 -0.280833 -1.518837 220 32 32
0.350151 -0.285700 -1.518837 220 32 32
0.362759 -0.287360 -1.518837 220 32 32
0.375367 -0.285700 -1.518837 220 32 32
0.387116 -0.280833 -1.518837 220 32 32
0.397205 -0.273091 -1.518837 220 32 32
0.404947 -0.263002 -1.518837 220 32 32
0.409814 -0.251253 -1.518837 220 32 32
0.411474 -0.238645 -1.518837 220 32 32
0.456869 -0.238645 -1.537641 220 32 32
0.453662 -0.214287 -1.537641 220 32 32
0.444260 -0.191590 -1.537641 220 32 32
0.429305 -0.172099 -1.537641 220 32 32
0.409814 -0.157143 -1.537641 220 32 32
0.387116 -0.147742 -1.537641 220 32 32
0.362759 -0.144535 -1.537641 220 32 32
0.338402 -0.147742 -1.537641 220 32 32
0.315704 -0.157143 -1.537641 220 32 32
0.296213 -0.172099 -1.537641 220 32 32
0.281258 -0.191590 -1.537641 220 32 32
0.271856 -0.214287 -1.537641 220 32 32
0.268649 -0.238645 -1.537641 220 32 32
0.271856 -0.263002 -1.537641 220 32 32
0.281258 -0.285700 -1.537641 220 32 32
0.296213 -0.305190 -1.537641 220 32 32
0.315704 -0.320146 -1.537641 220 32 32
0.338402 -0.329548 -1.537641 220 32 32
0.362759 -0.332755 -1.537641 220 32 32
0.387116 -0.329548 -1.537641 220 32 32
0.409814 -0.320146 -1.537641 220 32 32
0.429305 -0.305190 -1.537641 220 32 32
0.444260 -0.285700 -1.537641 220 32 32
0.453662 -0.263002 -1.537641 220 32 32
0.456869 -0.238645 -1.537641 220 32 32
0.495850 -0.238645 -1.567552 220 32 32
0.491315 -0.204198 -1.567552 220 32 32
0.478019 -0.172099 -1.567552 220 32 32
0.456869 -0.144535 -1.567552 220 32 32
0.429305 -0.123384 -1.567552 220 32 32
0.397205 -0.110089 -1.567552 220 32 32
0.362759 -0.105554 -1.567552 220 32 32
0.328312 -0.110089 -1.567552 220 32 32
0.296213 -0.123384 -1.567552 220 32 32
0.268649 -0.144535 -1.567552 220 32 32
0.247499 -0.172099 -1.567552 220 32 32
0.234203 -0.204198 -1.567552 220 32 32
0.229668 -0.238645 -1.567552 220 32 32
0.234203 -0.273091 -1.567552 220 32 32
0.247499 -0.305190 -1.567552 220 32 32
0.268649 -0.332755 -1.567552 220 32 32
0.296213 -0.353905 -1.567552 220 32 32
0.328312 -0.367201 -1.567552 220 32 32
0.362759 -0.371736 -1.567552 220 32 32
0.397205 -0.367201 -1.567552 220 32 32
0.429305 -0.353905 -1.567552 220 32 32
0.456869 -0.332755 -1.567552 220 32 32
0.478019 -0.305190 -1.567552 220 32 32
0.491315 -0.273091 -1.567552 220 32 32
0.495850 -0.238645 -1.567552 220 32 32
0.525762 -0.238645 -1.606534 220 32 32
0.520208 -0.196457 -1.606534 220 32 32
0.503923 -0.157143 -1.606534 220 32 32
0.478019 -0.123384 -1.606534 220 32 32
0.444260 -0.097480 -1.606534 220 32 32
0.404947 -0.081196 -1.606534 220 32 32
0.362759 -0.075642 -1.606534 220 32 32
0.320571 -0.081196 -1.606534 220 32 32
0.281258 -0.097480 -1.606534 220 32 32
0.247499 -0.123384 -1.606534 220 32 32
0.221594 -0.157143 -1.606534 220 32 32
0.205310 -0.196457 -1.606534 220 32 32
0.199756 -0.238645 -1.606534 220 32 32
0.205310 -0.280833 -1.606534 220 32 32
0.221594 -0.320146 -1.606534 220 32 32
0.247499 -0.353905 -1.606534 220 32 32
0.281258 -0.379809 -1.606534 220 32 32
0.320571 -0.396093 -1.606534 220 32 32
0.362759 -0.401648 -1.606534 220 32 32
0.404947 -0.396093 -1.606534 220 32 32
0.444260 -0.379809 -1.606534 220 32 32
0.478019 -0.353905 -1.606534 220 32 32
0.503923 -0.320146 -1.606534 220 32 32
0.520208 -0.280833 -1.606534 220 32 32
0.525762 -0.238645 -1.606534 220 32 32
0.544565 -0.238645 -1.651929 220 32 32
0.538370 -0.191590 -1.651929 220 32 32
0.520208 -0.147742 -1.651929 220 32 32
0.491315 -0.110089 -1.651929 220 32 32
0.453662 -0.081196 -1.651929 220 32 32
0.409814 -0.063034 -1.651929 220 32 32
0.362759 -0.056839 -1.651929 220 32 32
0.315704 -0.063034 -1.651929 220 32 32
0.271856 -0.081196 -1.651929 220 32 32
0.234203 -0.110089 -1.651929 220 32 32
0.205310 -0.147742 -1.651929 220 32 32
0.187148 -0.191590 -1.651929 220 32 32
0.180953 -0.238645 -1.651929 220 32 32
0.187148 -0.285700 -1.651929 220 32 32
0.205310 -0.329548 -1.651929 220 32 32
0.234203 -0.367201 -1.651929 220 32 32
0.271856 -0.396093 -1.651929 220 32 32
0.315704 -0.414256 -1.651929 220 32 32
0.362759 -0.420451 -1.651929 220 32 32
0.409814 -0.414256 -1.651929 220 32 32
0.453662 -0.396093 -1.651929 220 32 32
0.491315 -0.367201 -1.651929 220 32 32
0.520208 -0.329548 -1.651929 220 32 32
0.538370 -0.285700 -1.651929 220 32 32
0.544565 -0.238645 -1.651929 220 32 32
0.550978 -0.238645 -1.700643 220 32 32
0.544565 -0.189930 -1.700643 220 32 32
0.525762 -0.144535 -1.700643 220 32 32
0.495850 -0.105554 -1.700643 220 32 32
0.456869 -0.075642 -1.700643 220 32 32
0.411474 -0.056839 -1.700643 220 32 32
0.362759 -0.050425 -1.700643 220 32 32
0.314044 -0.056839 -1.700643 220 32 32
0.268649 -0.075642 -1.700643 220 32 32
0.229668 -0.105554 -1.700643 220 32 32
0.199756 -0.144535 -1.700643 220 32 32
0.180953 -0.189930 -1.700643 220 32 32
0.174539 -0.238645 -1.700643 220 32 32
0.180953 -0.287360 -1.700643 220 32 32
0.199756 -0.332755 -1.700643 220 32 32
0.229668 -0.371736 -1.700643 220 32 32
0.268649 -0.401648 -1.700643 220 32 32
0.314044 -0.420451 -1.700643 220 32 32
0.362759 -0.426864 -1.700643 220 32 32
0.411474 -0.420451 -1.700643 220 32 32
0.456869 -0.401648 -1.700643 220 32 32
0.495850 -0.371736 -1.700643 220 32 32
0.525762 -0.332755 -1.700643 220 32 32
0.544565 -0.287360 -1.700643 220 32 32
0.550978 -0.238645 -1.700643 220 32 32
0.544565 -0.238645 -1.749358 220 32 32
0.538370 -0.191590 -1.749358 220 32 32
0.520208 -0.147742 -1.749358 220 32 32
0.491315 -0.110089 -1.749358 220 32 32
0.453662 -0.081196 -1.749358 220 32 32
0.409814 -0.063034 -1.749358 220 32 32
0.362759 -0.056839 -1.749358 220 32 32
0.315704 -0.063034 -1.749358 220 32 32
0.271856 -0.081196 -1.749358 220 32 32
0.234203 -0.110089 -1.749358 220 32 32
0.205310 -0.147742 -1.749358 220 32 32
0.187148 -0.191590 -1.749358 220 32 32
0.180953 -0.238645 -1.749358 220 32 32
0.187148 -0.285700 -1.749358 220 32 32
0.205310 -0.329548 -1.749358 220 32 32
0.234203 -0.367201 -1.749358 220 32 32
0.271856 -0.396093 -1.749358 220 32 32
0.315704 -0.414256 -1.749358 220 32 32
0.362759 -0.420451 -1.749358 220 32 32
0.409814 -0.414256 -1.749358 220 32 32
0.453662 -0.396093 -1.749358 220 32 32
0.491315 -0.367201 -1.749358 220 32 32
0.520208 -0.329548 -1.749358 220 32 32
0.538370 -0.285700 -1.749358 220 32 32
0.544565 -0.238645 -1.749358 220 32 32
0.525762 -0.238645 -1.794753 220 32 32
0.520208 -0.196457 -1.794753 220 32 32
0.503923 -0.157143 -1.794753 220 32 32
0.478019 -0.123384 -1.794753 220 32 32
0.444260 -0.097480 -1.794753 220 32 32
0.404947 -0.081196 -1.794753 220 32 32
0.362759 -0.075642 -1.794753 220 32 32
0.320571 -0.081196 -1.794753 220 32 32
0.281258 -0.097480 -1.794753 220 32 32
0.247499 -0.123384 -1.794753 220 32 32
0.221594 -0.157143 -1.794753 220 32 32
0.205310 -0.196457 -1.794753 220 32 32
0.199756 -0.238645 -1.794753 220 32 32
0.205310 -0.280833 -1.794753 220 32 32
0.221594 -0.320146 -1.794753 220 32 32
0.247499 -0.353905 -1.794753 220 32 32
0.281258 -0.379809 -1.794753 220 32 32
0.320571 -0.396093 -1.794753 220 32 32
0.362759 -0.401648 -1.794753 220 32 32
0.404947 -0.396093 -1.794753 220 32 32
0.444260 -0.379809 -1.794753 220 32 32
0.478019 -0.353905 -1.794753 220 32 32
0.503923 -0.320146 -1.794753 220 32 32
0.520208 -0.280833 -1.794753 220 32 32
0.525762 -0.238645 -1.794753 220 32 32
0.495850 -0.238645 -1.833735 220 32 32
0.491315 -0.204198 -1.833735 220 32 32
0.478019 -0.172099 -1.833735 220 32 32
0.456869 -0.144535 -1.833735 220 32 32
0.429305 -0.123384 -1.833735 220 32 32
0.397205 -0.110089 -1.833735 220 32 32
0.362759 -0.105554 -1.833735 220 32 32
0.328312 -0.110089 -1.833735 220 32 32
0.296213 -0.123384 -1.833735 220 32 32
0.268649 -0.144535 -1.833735 220 32 32
0.247499 -0.172099 -1.833735 220 32 32
0.234203 -0.204198 -1.833735 220 32 32
0.229668 -0.238645 -1.833735 220 32 32
0.234203 -0.273091 -1.833735 220 32 32
0.247499 -0.305190 -1.833735 220 32 32
0.268649 -0.332755 -1.833735 220 32 32
0.296213 -0.353905 -1.833735 220 32 32
0.328312 -0.367201 -1.833735 220 32 32
0.362759 -0.371736 -1.833735 220 32 32
0.397205 -0.367201 -1.833735 220 32 32
0.429305 -0.353905 -1.833735 220 32 32
0.456869 -0.332755 -1.833735 220 32 32
0.478019 -0.305190 -1.833735 220 32 32
0.491315 -0.273091 -1.833735 220 32 32
0.495850 -0.238645 -1.833735 220 32 32
0.456869 -0.238645 -1.863646 220 32 32
0.453662 -0.214287 -1.863646 220 32 32
0.444260 -0.191590 -1.863646 220 32 32
0.429305 -0.172099 -1.863646 220 32 32
0.409814 -0.157143 -1.863646 220 32 32
0.387116 -0.147742 -1.863646 220 32 32
0.362759 -0.144535 -1.863646 220 32 32
0.338402 -0.147742 -1.863646 220 32 32
0.315704 -0.157143 -1.863646 220 32 32
0.296213 -0.172099 -1.863646 220 32 32
0.281258 -0.191590 -1.863646 220 32 32
0.271856 -0.214287 -1.863646 220 32 32
0.268649 -0.238645 -1.863646 220 32 32
0.271856 -0.263002 -1.863646 220 32 32
0.281258 -0.285700 -1.863646 220 32 32
0.296213 -0.305190 -1.863646 220 32 32
0.315704 -0.320146 -1.863646 220 32 32
0.338402 -0.329548 -1.863646 220 32 32
0.362759 -0.332755 -1.863646 220 32 32
0.387116 -0.329548 -1.863646 220 32 32
0.409814 -0.320146 -1.863646 220 32 32
0.429305 -0.305190 -1.863646 220 32 32
0.444260 -0.285700 -1.863646 220 32 32
0.453662 -0.263002 -1.863646 220 32 32
0.456869 -0.238645 -1.863646 220 32 32
0.411474 -0.238645 -1.882449 220 32 32
0.409814 -0.226036 -1.882449 220 32 32
0.404947 -0.214287 -1.882449 220 32 32
0.397205 -0.204198 -1.882449 220 32 32
0.387116 -0.196457 -1.882449 220 32 32
0.375367 -0.191590 -1.882449 220 32 32
0.362759 -0.189930 -1.882449 220 32 32
0.350151 -0.191590 -1.882449 220 32 32
0.338402 -0.196457 -1.882449 220 32 32
0.328312 -0.204198 -1.882449 220 32 32
0.320571 -0.214287 -1.882449 220 32 32
0.315704 -0.226036 -1.882449 220 32 32
0.314044 -0.238645 -1.882449 220 32 32
0.315704 -0.251253 -1.882449 220 32 32
0.320571 -0.263002 -1.882449 220 32 32
0.328312 -0.273091 -1.882449 220 32 32
0.338402 -0.280833 -1.882449 220 32 32
0.350151 -0.285700 -1.882449 220 32 32
0.362759 -0.287360 -1.882449 220 32 32
0.375367 -0.285700 -1.882449 220 32 32
0.387116 -0.280833 -1.882449 220 32 32
0.397205 -0.273091 -1.882449 220 32 32
0.404947 -0.263002 -1.882449 220 32 32
0.409814 -0.251253 -1.882449 220 32 32
0.411474 -0.238645 -1.882449 220 32 32
0.362759 -0.238645 -1.888863 220 32 32
0.362759 -0.238645 -1.888863 220 32 32
0.362759 -0.238645 -1.888863 220 32 32
0.362759 -0.238645 -1.888863 220 32 32
0.362759 -0.238645 -1.888863 220 32 32
0.362759 -0.238645 -1.888863 220 32 32
0.362759 -0.238645 -1.888863 220 32 32
0.362759 -0.238645 -1.888863 220 32 32
0.362759 -0.238645 -1.888863 220 32 32
0.362759 -0.238645 -1.888863 220 32 32
0.362759 -0.238645 -1.888863 220 32 32
0.362759 -0.238645 -1.888863 220 32 32
0.362759 -0.238645 -1.888863 220 32 32
0.362759 -0.238645 -1.888863 220 32 32
0.362759 -0.238645 -1.888863 220 32 32
0.362759 -0.238645 -1.888863 220 32 32
0.362759 -0.238645 -1.888863 220 32 32
0.362759 -0.238645 -1.888863 220 32 32
0.362759 -0.238645 -1.888863 220 32 32
0.362759 -0.238645 -1.888863 220 32 32
0.362759 -0.238645 -1.888863 220 32 32
0.362759 -0.238645 -1.888863 220 32 32
0.362759 -0.238645 -1.888863 220 32 32
0.362759 -0.238645 -1.888863 220 32 32
0.362759 -0.238645 -1.888863 220 32 32
0.504769 -0.156449 -1.207042 220 32 32
0.504769 -0.156449 -1.207042 220 32 32
0.504769 -0.156449 -1.207042 220 32 32
0.504769 -0.156449 -1.207042 220 32 32
0.504769 -0.156449 -1.207042 220 32 32
0.504769 -0.156449 -1.207042 220 32 32
0.504769 -0.156449 -1.207042 220 32 32
0.504769 -0.156449 -1.207042 220 32 32
0.504769 -0.156449 -1.207042 220 32 32
0.504769 -0.156449 -1.207042 220 32 32
0.504769 -0.156449 -1.207042 220 32 32
0.504769 -0.156449 -1.207042 220 32 32
0.504769 -0.156449 -1.207042 220 32 32
0.504769 -0.156449 -1.207042 220 32 32
0.504769 -0.156449 -1.207042 220 32 32
0.504769 -0.156449 -1.207042 220 32 32
0.504769 -0.156449 -1.207042 220 32 32
0.504769 -0.156449 -1.207042 220 32 32
0.504769 -0.156449 -1.207042 220 32 32
0.504769 -0.156449 -1.207042 220 32 32
0.504769 -0.156449 -1.207042 220 32 32
0.504769 -0.156449 -1.207042 220 32 32
0.504769 -0.156449 -1.207042 220 32 32
0.504769 -0.156449 -1.207042 220 32 32
0.504769 -0.156449 -1.207042 220 32 32
0.553484 -0.156449 -1.213456 220 32 32
0.551824 -0.143841 -1.213456 220 32 32
0.546957 -0.132092 -1.213456 220 32 32
0.539216 -0.122003 -1.213456 220 32 32
0.529127 -0.114261 -1.213456 220 32 32
0.517378 -0.109395 -1.213456 220 32 32
0.504769 -0.107735 -1.213456 220 32 32
0.492161 -0.109395 -1.213456 220 32 32
0.480412 -0.114261 -1.213456 220 32 32
0.470323 -0.122003 -1.213456 220 32 32
0.462581 -0.132092 -1.213456 220 32 32
0.457714 -0.143841 -1.213456 220 32 32
0.456054 -0.156449 -1.213456 220 32 32
0.457714 -0.169058 -1.213456 220 32 32
0.462581 -0.180807 -1.213456 220 32 32
0.470323 -0.190896 -1.213456 220 32 32
0.480412 -0.198638 -1.213456 220 32 32
0.492161 -0.203504 -1.213456 220 32 32
0.504769 -0.205164 -1.213456 220 32 32
0.517378 -0.203504 -1.213456 220 32 32
0.529127 -0.198638 -1.213456 220 32 32
0.539216 -0.190896 -1.213456 220 32 32
0.546957 -0.180807 -1.213456 220 32 32
0.551824 -0.169058 -1.213456 220 32 32
0.553484 -0.156449 -1.213456 220 32 32
0.598879 -0.156449 -1.232259 220 32 32
0.595672 -0.132092 -1.232259 220 32 32
0.586271 -0.109395 -1.232259 220 32 32
0.571315 -0.089904 -1.232259 220 32 32
0.551824 -0.074948 -1.232259 220 32 32
0.529127 -0.065546 -1.232259 220 32 32
0.504769 -0.062340 -1.232259 220 32 32
0.480412 -0.065546 -1.232259 220 32 32
0.457714 -0.074948 -1.232259 220 32 32
0.438224 -0.089904 -1.232259 220 32 32
0.423268 -0.109395 -1.232259 220 32 32
0.413866 -0.132092 -1.232259 220 32 32
0.410660 -0.156449 -1.232259 220 32 32
0.413866 -0.180807 -1.232259 220 32 32
0.423268 -0.203504 -1.232259 220 32 32
0.438224 -0.222995 -1.232259 220 32 32
0.457714 -0.237951 -1.232259 220 32 32
0.480412 -0.247352 -1.232259 220 32 32
0.504769 -0.250559 -1.232259 220 32 32
0.529127 -0.247352 -1.232259 220 32 32
0.551824 -0.237951 -1.232259 220 32 32
0.571315 -0.222995 -1.232259 220 32 32
0.586271 -0.203504 -1.232259 220 32 32
0.595672 -0.180807 -1.232259 220 32 32
0.598879 -0.156449 -1.232259 220 32 32
0.637860 -0.156449 -1.262170 220 32 32
0.633325 -0.122003 -1.262170 220 32 32
0.620030 -0.089904 -1.262170 220 32 32
0.598879 -0.062340 -1.262170 220 32 32
0.571315 -0.041189 -1.262170 220 32 32
0.539216 -0.027893 -1.262170 220 32 32
0.504769 -0.023358 -1.262170 220 32 32
0.470323 -0.027893 -1.262170 220 32 32
0.438224 -0.041189 -1.262170 220 32 32
0.410660 -0.062340 -1.262170 220 32 32
0.389509 -0.089904 -1.262170 220 32 32
0.376213 -0.122003 -1.262170 220 32 32
0.371678 -0.156449 -1.262170 220 32 32
0.376213 -0.190896 -1.262170 220 32 32
0.389509 -0.222995 -1.262170 220 32 32
0.410660 -0.250559 -1.262170 220 32 32
0.438224 -0.271710 -1.262170 220 32 32
0.470323 -0.285006 -1.262170 220 32 32
0.504769 -0.289541 -1.262170 220 32 32
0.539216 -0.285006 -1.262170 220 32 32
0.571315 -0.271710 -1.262170 220 32 32
0.598879 -0.250559 -1.262170 220 32 32
0.620030 -0.222995 -1.262170 220 32 32
0.633325 -0.190896 -1.262170 220 32 32
0.637860 -0.156449 -1.262170 220 32 32
0.667772 -0.156449 -1.301152 220 32 32
0.662218 -0.114261 -1.301152 220 32 32
0.645934 -0.074948 -1.301152 220 32 32
0.620030 -0.041189 -1.301152 220 32 32
0.586271 -0.015285 -1.301152 220 32 32
0.546957 0.000999 -1.301152 220 32 32
0.504769 0.006553 -1.301152 220 32 32
0.462581 0.000999 -1.301152 220 32 32
0.423268 -0.015285 -1.301152 220 32 32
0.389509 -0.041189 -1.301152 220 32 32
0.363605 -0.074948 -1.301152 220 32 32
0.347321 -0.114261 -1.301152 220 32 32
0.341766 -0.156449 -1.301152 220 32 32
0.347321 -0.198638 -1.301152 220 32 32
0.363605 -0.237951 -1.301152 220 32 32
0.389509 -0.271710 -1.301152 220 32 32
0.423268 -0.297614 -1.301152 220 32 32
0.462581 -0.313898 -1.301152 220 32 32
0.504769 -0.319452 -1.301152 220 32 32
0.546957 -0.313898 -1.301152 220 32 32
0.586271 -0.297614 -1.301152 220 32 32
0.620030 -0.271710 -1.301152 220 32 32
0.645934 -0.237951 -1.301152 220 32 32
0.662218 -0.198638 -1.301152 220 32 32
0.667772 -0.156449 -1.301152 220 32 32
0.686575 -0.156449 -1.346547 220 32 32
0.680380 -0.109395 -1.346547 220 32 32
0.662218 -0.065546 -1.346547 220 32 32
0.633325 -0.027893 -1.346547 220 32 32
0.595672 0.000999 -1.346547 220 32 32
0.551824 0.019162 -1.346547 220 32 32
0.504769 0.025357 -1.346547 220 32 32
0.457714 0.019162 -1.346547 220 32 32
0.413866 0.000999 -1.346547 220 32 32
0.376213 -0.027893 -1.346547 220 32 32
0.347321 -0.065546 -1.346547 220 32 32
0.329158 -0.109395 -1.346547 220 32 32
0.322963 -0.156449 -1.346547 220 32 32
0.329158 -0.203504 -1.346547 220 32 32
0.347321 -0.247352 -1.346547 220 32 32
0.376213 -0.285006 -1.346547 220 32 32
0.413866 -0.313898 -1.346547 220 32 32
0.457714 -0.332060 -1.346547 220 32 32
0.504769 -0.338255 -1.346547 220 32 32
0.551824 -0.332060 -1.346547 220 32 32
0.595672 -0.313898 -1.346547 220 32 32
0.633325 -0.285006 -1.346547 220 32 32
0.662218 -0.247352 -1.346547 220 32 32
0.680380 -0.203504 -1.346547 220 32 32
0.686575 -0.156449 -1.346547 220 32 32
0.692989 -0.156449 -1.395262 220 32 32
0.686575 -0.107735 -1.395262 220 32 32
0.667772 -0.062340 -1.395262 220 32 32
0.637860 -0.023358 -1.395262 220 32 32
0.598879 0.006553 -1.395262 220 32 32
0.553484 0.025357 -1.395262 220 32 32
0.504769 0.031770 -1.395262 220 32 32
0.456054 0.025357 -1.395262 220 32 32
0.410660 0.006553 -1.395262 220 32 32
0.371678 -0.023358 -1.395262 220 32 32
0.341766 -0.062340 -1.395262 220 32 32
0.322963 -0.107735 -1.395262 220 32 32
0.316550 -0.156449 -1.395262 220 32 32
0.322963 -0.205164 -1.395262 220 32 32
0.341766 -0.250559 -1.395262 220 32 32
0.371678 -0.289541 -1.395262 220 32 32
0.410660 -0.319452 -1.395262 220 32 32
0.456054 -0.338255 -1.395262 220 32 32
0.504769 -0.344669 -1.395262 220 32 32
0.553484 -0.338255 -1.395262 220 32 32
0.598879 -0.319452 -1.395262 220 32 32
0.637860 -0.289541 -1.395262 220 32 32
0.667772 -0.250559 -1.395262 220 32 32
0.686575 -0.205164 -1.395262 220 32 32
0.692989 -0.156449 -1.395262 220 32 32
0.686575 -0.156449 -1.443976 220 32 32
0.680380 -0.109395 -1.443976 220 32 32
0.662218 -0.065546 -1.443976 220 32 32
0.633325 -0.027893 -1.443976 220 32 32
0.595672 0.000999 -1.443976 220 32 32
0.551824 0.019162 -1.443976 220 32 32
0.504769 0.025357 -1.443976 220 32 32
0.457714 0.019162 -1.443976 220 32 32
0.413866 0.000999 -1.443976 220 32 32
0.376213 -0.027893 -1.443976 220 32 32
0.347321 -0.065546 -1.443976 220 32 32
0.329158 -0.109395 -1.443976 220 32 32
0.322963 -0.156449 -1.443976 220 32 32
0.329158 -0.203504 -1.443976 220 32 32
0.347321 -0.247352 -1.443976 220 32 32
0.376213 -0.285006 -1.443976 220 32 32
0.413866 -0.313898 -1.443976 220 32 32
0.457714 -0.332060 -1.443976 220 32 32
0.504769 -0.338255 -1.443976 220 32 32
0.551824 -0.332060 -1.443976 220 32 32
0.595672 -0.313898 -1.443976 220 32 32
0.633325 -0.285006 -1.443976 220 32 32
0.662218 -0.247352 -1.443976 220 32 32
0.680380 -0.203504 -1.443976 220 32 32
0.686575 -0.156449 -1.443976 220 32 32
0.667772 -0.156449 -1.489371 220 32 32
0.662218 -0.114261 -1.489371 220 32 32
0.645934 -0.074948 -1.489371 220 32 32
0.620030 -0.041189 -1.489371 220 32 32
0.586271 -0.015285 -1.489371 220 32 32
0.546957 0.000999 -1.489371 220 32 32
0.504769 0.006553 -1.489371 220 32 32
0.462581 0.000999 -1.489371 220 32 32
0.423268 -0.015285 -1.489371 220 32 32
0.389509 -0.041189 -1.489371 220 32 32
0.363605 -0.074948 -1.489371 220 32 32
0.347321 -0.114261 -1.489371 220 32 32
0.341766 -0.156449 -1.489371 220 32 32
0.347321 -0.198638 -1.489371 220 32 32
0.363605 -0.237951 -1.489371 220 32 32
0.389509 -0.271710 -1.489371 220 32 32
0.423268 -0.297614 -1.489371 220 32 32
0.462581 -0.313898 -1.489371 220 32 32
0.504769 -0.319452 -1.489371 220 32 32
0.546957 -0.313898 -1.489371 220 32 32
0.586271 -0.297614 -1.489371 220 32 32
0.620030 -0.271710 -1.489371 220 32 32
0.645934 -0.237951 -1.489371 220 32 32
0.662218 -0.198638 -1.489371 220 32 32
0.667772 -0.156449 -1.489371 220 32 32
0.637860 -0.156449 -1.528353 220 32 32
0.633325 -0.122003 -1.528353 220 32 32
0.620030 -0.089904 -1.528353 220 32 32
0.598879 -0.062340 -1.528353 220 32 32
0.571315 -0.041189 -1.528353 220 32 32
0.539216 -0.027893 -1.528353 220 32 32
0.504769 -0.023358 -1.528353 220 32 32
0.470323 -0.027893 -1.528353 220 32 32
0.438224 -0.041189 -1.528353 220 32 32
0.410660 -0.062340 -1.528353 220 32 32
0.389509 -0.089904 -1.528353 220 32 32
0.376213 -0.122003 -1.528353 220 32 32
0.371678 -0.156449 -1.528353 220 32 32
0.376213 -0.190896 -1.528353 220 32 32
0.389509 -0.222995 -1.528353 220 32 32
0.410660 -0.250559 -1.528353 220 32 32
0.438224 -0.271710 -1.528353 220 32 32
0.470323 -0.285006 -1.528353 220 32 32
0.504769 -0.289541 -1.528353 220 32 32
0.539216 -0.285006 -1.528353 220 32 32
0.571315 -0.271710 -1.528353 220 32 32
0.598879 -0.250559 -1.528353 220 32 32
0.620030 -0.222995 -1.528353 220 32 32
0.633325 -0.190896 -1.528353 220 32 32
0.637860 -0.156449 -1.528353 220 32 32
0.598879 -0.156449 -1.558264 220 32 32
0.595672 -0.132092 -1.558264 220 32 32
0.586271 -0.109395 -1.558264 220 32 32
0.571315 -0.089904 -1.558264 220 32 32
0.551824 -0.074948 -1.558264 220 32 32
0.529127 -0.065546 -1.558264 220 32 32
0.504769 -0.062340 -1.558264 220 32 32
0.480412 -0.065546 -1.558264 220 32 32
0.457714 -0.074948 -1.558264 220 32 32
0.438224 -0.089904 -1.558264 220 32 32
0.423268 -0.109395 -1.558264 220 32 32
0.413866 -0.132092 -1.558264 220 32 32
0.410660 -0.156449 -1.558264 220 32 32
0.413866 -0.180807 -1.558264 220 32 32
0.423268 -0.203504 -1.558264 220 32 32
0.438224 -0.222995 -1.558264 220 32 32
0.457714 -0.237951 -1.558264 220 32 32
0.480412 -0.247352 -1.558264 220 32 32
0.504769 -0.250559 -1.558264 220 32 32
0.529127 -0.247352 -1.558264 220 32 32
0.551824 -0.237951 -1.558264 220 32 32
0.571315 -0.222995 -1.558264 220 32 32
0.586271 -0.203504 -1.558264 220 32 32
0.595672 -0.180807 -1.558264 220 32 32
0.598879 -0.156449 -1.558264 220 32 32
0.553484 -0.156449 -1.577068 220 32 32
0.551824 -0.143841 -1.577068 220 32 32
0.546957 -0.132092 -1.577068 220 32 32
0.539216 -0.122003 -1.577068 220 32 32
0.529127 -0.114261 -1.577068 220 32 32
0.517378 -0.109395 -1.577068 220 32 32
0.504769 -0.107735 -1.577068 220 32 32
0.492161 -0.109395 -1.577068 220 32 32
0.480412 -0.114261 -1.577068 220 32 32
0.470323 -0.122003 -1.577068 220 32 32
0.462581 -0.132092 -1.577068 220 32 32
0.457714 -0.143841 -1.577068 220 32 32
0.456054 -0.156449 -1.577068 220 32 32
0.457714 -0.169058 -1.577068 220 32 32
0.462581 -0.180807 -1.577068 220 32 32
0.470323 -0.190896 -1.577068 220 32 32
0.480412 -0.198638 -1.577068 220 32 32
0.492161 -0.203504 -1.577068 220 32 32
0.504769 -0.205164 -1.577068 220 32 32
0.517378 -0.203504 -1.577068 220 32 32
0.529127 -0.198638 -1.577068 220 32 32
0.539216 -0.190896 -1.577068 220 32 32
0.546957 -0.180807 -1.577068 220 32 32
0.551824 -0.169058 -1.577068 220 32 32
0.553484 -0.156449 -1.577068 220 32 32
0.504769 -0.156449 -1.583481 220 32 32
0.504769 -0.156449 -1.583481 220 32 32
0.504769 -0.156449 -1.583481 220 32 32
0.504769 -0.156449 -1.583481 220 32 32
0.504769 -0.156449 -1.583481 220 32 32
0.504769 -0.156449 -1.583481 220 32 32
0.504769 -0.156449 -1.583481 220 32 32
0.504769 -0.156449 -1.583481 220 32 32
0.504769 -0.156449 -1.583481 220 32 32
0.504769 -0.156449 -1.583481 220 32 32
0.504769 -0.156449 -1.583481 220 32 32
0.504769 -0.156449 -1.583481 220 32 32
0.504769 -0.156449 -1.583481 220 32 32
0.504769 -0.156449 -1.583481 220 32 32
0.504769 -0.156449 -1.583481 220 32 32
0.504769 -0.156449 -1.583481 220 32 32
0.504769 -0.156449 -1.583481 220 32 32
0.504769 -0.156449 -1.583481 220 32 32
0.504769 -0.156449 -1.583481 220 32 32
0.504769 -0.156449 -1.583481 220 32 32
0.504769 -0.156449 -1.583481 220 32 32
0.504769 -0.156449 -1.583481 220 32 32
0.504769 -0.156449 -1.583481 220 32 32
0.504769 -0.156449 -1.583481 220 32 32
0.504769 -0.156449 -1.583481 220 32 32
0.305952 0.276724 -1.281850 220 32 32
0.305952 0.276724 -1.281850 220 32 32
0.305952 0.276724 -1.281850 220 32 32
0.305952 0.276724 -1.281850 220 32 32
0.305952 0.276724 -1.281850 220 32 32
0.305952 0.276724 -1.281850 220 32 32
0.305952 0.276724 -1.281850 220 32 32
0.305952 0.276724 -1.281850 220 32 32
0.305952 0.276724 -1.281850 220 32 32
0.305952 0.276724 -1.281850 220 32 32
0.305952 0.276724 -1.281850 220 32 32
0.305952 0.276724 -1.281850 220 32 32
0.305952 0.276724 -1.281850 220 32 32
0.305952 0.276724 -1.281850 220 32 32
0.305952 0.276724 -1.281850 220 32 32
0.305952 0.276724 -1.281850 220 32 32
0.305952 0.276724 -1.281850 220 32 32
0.305952 0.276724 -1.281850 220 32 32
0.305952 0.276724 -1.281850 220 32 32
0.305952 0.276724 -1.281850 220 32 32
0.305952 0.276724 -1.281850 220 32 32
0.305952 0.276724 -1.281850 220 32 32
0.305952 0.276724 -1.281850 220 32 32
0.305952 0.276724 -1.281850 220 32 32
0.305952 0.276724 -1.281850 220 32 32
0.354667 0.276724 -1.288263 220 32 32
0.353007 0.289332 -1.288263 220 32 32
0.348141 0.301081 -1.288263 220 32 32
0.340399 0.311171 -1.288263 220 32 32
0.330310 0.318912 -1.288263 220 32 32
0.318561 0.323779 -1.288263 220 32 32
0.305952 0.325439 -1.288263 220 32 32
0.293344 0.323779 -1.288263 220 32 32
0.281595 0.318912 -1.288263 220 32 32
0.271506 0.311171 -1.288263 220 32 32
0.263764 0.301081 -1.288263 220 32 32
0.258897 0.289332 -1.288263 220 32 32
0.257238 0.276724 -1.288263 220 32 32
0.258897 0.264116 -1.288263 220 32 32
0.263764 0.252367 -1.288263 220 32 32
0.271506 0.242277 -1.288263 220 32 32
0.281595 0.234536 -1.288263 220 32 32
0.293344 0.229669 -1.288263 220 32 32
0.305952 0.228009 -1.288263 220 32 32
0.318561 0.229669 -1.288263 220 32 32
0.330310 0.234536 -1.288263 220 32 32
0.340399 0.242277 -1.288263 220 32 32
0.348141 0.252367 -1.288263 220 32 32
0.353007 0.264116 -1.288263 220 32 32
0.354667 0.276724 -1.288263 220 32 32
0.400062 0.276724 -1.307067 220 32 32
0.396855 0.301081 -1.307067 220 32 32
0.387454 0.323779 -1.307067 220 32 32
0.372498 0.343270 -1.307067 220 32 32
0.353007 0.358225 -1.307067 220 32 32
0.330310 0.367627 -1.307067 220 32 32
0.305952 0.370834 -1.307067 220 32 32
0.281595 0.367627 -1.307067 220 32 32
0.258897 0.358225 -1.307067 220 32 32
0.239407 0.343270 -1.307067 220 32 32
0.224451 0.323779 -1.307067 220 32 32
0.215049 0.301081 -1.307067 220 32 32
0.211843 0.276724 -1.307067 220 32 32
0.215049 0.252367 -1.307067 220 32 32
0.224451 0.229669 -1.307067 220 32 32
0.239407 0.210178 -1.307067 220 32 32
0.258897 0.195223 -1.307067 220 32 32
0.281595 0.185821 -1.307067 220 32 32
0.305952 0.182614 -1.307067 220 32 32
0.330310 0.185821 -1.307067 220 32 32
0.353007 0.195223 -1.307067 220 32 32
0.372498 0.210178 -1.307067 220 32 32
0.387454 0.229669 -1.307067 220 32 32
0.396855 0.252367 -1.307067 220 32 32
0.400062 0.276724 -1.307067 220 32 32
0.439044 0.276724 -1.336978 220 32 32
0.434509 0.311171 -1.336978 220 32 32
0.421213 0.343270 -1.336978 220 32 32
0.400062 0.370834 -1.336978 220 32 32
0.372498 0.391984 -1.336978 220 32 32
0.340399 0.405280 -1.336978 220 32 32
0.305952 0.409815 -1.336978 220 32 32
0.271506 0.405280 -1.336978 220 32 32
0.239407 0.391984 -1.336978 220 32 32
0.211843 0.370834 -1.336978 220 32 32
0.190692 0.343270 -1.336978 220 32 32
0.177396 0.311171 -1.336978 220 32 32
0.172861 0.276724 -1.336978 220 32 32
0.177396 0.242277 -1.336978 220 32 32
0.190692 0.210178 -1.336978 220 32 32
0.211843 0.182614 -1.336978 220 32 32
0.239407 0.161464 -1.336978 220 32 32
0.271506 0.148168 -1.336978 220 32 32
0.305952 0.143633 -1.336978 220 32 32
0.340399 0.148168 -1.336978 220 32 32
0.372498 0.161464 -1.336978 220 32 32
0.400062 0.182614 -1.336978 220 32 32
0.421213 0.210178 -1.336978 220 32 32
0.434509 0.242277 -1.336978 220 32 32
0.439044 0.276724 -1.336978 220 32 32
0.468955 0.276724 -1.375960 220 32 32
0.463401 0.318912 -1.375960 220 32 32
0.447117 0.358225 -1.375960 220 32 32
0.421213 0.391984 -1.375960 220 32 32
0.387454 0.417889 -1.375960 220 32 32
0.348141 0.434173 -1.375960 220 32 32
0.305952 0.439727 -1.375960 220 32 32
0.263764 0.434173 -1.375960 220 32 32
0.224451 0.417889 -1.375960 220 32 32
0.190692 0.391984 -1.375960 220 32 32
0.164788 0.358225 -1.375960 220 32 32
0.148504 0.318912 -1.375960 220 32 32
0.142949 0.276724 -1.375960 220 32 32
0.148504 0.234536 -1.375960 220 32 32
0.164788 0.195223 -1.375960 220 32 32
0.190692 0.161464 -1.375960 220 32 32
0.224451 0.135559 -1.375960 220 32 32
0.263764 0.119275 -1.375960 220 32 32
0.305952 0.113721 -1.375960 220 32 32
0.348141 0.119275 -1.375960 220 32 32
0.387454 0.135559 -1.375960 220 32 32
0.421213 0.161464 -1.375960 220 32 32
0.447117 0.195223 -1.375960 220 32 32
0.463401 0.234536 -1.375960 220 32 32
0.468955 0.276724 -1.375960 220 32 32
0.487758 0.276724 -1.421355 220 32 32
0.481563 0.323779 -1.421355 220 32 32
0.463401 0.367627 -1.421355 220 32 32
0.434509 0.405280 -1.421355 220 32 32
0.396855 0.434173 -1.421355 220 32 32
0.353007 0.452335 -1.421355 220 32 32
0.305952 0.458530 -1.421355 220 32 32
0.258897 0.452335 -1.421355 220 32 32
0.215049 0.434173 -1.421355 220 32 32
0.177396 0.405280 -1.421355 220 32 32
0.148504 0.367627 -1.421355 220 32 32
0.130341 0.323779 -1.421355 220 32 32
0.124146 0.276724 -1.421355 220 32 32
0.130341 0.229669 -1.421355 220 32 32
0.148504 0.185821 -1.421355 220 32 32
0.177396 0.148168 -1.421355 220 32 32
0.215049 0.119275 -1.421355 220 32 32
0.258897 0.101113 -1.421355 220 32 32
0.305952 0.094918 -1.421355 220 32 32
0.353007 0.101113 -1.421355 220 32 32
0.396855 0.119275 -1.421355 220 32 32
0.434509 0.148168 -1.421355 220 32 32
0.463401 0.185821 -1.421355 220 32 32
0.481563 0.229669 -1.421355 220 32 32
0.487758 0.276724 -1.421355 220 32 32
0.494172 0.276724 -1.470069 220 32 32
0.487758 0.325439 -1.470069 220 32 32
0.468955 0.370834 -1.470069 220 32 32
0.439044 0.409815 -1.470069 220 32 32
0.400062 0.439727 -1.470069 220 32 32
0.354667 0.458530 -1.470069 220 32 32
0.305952 0.464943 -1.470069 220 32 32
0.257238 0.458530 -1.470069 220 32 32
0.211843 0.439727 -1.470069 220 32 32
0.172861 0.409815 -1.470069 220 32 32
0.142949 0.370834 -1.470069 220 32 32
0.124146 0.325439 -1.470069 220 32 32
0.117733 0.276724 -1.470069 220 32 32
0.124146 0.228009 -1.470069 220 32 32
0.142949 0.182614 -1.470069 220 32 32
0.172861 0.143633 -1.470069 220 32 32
0.211843 0.113721 -1.470069 220 32 32
0.257238 0.094918 -1.470069 220 32 32
0.305952 0.088505 -1.470069 220 32 32
0.354667 0.094918 -1.470069 220 32 32
0.400062 0.113721 -1.470069 220 32 32
0.439044 0.143633 -1.470069 220 32 32
0.468955 0.182614 -1.470069 220 32 32
0.487758 0.228009 -1.470069 220 32 32
0.494172 0.276724 -1.470069 220 32 32
0.487758 0.276724 -1.518784 220 32 32
0.481563 0.323779 -1.518784 220 32 32
0.463401 0.367627 -1.518784 220 32 32
0.434509 0.405280 -1.518784 220 32 32
0.396855 0.434173 -1.518784 220 32 32
0.353007 0.452335 -1.518784 220 32 32
0.305952 0.458530 -1.518784 220 32 32
0.258897 0.452335 -1.518784 220 32 32
0.215049 0.434173 -1.518784 220 32 32
0.177396 0.405280 -1.518784 220 32 32
0.148504 0.367627 -1.518784 220 32 32
0.130341 0.323779 -1.518784 220 32 32
0.124146 0.276724 -1.518784 220 32 32
0.130341 0.229669 -1.518784 220 32 32
0.148504 0.185821 -1.518784 220 32 32
0.177396 0.148168 -1.518784 220 32 32
0.215049 0.119275 -1.518784 220 32 32
0.258897 0.101113 -1.518784 220 32 32
0.305952 0.094918 -1.518784 220 32 32
0.353007 0.101113 -1.518784 220 32 32
0.396855 0.119275 -1.518784 220 32 32
0.434509 0.148168 -1.518784 220 32 32
0.463401 0.185821 -1.518784 220 32 32
0.481563 0.229669 -1.518784 220 32 32
0.487758 0.276724 -1.518784 220 32 32
0.468955 0.276724 -1.564179 220 32 32
0.463401 0.318912 -1.564179 220 32 32
0.447117 0.358225 -1.564179 220 32 32
0.421213 0.391984 -1.564179 220 32 32
0.387454 0.417889 -1.564179 220 32 32
0.348141 0.434173 -1.564179 220 32 32
0.305952 0.439727 -1.564179 220 32 32
0.263764 0.434173 -1.564179 220 32 32
0.224451 0.417889 -1.564179 220 32 32
0.190692 0.391984 -1.564179 220 32 32
0.164788 0.358225 -1.564179 220 32 32
0.148504 0.318912 -1.564179 220 32 32
0.142949 0.276724 -1.564179 220 32 32
0.148504 0.234536 -1.564179 220 32 32
0.164788 0.195223 -1.564179 220 32 32
0.190692 0.161464 -1.564179 220 32 32
0.224451 0.135559 -1.564179 220 32 32
0.263764 0.119275 -1.564179 220 32 32
0.305952 0.113721 -1.564179 220 32 32
0.348141 0.119275 -1.564179 220 32 32
0.387454 0.135559 -1.564179 220 32 32
0.421213 0.161464 -1.564179 220 32 32
0.447117 0.195223 -1.564179 220 32 32
0.463401 0.234536 -1.564179 220 32 32
0.468955 0.276724 -1.564179 220 32 32
0.439044 0.276724 -1.603161 220 32 32
0.434509 0.311171 -1.603161 220 32 32
0.421213 0.343270 -1.603161 220 32 32
0.400062 0.370834 -1.603161 220 32 32
0.372498 0.391984 -1.603161 220 32 32
0.340399 0.405280 -1.603161 220 32 32
0.305952 0.409815 -1.603161 220 32 32
0.271506 0.405280 -1.603161 220 32 32
0.239407 0.391984 -1.603161 220 32 32
0.211843 0.370834 -1.603161 220 32 32
0.190692 0.343270 -1.603161 220 32 32
0.177396 0.311171 -1.603161 220 32 32
0.172861 0.276724 -1.603161 220 32 32
0.177396 0.242277 -1.603161 220 32 32
0.190692 0.210178 -1.603161 220 32 32
0.211843 0.182614 -1.603161 220 32 32
0.239407 0.161464 -1.603161 220 32 32
0.271506 0.148168 -1.603161 220 32 32
0.305952 0.143633 -1.603161 220 32 32
0.340399 0.148168 -1.603161 220 32 32
0.372498 0.161464 -1.603161 220 32 32
0.400062 0.182614 -1.603161 220 32 32
0.421213 0.210178 -1.603161 220 32 32
0.434509 0.242277 -1.603161 220 32 32
0.439044 0.276724 -1.603161 220 32 32
0.400062 0.276724 -1.633072 220 32 32
0.396855 0.301081 -1.633072 220 32 32
0.387454 0.323779 -1.633072 220 32 32
0.372498 0.343270 -1.633072 220 32 32
0.353007 0.358225 -1.633072 220 32 32
0.330310 0.367627 -1.633072 220 32 32
0.305952 0.370834 -1.633072 220 32 32
0.281595 0.367627 -1.633072 220 32 32
0.258897 0.358225 -1.633072 220 32 32
0.239407 0.343270 -1.633072 220 32 32
0.224451 0.323779 -1.633072 220 32 32
0.215049 0.301081 -1.633072 220 32 32
0.211843 0.276724 -1.633072 220 32 32
0.215049 0.252367 -1.633072 220 32 32
0.224451 0.229669 -1.633072 220 32 32
0.239407 0.210178 -1.633072 220 32 32
0.258897 0.195223 -1.633072 220 32 32
0.281595 0.185821 -1.633072 220 32 32
0.305952 0.182614 -1.633072 220 32 32
0.330310 0.185821 -1.633072 220 32 32
0.353007 0.195223 -1.633072 220 32 32
0.372498 0.210178 -1.633072 220 32 32
0.387454 0.229669 -1.633072 220 32 32
0.396855 0.252367 -1.633072 220 32 32
0.400062 0.276724 -1.633072 220 32 32
0.354667 0.276724 -1.651875 220 32 32
0.353007 0.289332 -1.651875 220 32 32
0.348141 0.301081 -1.651875 220 32 32
0.340399 0.311171 -1.651875 220 32 32
0.330310 0.318912 -1.651875 220 32 32
0.318561 0.323779 -1.651875 220 32 32
0.305952 0.325439 -1.651875 220 32 32
0.293344 0.323779 -1.651875 220 32 32
0.281595 0.318912 -1.651875 220 32 32
0.271506 0.311171 -1.651875 220 32 32
0.263764 0.301081 -1.651875 220 32 32
0.258897 0.289332 -1.651875 220 32 32
0.257238 0.276724 -1.651875 220 32 32
0.258897 0.264116 -1.651875 220 32 32
0.263764 0.252367 -1.651875 220 32 32
0.271506 0.242277 -1.651875 220 32 32
0.281595 0.234536 -1.651875 220 32 32
0.293344 0.229669 -1.651875 220 32 32
0.305952 0.228009 -1.651875 220 32 32
0.318561 0.229669 -1.651875 220 32 32
0.330310 0.234536 -1.651875 220 32 32
0.340399 0.242277 -1.651875 220 32 32
0.348141 0.252367 -1.651875 220 32 32
0.353007 0.264116 -1.651875 220 32 32
0.354667 0.276724 -1.651875 220 32 32
0.305952 0.276724 -1.658289 220 32 32
0.305952 0.276724 -1.658289 220 32 32
0.305952 0.276724 -1.658289 220 32 32
0.305952 0.276724 -1.658289 220 32 32
0.305952 0.276724 -1.658289 220 32 32
0.305952 0.276724 -1.658289 220 32 32
0.305952 0.276724 -1.658289 220 32 32
0.305952 0.276724 -1.658289 220 32 32
0.305952 0.276724 -1.658289 220 32 32
0.305952 0.276724 -1.658289 220 32 32
0.305952 0.276724 -1.658289 220 32 32
0.305952 0.276724 -1.658289 220 32 32
0.305952 0.276724 -1.658289 220 32 32
0.305952 0.276724 -1.658289 220 32 32
0.305952 0.276724 -1.658289 220 32 32
0.305952 0.276724 -1.658289 220 32 32
0.305952 0.276724 -1.658289 220 32 32
0.305952 0.276724 -1.658289 220 32 32
0.305952 0.276724 -1.658289 220 32 32
0.305952 0.276724 -1.658289 220 32 32
0.305952 0.276724 -1.658289 220 32 32
0.305952 0.276724 -1.658289 220 32 32
0.305952 0.276724 -1.658289 220 32 32
0.305952 0.276724 -1.658289 220 32 32
0.305952 0.276724 -1.658289 220 32 32
0.822617 0.336901 -1.496951 220 32 32
0.822617 0.336901 -1.496951 220 32 32
0.822617 0.336901 -1.496951 220 32 32
0.822617 0.336901 -1.496951 220 32 32
0.822617 0.336901 -1.496951 220 32 32
0.822617 0.336901 -1.496951 220 32 32
0.822617 0.336901 -1.496951 220 32 32
0.822617 0.336901 -1.496951 220 32 32
0.822617 0.336901 -1.496951 220 32 32
0.822617 0.336901 -1.496951 220 32 32
0.822617 0.336901 -1.496951 220 32 32
0.822617 0.336901 -1.496951 220 32 32
0.822617 0.336901 -1.496951 220 32 32
0.822617 0.336901 -1.496951 220 32 32
0.822617 0.336901 -1.496951 220 32 32
0.822617 0.336901 -1.496951 220 32 32
0.822617 0.336901 -1.496951 220 32 32
0.822617 0.336901 -1.496951 220 32 32
0.822617 0.336901 -1.496951 220 32 32
0.822617 0.336901 -1.496951 220 32 32
0.822617 0.336901 -1.496951 220 32 32
0.822617 0.336901 -1.496951 220 32 32
0.822617 0.336901 -1.496951 220 32 32
0.822617 0.336901 -1.496951 220 32 32
0.822617 0.336901 -1.496951 220 32 32
0.871332 0.336901 -1.503365 220 32 32
0.869672 0.349509 -1.503365 220 32 32
0.864806 0.361258 -1.503365 220 32 32
0.857064 0.371347 -1.503365 220 32 32
0.846975 0.379089 -1.503365 220 32 32
0.835226 0.383955 -1.503365 220 32 32
0.822617 0.385615 -1.503365 220 32 32
0.810009 0.383955 -1.503365 220 32 32
0.798260 0.379089 -1.503365 220 32 32
0.788171 0.371347 -1.503365 220 32 32
0.780429 0.361258 -1.503365 220 32 32
0.775563 0.349509 -1.503365 220 32 32
0.773903 0.336901 -1.503365 220 32 32
0.775563 0.324292 -1.503365 220 32 32
0.780429 0.312543 -1.503365 220 32 32
0.788171 0.302454 -1.503365 220 32 32
0.798260 0.294712 -1.503365 220 32 32
0.810009 0.289846 -1.503365 220 32 32
0.822617 0.288186 -1.503365 220 32 32
0.835226 0.289846 -1.503365 220 32 32
0.846975 0.294712 -1.503365 220 32 32
0.857064 0.302454 -1.503365 220 32 32
0.864806 0.312543 -1.503365 220 32 32
0.869672 0.324292 -1.503365 220 32 32
0.871332 0.336901 -1.503365 220 32 32
0.916727 0.336901 -1.522168 220 32 32
0.913520 0.361258 -1.522168 220 32 32
0.904119 0.383955 -1.522168 220 32 32
0.889163 0.403446 -1.522168 220 32 32
0.869672 0.418402 -1.522168 220 32 32
0.846975 0.427804 -1.522168 220 32 32
0.822617 0.431010 -1.522168 220 32 32
0.798260 0.427804 -1.522168 220 32 32
0.775563 0.418402 -1.522168 220 32 32
0.756072 0.403446 -1.522168 220 32 32
0.741116 0.383955 -1.522168 220 32 32
0.731714 0.361258 -1.522168 220 32 32
0.728508 0.336901 -1.522168 220 32 32
0.731714 0.312543 -1.522168 220 32 32
0.741116 0.289846 -1.522168 220 32 32
0.756072 0.270355 -1.522168 220 32 32
0.775563 0.255399 -1.522168 220 32 32
0.798260 0.245998 -1.522168 220 32 32
0.822617 0.242791 -1.522168 220 32 32
0.846975 0.245998 -1.522168 220 32 32
0.869672 0.255399 -1.522168 220 32 32
0.889163 0.270355 -1.522168 220 32 32
0.904119 0.289846 -1.522168 220 32 32
0.913520 0.312543 -1.522168 220 32 32
0.916727 0.336901 -1.522168 220 32 32
0.955709 0.336901 -1.552079 220 32 32
0.951174 0.371347 -1.552079 220 32 32
0.937878 0.403446 -1.552079 220 32 32
0.916727 0.431010 -1.552079 220 32 32
0.889163 0.452161 -1.552079 220 32 32
0.857064 0.465457 -1.552079 220 32 32
0.822617 0.469992 -1.552079 220 32 32
0.788171 0.465457 -1.552079 220 32 32
0.756072 0.452161 -1.552079 220 32 32
0.728508 0.431010 -1.552079 220 32 32
0.707357 0.403446 -1.552079 220 32 32
0.694061 0.371347 -1.552079 220 32 32
0.689526 0.336901 -1.552079 220 32 32
0.694061 0.302454 -1.552079 220 32 32
0.707357 0.270355 -1.552079 220 32 32
0.728508 0.242791 -1.552079 220 32 32
0.756072 0.221640 -1.552079 220 32 32
0.788171 0.208344 -1.552079 220 32 32
0.822617 0.203809 -1.552079 220 32 32
0.857064 0.208344 -1.552079 220 32 32
0.889163 0.221640 -1.552079 220 32 32
0.916727 0.242791 -1.552079 220 32 32
0.937878 0.270355 -1.552079 220 32 32
0.951174 0.302454 -1.552079 220 32 32
0.955709 0.336901 -1.552079 220 32 32
0.985620 0.336901 -1.591061 220 32 32
0.980066 0.379089 -1.591061 220 32 32
0.963782 0.418402 -1.591061 220 32 32
0.937878 0.452161 -1.591061 220 32 32
0.904119 0.478065 -1.591061 220 32 32
0.864806 0.494349 -1.591061 220 32 32
0.822617 0.499903 -1.591061 220 32 32
0.780429 0.494349 -1.591061 220 32 32
0.741116 0.478065 -1.591061 220 32 32
0.707357 0.452161 -1.591061 220 32 32
0.681453 0.418402 -1.591061 220 32 32
0.665169 0.379089 -1.591061 220 32 32
0.659615 0.336901 -1.591061 220 32 32
0.665169 0.294712 -1.591061 220 32 32
0.681453 0.255399 -1.591061 220 32 32
0.707357 0.221640 -1.591061 220 32 32
0.741116 0.195736 -1.591061 220 32 32
0.780429 0.179452 -1.591061 220 32 32
0.822617 0.173898 -1.591061 220 32 32
0.864806 0.179452 -1.591061 220 32 32
0.904119 0.195736 -1.591061 220 32 32
0.937878 0.221640 -1.591061 220 32 32
0.963782 0.255399 -1.591061 220 32 32
0.980066 0.294712 -1.591061 220 32 32
0.985620 0.336901 -1.591061 220 32 32
1.004423 0.336901 -1.636456 220 32 32
0.998229 0.383955 -1.636456 220 32 32
0.980066 0.427804 -1.636456 220 32 32
0.951174 0.465457 -1.636456 220 32 32
0.913520 0.494349 -1.636456 220 32 32
0.869672 0.512512 -1.636456 220 32 32
0.822617 0.518707 -1.636456 220 32 32
0.775563 0.512512 -1.636456 220 32 32
0.731714 0.494349 -1.636456 220 32 32
0.694061 0.465457 -1.636456 220 32 32
0.665169 0.427804 -1.636456 220 32 32
0.647006 0.383955 -1.636456 220 32 32
0.640811 0.336901 -1.636456 220 32 32
0.647006 0.289846 -1.636456 220 32 32
0.665169 0.245998 -1.636456 220 32 32
0.694061 0.208344 -1.636456 220 32 32
0.731714 0.179452 -1.636456 220 32 32
0.775563 0.161289 -1.636456 220 32 32
0.822617 0.155095 -1.636456 220 32 32
0.869672 0.161289 -1.636456 220 32 32
0.913520 0.179452 -1.636456 220 32 32
0.951174 0.208344 -1.636456 220 32 32
0.980066 0.245998 -1.636456 220 32 32
0.998229 0.289846 -1.636456 220 32 32
1.004423 0.336901 -1.636456 220 32 32
1.010837 0.336901 -1.685171 220 32 32
1.004423 0.385615 -1.685171 220 32 32
0.985620 0.431010 -1.685171 220 32 32
0.955709 0.469992 -1.685171 220 32 32
0.916727 0.499903 -1.685171 220 32 32
0.871332 0.518707 -1.685171 220 32 32
0.822617 0.525120 -1.685171 220 32 32
0.773903 0.518707 -1.685171 220 32 32
0.728508 0.499903 -1.685171 220 32 32
0.689526 0.469992 -1.685171 220 32 32
0.659615 0.431010 -1.685171 220 32 32
0.640811 0.385615 -1.685171 220 32 32
0.634398 0.336901 -1.685171 220 32 32
0.640811 0.288186 -1.685171 220 32 32
0.659615 0.242791 -1.685171 220 32 32
0.689526 0.203809 -1.685171 220 32 32
0.728508 0.173898 -1.685171 220 32 32
0.773903 0.155095 -1.685171 220 32 32
0.822617 0.148681 -1.685171 220 32 32
0.871332 0.155095 -1.685171 220 32 32
0.916727 0.173898 -1.685171 220 32 32
0.955709 0.203809 -1.685171 220 32 32
0.985620 0.242791 -1.685171 220 32 32
1.004423 0.288186 -1.685171 220 32 32
1.010837 0.336901 -1.685171 220 32 32
1.004423 0.336901 -1.733885 220 32 32
0.998229 0.383955 -1.733885 220 32 32
0.980066 0.427804 -1.733885 220 32 32
0.951174 0.465457 -1.733885 220 32 32
0.913520 0.494349 -1.733885 220 32 32
0.869672 0.512512 -1.733885 220 32 32
0.822617 0.518707 -1.733885 220 32 32
0.775563 0.512512 -1.733885 220 32 32
0.731714 0.494349 -1.733885 220 32 32
0.694061 0.465457 -1.733885 220 32 32
0.665169 0.427804 -1.733885 220 32 32
0.647006 0.383955 -1.733885 220 32 32
0.640811 0.336901 -1.733885 220 32 32
0.647006 0.289846 -1.733885 220 32 32
0.665169 0.245998 -1.733885 220 32 32
0.694061 0.208344 -1.733885 220 32 32
0.731714 0.179452 -1.733885 220 32 32
0.775563 0.161289 -1.733885 220 32 32
0.822617 0.155095 -1.733885 220 32 32
0.869672 0.161289 -1.733885 220 32 32
0.913520 0.179452 -1.733885 220 32 32
0.951174 0.208344 -1.733885 220 32 32
0.980066 0.245998 -1.733885 220 32 32
0.998229 0.289846 -1.733885 220 32 32
1.004423 0.336901 -1.733885 220 32 32
0.985620 0.336901 -1.779280 220 32 32
0.980066 0.379089 -1.779280 220 32 32
0.963782 0.418402 -1.779280 220 32 32
0.937878 0.452161 -1.779280 220 32 32
0.904119 0.478065 -1.779280 220 32 32
0.864806 0.494349 -1.779280 220 32 32
0.822617 0.499903 -1.779280 220 32 32
0.780429 0.494349 -1.779280 220 32 32
0.741116 0.478065 -1.779280 220 32 32
0.707357 0.452161 -1.779280 220 32 32
0.681453 0.418402 -1.779280 220 32 32
0.665169 0.379089 -1.779280 220 32 32
0.659615 0.336901 -1.779280 220 32 32
0.665169 0.294712 -1.779280 220 32 32
0.681453 0.255399 -1.779280 220 32 32
0.707357 0.221640 -1.779280 220 32 32
0.741116 0.195736 -1.779280 220 32 32
0.780429 0.179452 -1.779280 220 32 32
0.822617 0.173898 -1.779280 220 32 32
0.864806 0.179452 -1.779280 220 32 32
0.904119 0.195736 -1.779280 220 32 32
0.937878 0.221640 -1.779280 220 32 32
0.963782 0.255399 -1.779280 220 32 32
0.980066 0.294712 -1.779280 220 32 32
0.985620 0.336901 -1.779280 220 32 32
0.955709 0.336901 -1.818262 220 32 32
0.951174 0.371347 -1.818262 220 32 32
0.937878 0.403446 -1.818262 220 32 32
0.916727 0.431010 -1.818262 220 32 32
0.889163 0.452161 -1.818262 220 32 32
0.857064 0.465457 -1.818262 220 32 32
0.822617 0.469992 -1.818262 220 32 32
0.788171 0.465457 -1.818262 220 32 32
0.756072 0.452161 -1.818262 220 32 32
0.728508 0.431010 -1.818262 220 32 32
0.707357 0.403446 -1.818262 220 32 32
0.694061 0.371347 -1.818262 220 32 32
0.689526 0.336901 -1.818262 220 32 32
0.694061 0.302454 -1.818262 220 32 32
0.707357 0.270355 -1.818262 220 32 32
0.728508 0.242791 -1.818262 220 32 32
0.756072 0.221640 -1.818262 220 32 32
0.788171 0.208344 -1.818262 220 32 32
0.822617 0.203809 -1.818262 220 32 32
0.857064 0.208344 -1.818262 220 32 32
0.889163 0.221640 -1.818262 220 32 32
0.916727 0.242791 -1.818262 220 32 32
0.937878 0.270355 -1.818262 220 32 32
0.951174 0.302454 -1.818262 220 32 32
0.955709 0.336901 -1.818262 220 32 32
0.916727 0.336901 -1.848173 220 32 32
0.913520 0.361258 -1.848173 220 32 32
0.904119 0.383955 -1.848173 220 32 32
0.889163 0.403446 -1.848173 220 32 32
0.869672 0.418402 -1.848173 220 32 32
0.846975 0.427804 -1.848173 220 32 32
0.822617 0.431010 -1.848173 220 32 32
0.798260 0.427804 -1.848173 220 32 32
0.775563 0.418402 -1.848173 220 32 32
0.756072 0.403446 -1.848173 220 32 32
0.741116 0.383955 -1.848173 220 32 32
0.731714 0.361258 -1.848173 220 32 32
0.728508 0.336901 -1.848173 220 32 32
0.731714 0.312543 -1.848173 220 32 32
0.741116 0.289846 -1.848173 220 32 32
0.756072 0.270355 -1.848173 220 32 32
0.775563 0.255399 -1.848173 220 32 32
0.798260 0.245998 -1.848173 220 32 32
0.822617 0.242791 -1.848173 220 32 32
0.846975 0.245998 -1.848173 220 32 32
0.869672 0.255399 -1.848173 220 32 32
0.889163 0.270355 -1.848173 220 32 32
0.904119 0.289846 -1.848173 220 32 32
0.913520 0.312543 -1.848173 220 32 32
0.916727 0.336901 -1.848173 220 32 32
0.871332 0.336901 -1.866977 220 32 32
0.869672 0.349509 -1.866977 220 32 32
0.864806 0.361258 -1.866977 220 32 32
0.857064 0.371347 -1.866977 220 32 32
0.846975 0.379089 -1.866977 220 32 32
0.835226 0.383955 -1.866977 220 32 32
0.822617 0.385615 -1.866977 220 32 32
0.810009 0.383955 -1.866977 220 32 32
0.798260 0.379089 -1.866977 220 32 32
0.788171 0.371347 -1.866977 220 32 32
0.780429 0.361258 -1.866977 220 32 32
0.775563 0.349509 -1.866977 220 32 32
0.773903 0.336901 -1.866977 220 32 32
0.775563 0.324292 -1.866977 220 32 32
0.780429 0.312543 -1.866977 220 32 32
0.788171 0.302454 -1.866977 220 32 32
0.798260 0.294712 -1.866977 220 32 32
0.810009 0.289846 -1.866977 220 32 32
0.822617 0.288186 -1.866977 220 32 32
0.835226 0.289846 -1.866977 220 32 32
0.846975 0.294712 -1.866977 220 32 32
0.857064 0.302454 -1.866977 220 32 32
0.864806 0.312543 -1.866977 220 32 32
0.869672 0.324292 -1.866977 220 32 32
0.871332 0.336901 -1.866977 220 32 32
0.822617 0.336901 -1.873390 220 32 32
0.822617 0.336901 -1.873390 220 32 32
0.822617 0.336901 -1.873390 220 32 32
0.822617 0.336901 -1.873390 220 32 32
0.822617 0.336901 -1.873390 220 32 32
0.822617 0.336901 -1.873390 220 32 32
0.822617 0.336901 -1.873390 220 32 32
0.822617 0.336901 -1.873390 220 32 32
0.822617 0.336901 -1.873390 220 32 32
0.822617 0.336901 -1.873390 220 32 32
0.822617 0.336901 -1.873390 220 32 32
0.822617 0.336901 -1.873390 220 32 32
0.822617 0.336901 -1.873390 220 32 32
0.822617 0.336901 -1.873390 220 32 32
0.822617 0.336901 -1.873390 220 32 32
0.822617 0.336901 -1.873390 220 32 32
0.822617 0.336901 -1.873390 220 32 32
0.822617 0.336901 -1.873390 220 32 32
0.822617 0.336901 -1.873390 220 32 32
0.822617 0.336901 -1.873390 220 32 32
0.822617 0.336901 -1.873390 220 32 32
0.822617 0.336901 -1.873390 220 32 32
0.822617 0.336901 -1.873390 220 32 32
0.822617 0.336901 -1.873390 220 32 32
0.822617 0.336901 -1.873390 220 32 32
0.321542 -0.335165 -0.949443 220 32 32
0.321542 -0.335165 -0.949443 220 32 32
0.321542 -0.335165 -0.949443 220 32 32
0.321542 -0.335165 -0.949443 220 32 32
0.321542 -0.335165 -0.949443 220 32 32
0.321542 -0.335165 -0.949443 220 32 32
0.321542 -0.335165 -0.949443 220 32 32
0.321542 -0.335165 -0.949443 220 32 32
0.321542 -0.335165 -0.949443 220 32 32
0.321542 -0.335165 -0.949443 220 32 32
0.321542 -0.335165 -0.949443 220 32 32
0.321542 -0.335165 -0.949443 220 32 32
0.321542 -0.335165 -0.949443 220 32 32
0.321542 -0.335165 -0.949443 220 32 32
0.321542 -0.335165 -0.949443 220 32 32
0.321542 -0.335165 -0.949443 220 32 32
0.321542 -0.335165 -0.949443 220 32 32
0.321542 -0.335165 -0.949443 220 32 32
0.321542 -0.335165 -0.949443 220 32 32
0.321542 -0.335165 -0.949443 220 32 32
0.321542 -0.335165 -0.949443 220 32 32
0.321542 -0.335165 -0.949443 220 32 32
0.321542 -0.335165 -0.949443 220 32 32
0.321542 -0.335165 -0.949443 220 32 32
0.321542 -0.335165 -0.949443 220 32 32
0.370257 -0.335165 -0.955856 220 32 32
0.368597 -0.322556 -0.955856 220 32 32
0.363730 -0.310807 -0.955856 220 32 32
0.355989 -0.300718 -0.955856 220 32 32
0.345900 -0.292977 -0.955856 220 32 32
0.334150 -0.288110 -0.955856 220 32 32
0.321542 -0.286450 -0.955856 220 32 32
0.308934 -0.288110 -0.955856 220 32 32
0.297185 -0.292977 -0.955856 220 32 32
0.287096 -0.300718 -0.955856 220 32 32
0.279354 -0.310807 -0.955856 220 32 32
0.274487 -0.322556 -0.955856 220 32 32
0.272827 -0.335165 -0.955856 220 32 32
0.274487 -0.347773 -0.955856 220 32 32
0.279354 -0.359522 -0.955856 220 32 32
0.287096 -0.369611 -0.955856 220 32 32
0.297185 -0.377353 -0.955856 220 32 32
0.308934 -0.382220 -0.955856 220 32 32
0.321542 -0.383880 -0.955856 220 32 32
0.334150 -0.382220 -0.955856 220 32 32
0.345900 -0.377353 -0.955856 220 32 32
0.355989 -0.369611 -0.955856 220 32 32
0.363730 -0.359522 -0.955856 220 32 32
0.368597 -0.347773 -0.955856 220 32 32
0.370257 -0.335165 -0.955856 220 32 32
0.415652 -0.335165 -0.974660 220 32 32
0.412445 -0.310807 -0.974660 220 32 32
0.403044 -0.288110 -0.974660 220 32 32
0.388088 -0.268619 -0.974660 220 32 32
0.368597 -0.253663 -0.974660 220 32 32
0.345900 -0.244262 -0.974660 220 32 32
0.321542 -0.241055 -0.974660 220 32 32
0.297185 -0.244262 -0.974660 220 32 32
0.274487 -0.253663 -0.974660 220 32 32
0.254997 -0.268619 -0.974660 220 32 32
0.240041 -0.288110 -0.974660 220 32 32
0.230639 -0.310807 -0.974660 220 32 32
0.227432 -0.335165 -0.974660 220 32 32
0.230639 -0.359522 -0.974660 220 32 32
0.240041 -0.382220 -0.974660 220 32 32
0.254997 -0.401710 -0.974660 220 32 32
0.274487 -0.416666 -0.974660 220 32 32
0.297185 -0.426068 -0.974660 220 32 32
0.321542 -0.429274 -0.974660 220 32 32
0.345900 -0.426068 -0.974660 220 32 32
0.368597 -0.416666 -0.974660 220 32 32
0.388088 -0.401710 -0.974660 220 32 32
0.403044 -0.382220 -0.974660 220 32 32
0.412445 -0.359522 -0.974660 220 32 32
0.415652 -0.335165 -0.974660 220 32 32
0.454633 -0.335165 -1.004571 220 32 32
0.450098 -0.300718 -1.004571 220 32 32
0.436803 -0.268619 -1.004571 220 32 32
0.415652 -0.241055 -1.004571 220 32 32
0.388088 -0.219904 -1.004571 220 32 32
0.355989 -0.206608 -1.004571 220 32 32
0.321542 -0.202074 -1.004571 220 32 32
0.287096 -0.206608 -1.004571 220 32 32
0.254997 -0.219904 -1.004571 220 32 32
0.227432 -0.241055 -1.004571 220 32 32
0.206282 -0.268619 -1.004571 220 32 32
0.192986 -0.300718 -1.004571 220 32 32
0.188451 -0.335165 -1.004571 220 32 32
0.192986 -0.369611 -1.004571 220 32 32
0.206282 -0.401710 -1.004571 220 32 32
0.227432 -0.429274 -1.004571 220 32 32
0.254997 -0.450425 -1.004571 220 32 32
0.287096 -0.463721 -1.004571 220 32 32
0.321542 -0.468256 -1.004571 220 32 32
0.355989 -0.463721 -1.004571 220 32 32
0.388088 -0.450425 -1.004571 220 32 32
0.415652 -0.429274 -1.004571 220 32 32
0.436803 -0.401710 -1.004571 220 32 32
0.450098 -0.369611 -1.004571 220 32 32
0.454633 -0.335165 -1.004571 220 32 32
0.484545 -0.335165 -1.043553 220 32 32
0.478991 -0.292977 -1.043553 220 32 32
0.462707 -0.253663 -1.043553 220 32 32
0.436803 -0.219904 -1.043553 220 32 32
0.403044 -0.194000 -1.043553 220 32 32
0.363730 -0.177716 -1.043553 220 32 32
0.321542 -0.172162 -1.043553 220 32 32
0.279354 -0.177716 -1.043553 220 32 32
0.240041 -0.194000 -1.043553 220 32 32
0.206282 -0.219904 -1.043553 220 32 32
0.180378 -0.253663 -1.043553 220 32 32
0.164094 -0.292977 -1.043553 220 32 32
0.158539 -0.335165 -1.043553 220 32 32
0.164094 -0.377353 -1.043553 220 32 32
0.180378 -0.416666 -1.043553 220 32 32
0.206282 -0.450425 -1.043553 220 32 32
0.240041 -0.476329 -1.043553 220 32 32
0.279354 -0.492613 -1.043553 220 32 32
0.321542 -0.498168 -1.043553 220 32 32
0.363730 -0.492613 -1.043553 220 32 32
0.403044 -0.476329 -1.043553 220 32 32
0.436803 -0.450425 -1.043553 220 32 32
0.462707 -0.416666 -1.043553 220 32 32
0.478991 -0.377353 -1.043553 220 32 32
0.484545 -0.335165 -1.043553 220 32 32
0.503348 -0.335165 -1.088948 220 32 32
0.497153 -0.288110 -1.088948 220 32 32
0.478991 -0.244262 -1.088948 220 32 32
0.450098 -0.206608 -1.088948 220 32 32
0.412445 -0.177716 -1.088948 220 32 32
0.368597 -0.159554 -1.088948 220 32 32
0.321542 -0.153359 -1.088948 220 32 32
0.274487 -0.159554 -1.088948 220 32 32
0.230639 -0.177716 -1.088948 220 32 32
0.192986 -0.206608 -1.088948 220 32 32
0.164094 -0.244262 -1.088948 220 32 32
0.145931 -0.288110 -1.088948 220 32 32
0.139736 -0.335165 -1.088948 220 32 32
0.145931 -0.382220 -1.088948 220 32 32
0.164094 -0.426068 -1.088948 220 32 32
0.192986 -0.463721 -1.088948 220 32 32
0.230639 -0.492613 -1.088948 220 32 32
0.274487 -0.510776 -1.088948 220 32 32
0.321542 -0.516971 -1.088948 220 32 32
0.368597 -0.510776 -1.088948 220 32 32
0.412445 -0.492613 -1.088948 220 32 32
0.450098 -0.463721 -1.088948 220 32 32
0.478991 -0.426068 -1.088948 220 32 32
0.497153 -0.382220 -1.088948 220 32 32
0.503348 -0.335165 -1.088948 220 32 32
0.509762 -0.335165 -1.137662 220 32 32
0.503348 -0.286450 -1.137662 220 32 32
0.484545 -0.241055 -1.137662 220 32 32
0.454633 -0.202074 -1.137662 220 32 32
0.415652 -0.172162 -1.137662 220 32 32
0.370257 -0.153359 -1.137662 220 32 32
0.321542 -0.146945 -1.137662 220 32 32
0.272827 -0.153359 -1.137662 220 32 32
0.227432 -0.172162 -1.137662 220 32 32
0.188451 -0.202074 -1.137662 220 32 32
0.158539 -0.241055 -1.137662 220 32 32
0.139736 -0.286450 -1.137662 220 32 32
0.133323 -0.335165 -1.137662 220 32 32
0.139736 -0.383880 -1.137662 220 32 32
0.158539 -0.429274 -1.137662 220 32 32
0.188451 -0.468256 -1.137662 220 32 32
0.227432 -0.498168 -1.137662 220 32 32
0.272827 -0.516971 -1.137662 220 32 32
0.321542 -0.523384 -1.137662 220 32 32
0.370257 -0.516971 -1.137662 220 32 32
0.415652 -0.498168 -1.137662 220 32 32
0.454633 -0.468256 -1.137662 220 32 32
0.484545 -0.429274 -1.137662 220 32 32
0.503348 -0.383880 -1.137662 220 32 32
0.509762 -0.335165 -1.137662 220 32 32
0.503348 -0.335165 -1.186377 220 32 32
0.497153 -0.288110 -1.186377 220 32 32
0.478991 -0.244262 -1.186377 220 32 32
0.450098 -0.206608 -1.186377 220 32 32
0.412445 -0.177716 -1.186377 220 32 32
0.368597 -0.159554 -1.186377 220 32 32
0.321542 -0.153359 -1.186377 220 32 32
0.274487 -0.159554 -1.186377 220 32 32
0.230639 -0.177716 -1.186377 220 32 32
0.192986 -0.206608 -1.186377 220 32 32
0.164094 -0.244262 -1.186377 220 32 32
0.145931 -0.288110 -1.186377 220 32 32
0.139736 -0.335165 -1.186377 220 32 32
0.145931 -0.382220 -1.186377 220 32 32
0.164094 -0.426068 -1.186377 220 32 32
0.192986 -0.463721 -1.186377 220 32 32
0.230639 -0.492613 -1.186377 220 32 32
0.274487 -0.510776 -1.186377 220 32 32
0.321542 -0.516971 -1.186377 220 32 32
0.368597 -0.510776 -1.186377 220 32 32
0.412445 -0.492613 -1.186377 220 32 32
0.450098 -0.463721 -1.186377 220 32 32
0.478991 -0.426068 -1.186377 220 32 32
0.497153 -0.382220 -1.186377 220 32 32
0.503348 -0.335165 -1.186377 220 32 32
0.484545 -0.335165 -1.231772 220 32 32
0.478991 -0.292977 -1.231772 220 32 32
0.462707 -0.253663 -1.231772 220 32 32
0.436803 -0.219904 -1.231772 220 32 32
0.403044 -0.194000 -1.231772 220 32 32
0.363730 -0.177716 -1.231772 220 32 32
0.321542 -0.172162 -1.231772 220 32 32
0.279354 -0.177716 -1.231772 220 32 32
0.240041 -0.194000 -1.231772 220 32 32
0.206282 -0.219904 -1.231772 220 32 32
0.180378 -0.253663 -1.231772 220 32 32
0.164094 -0.292977 -1.231772 220 32 32
0.158539 -0.335165 -1.231772 220 32 32
0.164094 -0.377353 -1.231772 220 32 32
0.180378 -0.416666 -1.231772 220 32 32
0.206282 -0.450425 -1.231772 220 32 32
0.240041 -0.476329 -1.231772 220 32 32
0.279354 -0.492613 -1.231772 220 32 32
0.321542 -0.498168 -1.231772 220 32 32
0.363730 -0.492613 -1.231772 220 32 32
0.403044 -0.476329 -1.231772 220 32 32
0.436803 -0.450425 -1.231772 220 32 32
0.462707 -0.416666 -1.231772 220 32 32
0.478991 -0.377353 -1.231772 220 32 32
0.484545 -0.335165 -1.231772 220 32 32
0.454633 -0.335165 -1.270754 220 32 32
0.450098 -0.300718 -1.270754 220 32 32
0.436803 -0.268619 -1.270754 220 32 32
0.415652 -0.241055 -1.270754 220 32 32
0.388088 -0.219904 -1.270754 220 32 32
0.355989 -0.206608 -1.270754 220 32 32
0.321542 -0.202074 -1.270754 220 32 32
0.287096 -0.206608 -1.270754 220 32 32
0.254997 -0.219904 -1.270754 220 32 32
0.227432 -0.241055 -1.270754 220 32 32
0.206282 -0.268619 -1.270754 220 32 32
0.192986 -0.300718 -1.270754 220 32 32
0.188451 -0.335165 -1.270754 220 32 32
0.192986 -0.369611 -1.270754 220 32 32
0.206282 -0.401710 -1.270754 220 32 32
0.227432 -0.429274 -1.270754 220 32 32
0.254997 -0.450425 -1.270754 220 32 32
0.287096 -0.463721 -1.270754 220 32 32
0.321542 -0.468256 -1.270754 220 32 32
0.355989 -0.463721 -1.270754 220 32 32
0.388088 -0.450425 -1.270754 220 32 32
0.415652 -0.429274 -1.270754 220 32 32
0.436803 -0.401710 -1.270754 220 32 32
0.450098 -0.369611 -1.270754 220 32 32
0.454633 -0.335165 -1.270754 220 32 32
0.415652 -0.335165 -1.300665 220 32 32
0.412445 -0.310807 -1.300665 220 32 32
0.403044 -0.288110 -1.300665 220 32 32
0.388088 -0.268619 -1.300665 220 32 32
0.368597 -0.253663 -1.300665 220 32 32
0.345900 -0.244262 -1.300665 220 32 32
0.321542 -0.241055 -1.300665 220 32 32
0.297185 -0.244262 -1.300665 220 32 32
0.274487 -0.253663 -1.300665 220 32 32
0.254997 -0.268619 -1.300665 220 32 32
0.240041 -0.288110 -1.300665 220 32 32
0.230639 -0.310807 -1.300665 220 32 32
0.227432 -0.335165 -1.300665 220 32 32
0.230639 -0.359522 -1.300665 220 32 32
0.240041 -0.382220 -1.300665 220 32 32
0.254997 -0.401710 -1.300665 220 32 32
0.274487 -0.416666 -1.300665 220 32 32
0.297185 -0.426068 -1.300665 220 32 32
0.321542 -0.429274 -1.300665 220 32 32
0.345900 -0.426068 -1.300665 220 32 32
0.368597 -0.416666 -1.300665 220 32 32
0.388088 -0.401710 -1.300665 220 32 32
0.403044 -0.382220 -1.300665 220 32 32
0.412445 -0.359522 -1.300665 220 32 32
0.415652 -0.335165 -1.300665 220 32 32
0.370257 -0.335165 -1.319468 220 32 32
0.368597 -0.322556 -1.319468 220 32 32
0.363730 -0.310807 -1.319468 220 32 32
0.355989 -0.300718 -1.319468 220 32 32
0.345900 -0.292977 -1.319468 220 32 32
0.334150 -0.288110 -1.319468 220 32 32
0.321542 -0.286450 -1.319468 220 32 32
0.308934 -0.288110 -1.319468 220 32 32
0.297185 -0.292977 -1.319468 220 32 32
0.287096 -0.300718 -1.319468 220 32 32
0.279354 -0.310807 -1.319468 220 32 32
0.274487 -0.322556 -1.319468 220 32 32
0.272827 -0.335165 -1.319468 220 32 32
0.274487 -0.347773 -1.319468 220 32 32
0.279354 -0.359522 -1.319468 220 32 32
0.287096 -0.369611 -1.319468 220 32 32
0.297185 -0.377353 -1.319468 220 32 32
0.308934 -0.382220 -1.319468 220 32 32
0.321542 -0.383880 -1.319468 220 32 32
0.334150 -0.382220 -1.319468 220 32 32
0.345900 -0.377353 -1.319468 220 32 32
0.355989 -0.369611 -1.319468 220 32 32
0.363730 -0.359522 -1.319468 220 32 32
0.368597 -0.347773 -1.319468 220 32 32
0.370257 -0.335165 -1.319468 220 32 32
0.321542 -0.335165 -1.325882 220 32 32
0.321542 -0.335165 -1.325882 220 32 32
0.321542 -0.335165 -1.325882 220 32 32
0.321542 -0.335165 -1.325882 220 32 32
0.321542 -0.335165 -1.325882 220 32 32
0.321542 -0.335165 -1.325882 220 32 32
0.321542 -0.335165 -1.325882 220 32 32
0.321542 -0.335165 -1.325882 220 32 32
0.321542 -0.335165 -1.325882 220 32 32
0.321542 -0.335165 -1.325882 220 32 32
0.321542 -0.335165 -1.325882 220 32 32
0.321542 -0.335165 -1.325882 220 32 32
0.321542 -0.335165 -1.325882 220 32 32
0.321542 -0.335165 -1.325882 220 32 32
0.321542 -0.335165 -1.325882 220 32 32
0.321542 -0.335165 -1.325882 220 32 32
0.321542 -0.335165 -1.325882 220 32 32
0.321542 -0.335165 -1.325882 220 32 32
0.321542 -0.335165 -1.325882 220 32 32
0.321542 -0.335165 -1.325882 220 32 32
0.321542 -0.335165 -1.325882 220 32 32
0.321542 -0.335165 -1.325882 220 32 32
0.321542 -0.335165 -1.325882 220 32 32
0.321542 -0.335165 -1.325882 220 32 32
0.321542 -0.335165 -1.325882 220 32 32
0.679752 0.185642 -1.618232 220 32 32
0.679752 0.185642 -1.618232 220 32 32
0.679752 0.185642 -1.618232 220 32 32
0.679752 0.185642 -1.618232 220 32 32
0.679752 0.185642 -1.618232 220 32 32
0.679752 0.185642 -1.618232 220 32 32
0.679752 0.185642 -1.618232 220 32 32
0.679752 0.185642 -1.618232 220 32 32
0.679752 0.185642 -1.618232 220 32 32
0.679752 0.185642 -1.618232 220 32 32
0.679752 0.185642 -1.618232 220 32 32
0.679752 0.185642 -1.618232 220 32 32
0.679752 0.185642 -1.618232 220 32 32
0.679752 0.185642 -1.618232 220 32 32
0.679752 0.185642 -1.618232 220 32 32
0.679752 0.185642 -1.618232 220 32 32
0.679752 0.185642 -1.618232 220 32 32
0.679752 0.185642 -1.618232 220 32 32
0.679752 0.185642 -1.618232 220 32 32
0.679752 0.185642 -1.618232 220 32 32
0.679752 0.185642 -1.618232 220 32 32
0.679752 0.185642 -1.618232 220 32 32
0.679752 0.185642 -1.618232 220 32 32
0.679752 0.185642 -1.618232 220 32 32
0.679752 0.185642 -1.618232 220 32 32
0.728467 0.185642 -1.624645 220 32 32
0.726807 0.198250 -1.624645 220 32 32
0.721940 0.209999 -1.624645 220 32 32
0.714199 0.220089 -1.624645 220 32 32
0.704109 0.227830 -1.624645 220 32 32
0.692360 0.232697 -1.624645 220 32 32
0.679752 0.234357 -1.624645 220 32 32
0.667144 0.232697 -1.624645 220 32 32
0.655395 0.227830 -1.624645 220 32 32
0.645306 0.220089 -1.624645 220 32 32
0.637564 0.209999 -1.624645 220 32 32
0.632697 0.198250 -1.624645 220 32 32
0.631037 0.185642 -1.624645 220 32 32
0.632697 0.173034 -1.624645 220 32 32
0.637564 0.161285 -1.624645 220 32 32
0.645306 0.151196 -1.624645 220 32 32
0.655395 0.143454 -1.624645 220 32 32
0.667144 0.138587 -1.624645 220 32 32
0.679752 0.136927 -1.624645 220 32 32
0.692360 0.138587 -1.624645 220 32 32
0.704109 0.143454 -1.624645 220 32 32
0.714199 0.151196 -1.624645 220 32 32
0.721940 0.161285 -1.624645 220 32 32
0.726807 0.173034 -1.624645 220 32 32
0.728467 0.185642 -1.624645 220 32 32
0.773862 0.185642 -1.643448 220 32 32
0.770655 0.209999 -1.643448 220 32 32
0.761254 0.232697 -1.643448 220 32 32
0.746298 0.252188 -1.643448 220 32 32
0.726807 0.267143 -1.643448 220 32 32
0.704109 0.276545 -1.643448 220 32 32
0.679752 0.279752 -1.643448 220 32 32
0.655395 0.276545 -1.643448 220 32 32
0.632697 0.267143 -1.643448 220 32 32
0.613206 0.252188 -1.643448 220 32 32
0.598251 0.232697 -1.643448 220 32 32
0.588849 0.209999 -1.643448 220 32 32
0.585642 0.185642 -1.643448 220 32 32
0.588849 0.161285 -1.643448 220 32 32
0.598251 0.138587 -1.643448 220 32 32
0.613206 0.119096 -1.643448 220 32 32
0.632697 0.104141 -1.643448 220 32 32
0.655395 0.094739 -1.643448 220 32 32
0.679752 0.091532 -1.643448 220 32 32
0.704109 0.094739 -1.643448 220 32 32
0.726807 0.104141 -1.643448 220 32 32
0.746298 0.119096 -1.643448 220 32 32
0.761254 0.138587 -1.643448 220 32 32
0.770655 0.161285 -1.643448 220 32 32
0.773862 0.185642 -1.643448 220 32 32
0.812843 0.185642 -1.673360 220 32 32
0.808308 0.220089 -1.673360 220 32 32
0.795012 0.252188 -1.673360 220 32 32
0.773862 0.279752 -1.673360 220 32 32
0.746298 0.300902 -1.673360 220 32 32
0.714199 0.314198 -1.673360 220 32 32
0.679752 0.318733 -1.673360 220 32 32
0.645306 0.314198 -1.673360 220 32 32
0.613206 0.300902 -1.673360 220 32 32
0.585642 0.279752 -1.673360 220 32 32
0.564492 0.252188 -1.673360 220 32 32
0.551196 0.220089 -1.673360 220 32 32
0.546661 0.185642 -1.673360 220 32 32
0.551196 0.151196 -1.673360 220 32 32
0.564492 0.119096 -1.673360 220 32 32
0.585642 0.091532 -1.673360 220 32 32
0.613206 0.070382 -1.673360 220 32 32
0.645306 0.057086 -1.673360 220 32 32
0.679752 0.052551 -1.673360 220 32 32
0.714199 0.057086 -1.673360 220 32 32
0.746298 0.070382 -1.673360 220 32 32
0.773862 0.091532 -1.673360 220 32 32
0.795012 0.119096 -1.673360 220 32 32
0.808308 0.151196 -1.673360 220 32 32
0.812843 0.185642 -1.673360 220 32 32
0.842755 0.185642 -1.712341 220 32 32
0.837201 0.227830 -1.712341 220 32 32
0.820917 0.267143 -1.712341 220 32 32
0.795012 0.300902 -1.712341 220 32 32
0.761254 0.326807 -1.712341 220 32 32
0.721940 0.343091 -1.712341 220 32 32
0.679752 0.348645 -1.712341 220 32 32
0.637564 0.343091 -1.712341 220 32 32
0.598251 0.326807 -1.712341 220 32 32
0.564492 0.300902 -1.712341 220 32 32
0.538588 0.267143 -1.712341 220 32 32
0.522303 0.227830 -1.712341 220 32 32
0.516749 0.185642 -1.712341 220 32 32
0.522303 0.143454 -1.712341 220 32 32
0.538588 0.104141 -1.712341 220 32 32
0.564492 0.070382 -1.712341 220 32 32
0.598251 0.044478 -1.712341 220 32 32
0.637564 0.028193 -1.712341 220 32 32
0.679752 0.022639 -1.712341 220 32 32
0.721940 0.028193 -1.712341 220 32 32
0.761254 0.044478 -1.712341 220 32 32
0.795012 0.070382 -1.712341 220 32 32
0.820917 0.104141 -1.712341 220 32 32
0.837201 0.143454 -1.712341 220 32 32
0.842755 0.185642 -1.712341 220 32 32
0.861558 0.185642 -1.757736 220 32 32
0.855363 0.232697 -1.757736 220 32 32
0.837201 0.276545 -1.757736 220 32 32
0.808308 0.314198 -1.757736 220 32 32
0.770655 0.343091 -1.757736 220 32 32
0.726807 0.361253 -1.757736 220 32 32
0.679752 0.367448 -1.757736 220 32 32
0.632697 0.361253 -1.757736 220 32 32
0.588849 0.343091 -1.757736 220 32 32
0.551196 0.314198 -1.757736 220 32 32
0.522303 0.276545 -1.757736 220 32 32
0.504141 0.232697 -1.757736 220 32 32
0.497946 0.185642 -1.757736 220 32 32
0.504141 0.138587 -1.757736 220 32 32
0.522303 0.094739 -1.757736 220 32 32
0.551196 0.057086 -1.757736 220 32 32
0.588849 0.028193 -1.757736 220 32 32
0.632697 0.010031 -1.757736 220 32 32
0.679752 0.003836 -1.757736 220 32 32
0.726807 0.010031 -1.757736 220 32 32
0.770655 0.028193 -1.757736 220 32 32
0.808308 0.057086 -1.757736 220 32 32
0.837201 0.094739 -1.757736 220 32 32
0.855363 0.138587 -1.757736 220 32 32
0.861558 0.185642 -1.757736 220 32 32
0.867972 0.185642 -1.806451 220 32 32
0.861558 0.234357 -1.806451 220 32 32
0.842755 0.279752 -1.806451 220 32 32
0.812843 0.318733 -1.806451 220 32 32
0.773862 0.348645 -1.806451 220 32 32
0.728467 0.367448 -1.806451 220 32 32
0.679752 0.373861 -1.806451 220 32 32
0.631037 0.367448 -1.806451 220 32 32
0.585642 0.348645 -1.806451 220 32 32
0.546661 0.318733 -1.806451 220 32 32
0.516749 0.279752 -1.806451 220 32 32
0.497946 0.234357 -1.806451 220 32 32
0.491533 0.185642 -1.806451 220 32 32
0.497946 0.136927 -1.806451 220 32 32
0.516749 0.091532 -1.806451 220 32 32
0.546661 0.052551 -1.806451 220 32 32
0.585642 0.022639 -1.806451 220 32 32
0.631037 0.003836 -1.806451 220 32 32
0.679752 -0.002577 -1.806451 220 32 32
0.728467 0.003836 -1.806451 220 32 32
0.773862 0.022639 -1.806451 220 32 32
0.812843 0.052551 -1.806451 220 32 32
0.842755 0.091532 -1.806451 220 32 32
0.861558 0.136927 -1.806451 220 32 32
0.867972 0.185642 -1.806451 220 32 32
0.861558 0.185642 -1.855166 220 32 32
0.855363 0.232697 -1.855166 220 32 32
0.837201 0.276545 -1.855166 220 32 32
0.808308 0.314198 -1.855166 220 32 32
0.770655 0.343091 -1.855166 220 32 32
0.726807 0.361253 -1.855166 220 32 32
0.679752 0.367448 -1.855166 220 32 32
0.632697 0.361253 -1.855166 220 32 32
0.588849 0.343091 -1.855166 220 32 32
0.551196 0.314198 -1.855166 220 32 32
0.522303 0.276545 -1.855166 220 32 32
0.504141 0.232697 -1.855166 220 32 32
0.497946 0.185642 -1.855166 220 32 32
0.504141 0.138587 -1.855166 220 32 32
0.522303 0.094739 -1.855166 220 32 32
0.551196 0.057086 -1.855166 220 32 32
0.588849 0.028193 -1.855166 220 32 32
0.632697 0.010031 -1.855166 220 32 32
0.679752 0.003836 -1.855166 220 32 32
0.726807 0.010031 -1.855166 220 32 32
0.770655 0.028193 -1.855166 220 32 32
0.808308 0.057086 -1.855166 220 32 32
0.837201 0.094739 -1.855166 220 32 32
0.855363 0.138587 -1.855166 220 32 32
0.861558 0.185642 -1.855166 220 32 32
0.842755 0.185642 -1.900561 220 32 32
0.837201 0.227830 -1.900561 220 32 32
0.820917 0.267143 -1.900561 220 32 32
0.795012 0.300902 -1.900561 220 32 32
0.761254 0.326807 -1.900561 220 32 32
0.721940 0.343091 -1.900561 220 32 32
0.679752 0.348645 -1.900561 220 32 32
0.637564 0.343091 -1.900561 220 32 32
0.598251 0.326807 -1.900561 220 32 32
0.564492 0.300902 -1.900561 220 32 32
0.538588 0.267143 -1.900561 220 32 32
0.522303 0.227830 -1.900561 220 32 32
0.516749 0.185642 -1.900561 220 32 32
0.522303 0.143454 -1.900561 220 32 32
0.538588 0.104141 -1.900561 220 32 32
0.564492 0.070382 -1.900561 220 32 32
0.598251 0.044478 -1.900561 220 32 32
0.637564 0.028193 -1.900561 220 32 32
0.679752 0.022639 -1.900561 220 32 32
0.721940 0.028193 -1.900561 220 32 32
0.761254 0.044478 -1.900561 220 32 32
0.795012 0.070382 -1.900561 220 32 32
0.820917 0.104141 -1.900561 220 32 32
0.837201 0.143454 -1.900561 220 32 32
0.842755 0.185642 -1.900561 220 32 32
0.812843 0.185642 -1.939542 220 32 32
0.808308 0.220089 -1.939542 220 32 32
0.795012 0.252188 -1.939542 220 32 32
0.773862 0.279752 -1.939542 220 32 32
0.746298 0.300902 -1.939542 220 32 32
0.714199 0.314198 -1.939542 220 32 32
0.679752 0.318733 -1.939542 220 32 32
0.645306 0.314198 -1.939542 220 32 32
0.613206 0.300902 -1.939542 220 32 32
0.585642 0.279752 -1.939542 220 32 32
0.564492 0.252188 -1.939542 220 32 32
0.551196 0.220089 -1.939542 220 32 32
0.546661 0.185642 -1.939542 220 32 32
0.551196 0.151196 -1.939542 220 32 32
0.564492 0.119096 -1.939542 220 32 32
0.585642 0.091532 -1.939542 220 32 32
0.613206 0.070382 -1.939542 220 32 32
0.645306 0.057086 -1.939542 220 32 32
0.679752 0.052551 -1.939542 220 32 32
0.714199 0.057086 -1.939542 220 32 32
0.746298 0.070382 -1.939542 220 32 32
0.773862 0.091532 -1.939542 220 32 32
0.795012 0.119096 -1.939542 220 32 32
0.808308 0.151196 -1.939542 220 32 32
0.812843 0.185642 -1.939542 220 32 32
0.773862 0.185642 -1.969454 220 32 32
0.770655 0.209999 -1.969454 220 32 32
0.761254 0.232697 -1.969454 220 32 32
0.746298 0.252188 -1.969454 220 32 32
0.726807 0.267143 -1.969454 220 32 32
0.704109 0.276545 -1.969454 220 32 32
0.679752 0.279752 -1.969454 220 32 32
0.655395 0.276545 -1.969454 220 32 32
0.632697 0.267143 -1.969454 220 32 32
0.613206 0.252188 -1.969454 220 32 32
0.598251 0.232697 -1.969454 220 32 32
0.588849 0.209999 -1.969454 220 32 32
0.585642 0.185642 -1.969454 220 32 32
0.588849 0.161285 -1.969454 220 32 32
0.598251 0.138587 -1.969454 220 32 32
0.613206 0.119096 -1.969454 220 32 32
0.632697 0.104141 -1.969454 220 32 32
0.655395 0.094739 -1.969454 220 32 32
0.679752 0.091532 -1.969454 220 32 32
0.704109 0.094739 -1.969454 220 32 32
0.726807 0.104141 -1.969454 220 32 32
0.746298 0.119096 -1.969454 220 32 32
0.761254 0.138587 -1.969454 220 32 32
0.770655 0.161285 -1.969454 220 32 32
0.773862 0.185642 -1.969454 220 32 32
0.728467 0.185642 -1.988257 220 32 32
0.726807 0.198250 -1.988257 220 32 32
0.721940 0.209999 -1.988257 220 32 32
0.714199 0.220089 -1.988257 220 32 32
0.704109 0.227830 -1.988257 220 32 32
0.692360 0.232697 -1.988257 220 32 32
0.679752 0.234357 -1.988257 220 32 32
0.667144 0.232697 -1.988257 220 32 32
0.655395 0.227830 -1.988257 220 32 32
0.645306 0.220089 -1.988257 220 32 32
0.637564 0.209999 -1.988257 220 32 32
0.632697 0.198250 -1.988257 220 32 32
0.631037 0.185642 -1.988257 220 32 32
0.632697 0.173034 -1.988257 220 32 32
0.637564 0.161285 -1.988257 220 32 32
0.645306 0.151196 -1.988257 220 32 32
0.655395 0.143454 -1.988257 220 32 32
0.667144 0.138587 -1.988257 220 32 32
0.679752 0.136927 -1.988257 220 32 32
0.692360 0.138587 -1.988257 220 32 32
0.704109 0.143454 -1.988257 220 32 32
0.714199 0.151196 -1.988257 220 32 32
0.721940 0.161285 -1.988257 220 32 32
0.726807 0.173034 -1.988257 220 32 32
0.728467 0.185642 -1.988257 220 32 32
0.679752 0.185642 -1.994671 220 32 32
0.679752 0.185642 -1.994671 220 32 32
0.679752 0.185642 -1.994671 220 32 32
0.679752 0.185642 -1.994671 220 32 32
0.679752 0.185642 -1.994671 220 32 32
0.679752 0.185642 -1.994671 220 32 32
0.679752 0.185642 -1.994671 220 32 32
0.679752 0.185642 -1.994671 220 32 32
0.679752 0.185642 -1.994671 220 32 32
0.679752 0.185642 -1.994671 220 32 32
0.679752 0.185642 -1.994671 220 32 32
0.679752 0.185642 -1.994671 220 32 32
0.679752 0.185642 -1.994671 220 32 32
0.679752 0.185642 -1.994671 220 32 32
0.679752 0.185642 -1.994671 220 32 32
0.679752 0.185642 -1.994671 220 32 32
0.679752 0.185642 -1.994671 220 32 32
0.679752 0.185642 -1.994671 220 32 32
0.679752 0.185642 -1.994671 220 32 32
0.679752 0.185642 -1.994671 220 32 32
0.679752 0.185642 -1.994671 220 32 32
0.679752 0.185642 -1.994671 220 32 32
0.679752 0.185642 -1.994671 220 32 32
0.679752 0.185642 -1.994671 220 32 32
0.679752 0.185642 -1.994671 220 32 32
3 1 26 25
3 2 27 26
3 3 28 27
3 4 29 28
3 5 30 29
3 6 31 30
3 7 32 31
3 8 33 32
3 9 34 33
3 10 35 34
3 11 36 35
3 12 37 36
3 13 38 37
3 14 39 38
3 15 40 39
3 16 41 40
3 17 42 41
3 18 43 42
3 19 44 43
3 20 45 44
3 21 46 45
3 22 47 46
3 23 48 47
3 24 49 48
3 25 26 50
3 26 51 50
3 26 27 51
3 27 52 51
3 27 28 52
3 28 53 52
3 28 29 53
3 29 54 53
3 29 30 54
3 30 55 54
3 30 31 55
3 31 56 55
3 31 32 56
3 32 57 56
3 32 33 57
3 33 58 57
3 33 34 58
3 34 59 58
3 34 35 59
3 35 60 59
3 35 36 60
3 36 61 60
3 36 37 61
3 37 62 61
3 37 38 62
3 38 63 62
3 38 39 63
3 39 64 63
3 39 40 64
3 40 65 64
3 40 41 65
3 41 66 65
3 41 42 66
3 42 67 66
3 42 43 67
3 43 68 67
3 43 44 68
3 44 69 68
3 44 45 69
3 45 70 69
3 45 46 70
3 46 71 70
3 46 47 71
3 47 72 71
3 47 48 72
3 48 73 72
3 48 49 73
3 49 74 73
3 50 51 75
3 51 76 75
3 51 52 76
3 52 77 76
3 52 53 77
3 53 78 77
3 53 54 78
3 54 79 78
3 54 55 79
3 55 80 79
3 55 56 80
3 56 81 80
3 56 57 81
3 57 82 81
3 57 58 82
3 58 83 82
3 58 59 83
3 59 84 83
3 59 60 84
3 60 85 84
3 60 61 85
3 61 86 85
3 61 62 86
3 62 87 86
3 62 63 87
3 63 88 87
3 63 64 88
3 64 89 88
3 64 65 89
3 65 90 89
3 65 66 90
3 66 91 90
3 66 67 91
3 67 92 91
3 67 68 92
3 68 93 92
3 68 69 93
3 69 94 93
3 69 70 94
3 70 95 94
3 70 71 95
3 71 96 95
3 71 72 96
3 72 97 96
3 72 73 97
3 73 98 97
3 73 74 98
3 74 99 98
3 75 76 100
3 76 101 100
3 76 77 101
3 77 102 101
3 77 78 102
3 78 103 102
3 78 79 103
3 79 104 103
3 79 80 104
3 80 105 104
3 80 81 105
3 81 106 105
3 81 82 106
3 82 107 106
3 82 83 107
3 83 108 107
3 83 84 108
3 84 109 108
3 84 85 109
3 85 110 109
3 85 86 110
3 86 111 110
3 86 87 111
3 87 112 111
3 87 88 112
3 88 113 112
3 88 89 113
3 89 114 113
3 89 90 114
3 90 115 114
3 90 91 115
3 91 116 115
3 91 92 116
3 92 117 116
3 92 93 117
3 93 118 117
3 93 94 118
3 94 119 118
3 94 95 119
3 95 120 119
3 95 96 120
3 96 121 120
3 96 97 121
3 97 122 121
3 97 98 122
3 98 123 122
3 98 99 123
3 99 124 123
3 100 101 125
3 101 126 125
3 101 102 126
3 102 127 126
3 102 103 127
3 103 128 127
3 103 104 128
3 104 129 128
3 104 105 129
3 105 130 129
3 105 106 130
3 106 131 130
3 106 107 131
3 107 132 131
3 107 108 132
3 108 133 132
3 108 109 133
3 109 134 133
3 109 110 134
3 110 135 134
3 110 111 135
3 111 136 135
3 111 112 136
3 112 137 136
3 112 113 137
3 113 138 137
3 113 114 138
3 114 139 138
3 114 115 139
3 115 140 139
3 115 116 140
3 116 141 140
3 116 117 141
3 117 142 141
3 117 118 142
3 118 143 142
3 118 119 143
3 119 144 143
3 119 120 144
3 120 145 144
3 120 121 145
3 121 146 145
3 121 122 146
3 122 147 146
3 122 123 147
3 123 148 147
3 123 124 148
3 124 149 148
3 125 126 150
3 126 151 150
3 126 127 151
3 127 152 151
3 127 128 152
3 128 153 152
3 128 129 153
3 129 154 153
3 129 130 154
3 130 155 154
3 130 131 155
3 131 156 155
3 131 132 156
3 132 157 156
3 132 133 157
3 133 158 157
3 133 134 158
3 134 159 158
3 134 135 159
3 135 160 159
3 135 136 160
3 136 161 160
3 136 137 161
3 137 162 161
3 137 138 162
3 138 163 162
3 138 139 163
3 139 164 163
3 139 140 164
3 140 165 164
3 140 141 165
3 141 166 165
3 141 142 166
3 142 167 166
3 142 143 167
3 143 168 167
3 143 144 168
3 144 169 168
3 144 145 169
3 145 170 169
3 145 146 170
3 146 171 170
3 146 147 171
3 147 172 171
3 147 148 172
3 148 173 172
3 148 149 173
3 149 174 173
3 150 151 175
3 151 176 175
3 151 152 176
3 152 177 176
3 152 153 177
3 153 178 177
3 153 154 178
3 154 179 178
3 154 155 179
3 155 180 179
3 155 156 180
3 156 181 180
3 156 157 181
3 157 182 181
3 157 158 182
3 158 183 182
3 158 159 183
3 159 184 183
3 159 160 184
3 160 185 184
3 160 161 185
3 161 186 185
3 161 162 186
3 162 187 186
3 162 163 187
3 163 188 187
3 163 164 188
3 164 189 188
3 164 165 189
3 165 190 189
3 165 166 190
3 166 191 190
3 166 167 191
3 167 192 191
3 167 168 192
3 168 193 192
3 168 169 193
3 169 194 193
3 169 170 194
3 170 195 194
3 170 171 195
3 171 196 195
3 171 172 196
3 172 197 196
3 172 173 197
3 173 198 197
3 173 174 198
3 174 199 198
3 175 176 200
3 176 201 200
3 176 177 201
3 177 202 201
3 177 178 202
3 178 203 202
3 178 179 203
3 179 204 203
3 179 180 204
3 180 205 204
3 180 181 205
3 181 206 205
3 181 182 206
3 182 207 206
3 182 183 207
3 183 208 207
3 183 184 208
3 184 209 208
3 184 185 209
3 185 210 209
3 185 186 210
3 186 211 210
3 186 187 211
3 187 212 211
3 187 188 212
3 188 213 212
3 188 189 213
3 189 214 213
3 189 190 214
3 190 215 214
3 190 191 215
3 191 216 215
3 191 192 216
3 192 217 216
3 192 193 217
3 193 218 217
3 193 194 218
3 194 219 218
3 194 195 219
3 195 220 219
3 195 196 220
3 196 221 220
3 196 197 221
3 197 222 221
3 197 198 222
3 198 223 222
3 198 199 223
3 199 224 223
3 200 201 225
3 201 226 225
3 201 202 226
3 202 227 226
3 202 203 227
3 203 228 227
3 203 204 228
3 204 229 228
3 204 205 229
3 205 230 229
3 205 206 230
3 206 231 230
3 206 207 231
3 207 232 231
3 207 208 232
3 208 233 232
3 208 209 233
3 209 234 233
3 209 210 234
3 210 235 234
3 210 211 235
3 211 236 235
3 211 212 236
3 212 237 236
3 212 213 237
3 213 238 237
3 213 214 238
3 214 239 238
3 214 215 239
3 215 240 239
3 215 216 240
3 216 241 240
3 216 217 241
3 217 242 241
3 217 218 242
3 218 243 242
3 218 219 243
3 219 244 243
3 219 220 244
3 220 245 244
3 220 221 245
3 221 246 245
3 221 222 246
3 222 247 246
3 222 223 247
3 223 248 247
3 223 224 248
3 224 249 248
3 225 226 250
3 226 251 250
3 226 227 251
3 227 252 251
3 227 228 252
3 228 253 252
3 228 229 253
3 229 254 253
3 229 230 254
3 230 255 254
3 230 231 255
3 231 256 255
3 231 232 256
3 232 257 256
3 232 233 257
3 233 258 257
3 233 234 258
3 234 259 258
3 234 235 259
3 235 260 259
3 235 236 260
3 236 261 260
3 236 237 261
3 237 262 261
3 237 238 262
3 238 263 262
3 238 239 263
3 239 264 263
3 239 240 264
3 240 265 264
3 240 241 265
3 241 266 265
3 241 242 266
3 242 267 266
3 242 243 267
3 243 268 267
3 243 244 268
3 244 269 268
3 244 245 269
3 245 270 269
3 245 246 270
3 246 271 270
3 246 247 271
3 247 272 271
3 247 248 272
3 248 273 272
3 248 249 273
3 249 274 273
3 250 251 275
3 251 276 275
3 251 252 276
3 252 277 276
3 252 253 277
3 253 278 277
3 253 254 278
3 254 279 278
3 254 255 279
3 255 280 279
3 255 256 280
3 256 281 280
3 256 257 281
3 257 282 281
3 257 258 282
3 258 283 282
3 258 259 283
3 259 284 283
3 259 260 284
3 260 285 284
3 260 261 285
3 261 286 285
3 261 262 286
3 262 287 286
3 262 263 287
3 263 288 287
3 263 264 288
3 264 289 288
3 264 265 289
3 265 290 289
3 265 266 290
3 266 291 290
3 266 267 291
3 267 292 291
3 267 268 292
3 268 293 292
3 268 269 293
3 269 294 293
3 269 270 294
3 270 295 294
3 270 271 295
3 271 296 295
3 271 272 296
3 272 297 296
3 272 273 297
3 273 298 297
3 273 274 298
3 274 299 298
3 275 276 300
3 276 277 301
3 277 278 302
3 278 279 303
3 279 280 304
3 280 281 305
3 281 282 306
3 282 283 307
3 283 284 308
3 284 285 309
3 285 286 310
3 286 287 311
3 287 288 312
3 288 289 313
3 289 290 314
3 290 291 315
3 291 292 316
3 292 293 317
3 293 294 318
3 294 295 319
3 295 296 320
3 296 297 321
3 297 298 322
3 298 299 323
3 326 351 350
3 327 352 351
3 328 353 352
3 329 354 353
3 330 355 354
3 331 356 355
3 332 357 356
3 333 358 357
3 334 359 358
3 335 360 359
3 336 361 360
3 337 362 361
3 338 363 362
3 339 364 363
3 340 365 364
3 341 366 365
3 342 367 366
3 343 368 367
3 344 369 368
3 345 370 369
3 346 371 370
3 347 372 371
3 348 373 372
3 349 374 373
3 350 351 375
3 351 376 375
3 351 352 376
3 352 377 376
3 352 353 377
3 353 378 377
3 353 354 378
3 354 379 378
3 354 355 379
3 355 380 379
3 355 356 380
3 356 381 380
3 356 357 381
3 357 382 381
3 357 358 382
3 358 383 382
3 358 359 383
3 359 384 383
3 359 360 384
3 360 385 384
3 360 361 385
3 361 386 385
3 361 362 386
3 362 387 386
3 362 363 387
3 363 388 387
3 363 364 388
3 364 389 388
3 364 365 389
3 365 390 389
3 365 366 390
3 366 391 390
3 366 367 391
3 367 392 391
3 367 368 392
3 368 393 392
3 368 369 393
3 369 394 393
3 369 370 394
3 370 395 394
3 370 371 395
3 371 396 395
3 371 372 396
3 372 397 396
3 372 373 397
3 373 398 397
3 373 374 398
3 374 399 398
3 375 376 400
3 376 401 400
3 376 377 401
3 377 402 401
3 377 378 402
3 378 403 402
3 378 379 403
3 379 404 403
3 379 380 404
3 380 405 404
3 380 381 405
3 381 406 405
3 381 382 406
3 382 407 406
3 382 383 407
3 383 408 407
3 383 384 408
3 384 409 408
3 384 385 409
3 385 410 409
3 385 386 410
3 386 411 410
3 386 387 411
3 387 412 411
3 387 388 412
3 388 413 412
3 388 389 413
3 389 414 413
3 389 390 414
3 390 415 414
3 390 391 415
3 391 416 415
3 391 392 416
3 392 417 416
3 392 393 417
3 393 418 417
3 393 394 418
3 394 419 418
3 394 395 419
3 395 420 419
3 395 396 420
3 396 421 420
3 396 397 421
3 397 422 421
3 397 398 422
3 398 423 422
3 398 399 423
3 399 424 423
3 400 401 425
3 401 426 425
3 401 402 426
3 402 427 426
3 402 403 427
3 403 428 427
3 403 404 428
3 404 429 428
3 404 405 429
3 405 430 429
3 405 406 430
3 406 431 430
3 406 407 431
3 407 432 431
3 407 408 432
3 408 433 432
3 408 409 433
3 409 434 433
3 409 410 434
3 410 435 434
3 410 411 435
3 411 436 435
3 411 412 436
3 412 437 436
3 412 413 437
3 413 438 437
3 413 414 438
3 414 439 438
3 414 415 439
3 415 440 439
3 415 416 440
3 416 441 440
3 416 417 441
3 417 442 441
3 417 418 442
3 418 443 442
3 418 419 443
3 419 444 443
3 419 420 444
3 420 445 444
3 420 421 445
3 421 446 445
3 421 422 446
3 422 447 446
3 422 423 447
3 423 448 447
3 423 424 448
3 424 449 448
3 425 426 450
3 426 451 450
3 426 427 451
3 427 452 451
3 427 428 452
3 428 453 452
3 428 429 453
3 429 454 453
3 429 430 454
3 430 455 454
3 430 431 455
3 431 456 455
3 431 432 456
3 432 457 456
3 432 433 457
3 433 458 457
3 433 434 458
3 434 459 458
3 434 435 459
3 435 460 459
3 435 436 460
3 436 461 460
3 436 437 461
3 437 462 461
3 437 438 462
3 438 463 462
3 438 439 463
3 439 464 463
3 439 440 464
3 440 465 464
3 440 441 465
3 441 466 465
3 441 442 466
3 442 467 466
3 442 443 467
3 443 468 467
3 443 444 468
3 444 469 468
3 444 445 469
3 445 470 469
3 445 446 470
3 446 471 470
3 446 447 471
3 447 472 471
3 447 448 472
3 448 473 472
3 448 449 473
3 449 474 473
3 450 451 475
3 451 476 475
3 451 452 476
3 452 477 476
3 452 453 477
3 453 478 477
3 453 454 478
3 454 479 478
3 454 455 479
3 455 480 479
3 455 456 480
3 456 481 480
3 456 457 481
3 457 482 481
3 457 458 482
3 458 483 482
3 458 459 483
3 459 484 483
3 459 460 484
3 460 485 484
3 460 461 485
3 461 486 485
3 461 462 486
3 462 487 486
3 462 463 487
3 463 488 487
3 463 464 488
3 464 489 488
3 464 465 489
3 465 490 489
3 465 466 490
3 466 491 490
3 466 467 491
3 467 492 491
3 467 468 492
3 468 493 492
3 468 469 493
3 469 494 493
3 469 470 494
3 470 495 494
3 470 471 495
3 471 496 495
3 471 472 496
3 472 497 496
3 472 473 497
3 473 498 497
3 473 474 498
3 474 499 498
3 475 476 500
3 476 501 500
3 476 477 501
3 477 502 501
3 477 478 502
3 478 503 502
3 478 479 503
3 479 504 503
3 479 480 504
3 480 505 504
3 480 481 505
3 481 506 505
3 481 482 506
3 482 507 506
3 482 483 507
3 483 508 507
3 483 484 508
3 484 509 508
3 484 485 509
3 485 510 509
3 485 486 510
3 486 511 510
3 486 487 511
3 487 512 511
3 487 488 512
3 488 513 512
3 488 489 513
3 489 514 513
3 489 490 514
3 490 515 514
3 490 491 515
3 491 516 515
3 491 492 516
3 492 517 516
3 492 493 517
3 493 518 517
3 493 494 518
3 494 519 518
3 494 495 519
3 495 520 519
3 495 496 520
3 496 521 520
3 496 497 521
3 497 522 521
3 497 498 522
3 498 523 522
3 498 499 523
3 499 524 523
3 500 501 525
3 501 526 525
3 501 502 526
3 502 527 526
3 502 503 527
3 503 528 527
3 503 504 528
3 504 529 528
3 504 505 529
3 505 530 529
3 505 506 530
3 506 531 530
3 506 507 531
3 507 532 531
3 507 508 532
3 508 533 532
3 508 509 533
3 509 534 533
3 509 510 534
3 510 535 534
3 510 511 535
3 511 536 535
3 511 512 536
3 512 537 536
3 512 513 537
3 513 538 537
3 513 514 538
3 514 539 538
3 514 515 539
3 515 540 539
3 515 516 540
3 516 541 540
3 516 517 541
3 517 542 541
3 517 518 542
3 518 543 542
3 518 519 543
3 519 544 543
3 519 520 544
3 520 545 544
3 520 521 545
3 521 546 545
3 521 522 546
3 522 547 546
3 522 523 547
3 523 548 547
3 523 524 548
3 524 549 548
3 525 526 550
3 526 551 550
3 526 527 551
3 527 552 551
3 527 528 552
3 528 553 552
3 528 529 553
3 529 554 553
3 529 530 554
3 530 555 554
3 530 531 555
3 531 556 555
3 531 532 556
3 532 557 556
3 532 533 557
3 533 558 557
3 533 534 558
3 534 559 558
3 534 535 559
3 535 560 559
3 535 536 560
3 536 561 560
3 536 537 561
3 537 562 561
3 537 538 562
3 538 563 562
3 538 539 563
3 539 564 563
3 539 540 564
3 540 565 564
3 540 541 565
3 541 566 565
3 541 542 566
3 542 567 566
3 542 543 567
3 543 568 567
3 543 544 568
3 544 569 568
3 544 545 569
3 545 570 569
3 545 546 570
3 546 571 570
3 546 547 571
3 547 572 571
3 547 548 572
3 548 573 572
3 548 549 573
3 549 574 573
3 550 551 575
3 551 576 575
3 551 552 576
3 552 577 576
3 552 553 577
3 553 578 577
3 553 554 578
3 554 579 578
3 554 555 579
3 555 580 579
3 555 556 580
3 556 581 580
3 556 557 581
3 557 582 581
3 557 558 582
3 558 583 582
3 558 559 583
3 559 584 583
3 559 560 584
3 560 585 584
3 560 561 585
3 561 586 585
3 561 562 586
3 562 587 586
3 562 563 587
3 563 588 587
3 563 564 588
3 564 589 588
3 564 565 589
3 565 590 589
3 565 566 590
3 566 591 590
3 566 567 591
3 567 592 591
3 567 568 592
3 568 593 592
3 568 569 593
3 569 594 593
3 569 570 594
3 570 595 594
3 570 571 595
3 571 596 595
3 571 572 596
3 572 597 596
3 572 573 597
3 573 598 597
3 573 574 598
3 574 599 598
3 575 576 600
3 576 601 600
3 576 577 601
3 577 602 601
3 577 578 602
3 578 603 602
3 578 579 603
3 579 604 603
3 579 580 604
3 580 605 604
3 580 581 605
3 581 606 605
3 581 582 606
3 582 607 606
3 582 583 607
3 583 608 607
3 583 584 608
3 584 609 608
3 584 585 609
3 585 610 609
3 585 586 610
3 586 611 610
3 586 587 611
3 587 612 611
3 587 588 612
3 588 613 612
3 588 589 613
3 589 614 613
3 589 590 614
3 590 615 614
3 590 591 615
3 591 616 615
3 591 592 616
3 592 617 616
3 592 593 617
3 593 618 617
3 593 594 618
3 594 619 618
3 594 595 619
3 595 620 619
3 595 596 620
3 596 621 620
3 596 597 621
3 597 622 621
3 597 598 622
3 598 623 622
3 598 599 623
3 599 624 623
3 600 601 625
3 601 602 626
3 602 603 627
3 603 604 628
3 604 605 629
3 605 606 630
3 606 607 631
3 607 608 632
3 608 609 633
3 609 610 634
3 610 611 635
3 611 612 636
3 612 613 637
3 613 614 638
3 614 615 639
3 615 616 640
3 616 617 641
3 617 618 642
3 618 619 643
3 619 620 644
3 620 621 645
3 621 622 646
3 622 623 647
3 623 624 648
3 651 676 675
3 652 677 676
3 653 678 677
3 654 679 678
3 655 680 679
3 656 681 680
3 657 682 681
3 658 683 682
3 659 684 683
3 660 685 684
3 661 686 685
3 662 687 686
3 663 688 687
3 664 689 688
3 665 690 689
3 666 691 690
3 667 692 691
3 668 693 692
3 669 694 693
3 670 695 694
3 671 696 695
3 672 697 696
3 673 698 697
3 674 699 698
3 675 676 700
3 676 701 700
3 676 677 701
3 677 702 701
3 677 678 702
3 678 703 702
3 678 679 703
3 679 704 703
3 679 680 704
3 680 705 704
3 680 681 705
3 681 706 705
3 681 682 706
3 682 707 706
3 682 683 707
3 683 708 707
3 683 684 708
3 684 709 708
3 684 685 709
3 685 710 709
3 685 686 710
3 686 711 710
3 686 687 711
3 687 712 711
3 687 688 712
3 688 713 712
3 688 689 713
3 689 714 713
3 689 690 714
3 690 715 714
3 690 691 715
3 691 716 715
3 691 692 716
3 692 717 716
3 692 693 717
3 693 718 717
3 693 694 718
3 694 719 718
3 694 695 719
3 695 720 719
3 695 696 720
3 696 721 720
3 696 697 721
3 697 722 721
3 697 698 722
3 698 723 722
3 698 699 723
3 699 724 723
3 700 701 725
3 701 726 725
3 701 702 726
3 702 727 726
3 702 703 727
3 703 728 727
3 703 704 728
3 704 729 728
3 704 705 729
3 705 730 729
3 705 706 730
3 706 731 730
3 706 707 731
3 707 732 731
3 707 708 732
3 708 733 732
3 708 709 733
3 709 734 733
3 709 710 734
3 710 735 734
3 710 711 735
3 711 736 735
3 711 712 736
3 712 737 736
3 712 713 737
3 713 738 737
3 713 714 738
3 714 739 738
3 714 715 739
3 715 740 739
3 715 716 740
3 716 741 740
3 716 717 741
3 717 742 741
3 717 718 742
3 718 743 742
3 718 719 743
3 719 744 743
3 719 720 744
3 720 745 744
3 720 721 745
3 721 746 745
3 721 722 746
3 722 747 746
3 722 723 747
3 723 748 747
3 723 724 748
3 724 749 748
3 725 726 750
3 726 751 750
3 726 727 751
3 727 752 751
3 727 728 752
3 728 753 752
3 728 729 753
3 729 754 753
3 729 730 754
3 730 755 754
3 730 731 755
3 731 756 755
3 731 732 756
3 732 757 756
3 732 733 757
3 733 758 757
3 733 734 758
3 734 759 758
3 734 735 759
3 735 760 759
3 735 736 760
3 736 761 760
3 736 737 761
3 737 762 761
3 737 738 762
3 738 763 762
3 738 739 763
3 739 764 763
3 739 740 764
3 740 765 764
3 740 741 765
3 741 766 765
3 741 742 766
3 742 767 766
3 742 743 767
3 743 768 767
3 743 744 768
3 744 769 768
3 744 745 769
3 745 770 769
3 745 746 770
3 746 771 770
3 746 747 771
3 747 772 771
3 747 748 772
3 748 773 772
3 748 749 773
3 749 774 773
3 750 751 775
3 751 776 775
3 751 752 776
3 752 777 776
3 752 753 777
3 753 778 777
3 753 754 778
3 754 779 778
3 754 755 779
3 755 780 779
3 755 756 780
3 756 781 780
3 756 757 781
3 757 782 781
3 757 758 782
3 758 783 782
3 758 759 783
3 759 784 783
3 759 760 784
3 760 785 784
3 760 761 785
3 761 786 785
3 761 762 786
3 762 787 786
3 762 763 787
3 763 788 787
3 763 764 788
3 764 789 788
3 764 765 789
3 765 790 789
3 765 766 790
3 766 791 790
3 766 767 791
3 767 792 791
3 767 768 792
3 768 793 792
3 768 769 793
3 769 794 793
3 769 770 794
3 770 795 794
3 770 771 795
3 771 796 795
3 771 772 796
3 772 797 796
3 772 773 797
3 773 798 797
3 773 774 798
3 774 799 798
3 775 776 800
3 776 801 800
3 776 777 801
3 777 802 801
3 777 778 802
3 778 803 802
3 778 779 803
3 779 804 803
3 779 780 804
3 780 805 804
3 780 781 805
3 781 806 805
3 781 782 806
3 782 807 806
3 782 783 807
3 783 808 807
3 783 784 808
3 784 809 808
3 784 785 809
3 785 810 809
3 785 786 810
3 786 811 810
3 786 787 811
3 787 812 811
3 787 788 812
3 788 813 812
3 788 789 813
3 789 814 813
3 789 790 814
3 790 815 814
3 790 791 815
3 791 816 815
3 791 792 816
3 792 817 816
3 792 793 817
3 793 818 817
3 793 794 818
3 794 819 818
3 794 795 819
3 795 820 819
3 795 796 820
3 796 821 820
3 796 797 821
3 797 822 821
3 797 798 822
3 798 823 822
3 798 799 823
3 799 824 823
3 800 801 825
3 801 826 825
3 801 802 826
3 802 827 826
3 802 803 827
3 803 828 827
3 803 804 828
3 804 829 828
3 804 805 829
3 805 830 829
3 805 806 830
3 806 831 830
3 806 807 831
3 807 832 831
3 807 808 832
3 808 833 832
3 808 809 833
3 809 834 833
3 809 810 834
3 810 835 834
3 810 811 835
3 811 836 835
3 811 812 836
3 812 837 836
3 812 813 837
3 813 838 837
3 813 814 838
3 814 839 838
3 814 815 839
3 815 840 839
3 815 816 840
3 816 841 840
3 816 817 841
3 817 842 841
3 817 818 842
3 818 843 842
3 818 819 843
3 819 844 843
3 819 820 844
3 820 845 844
3 820 821 845
3 821 846 845
3 821 822 846
3 822 847 846
3 822 823 847
3 823 848 847
3 823 824 848
3 824 849 848
3 825 826 850
3 826 851 850
3 826 827 851
3 827 852 851
3 827 828 852
3 828 853 852
3 828 829 853
3 829 854 853
3 829 830 854
3 830 855 854
3 830 831 855
3 831 856 855
3 831 832 856
3 832 857 856
3 832 833 857
3 833 858 857
3 833 834 858
3 834 859 858
3 834 835 859
3 835 860 859
3 835 836 860
3 836 861 860
3 836 837 861
3 837 862 861
3 837 838 862
3 838 863 862
3 838 839 863
3 839 864 863
3 839 840 864
3 840 865 864
3 840 841 865
3 841 866 865
3 841 842 866
3 842 867 866
3 842 843 867
3 843 868 867
3 843 844 868
3 844 869 868
3 844 845 869
3 845 870 869
3 845 846 870
3 846 871 870
3 846 847 871
3 847 872 871
3 847 848 872
3 848 873 872
3 848 849 873
3 849 874 873
3 850 851 875
3 851 876 875
3 851 852 876
3 852 877 876
3 852 853 877
3 853 878 877
3 853 854 878
3 854 879 878
3 854 855 879
3 855 880 879
3 855 856 880
3 856 881 880
3 856 857 881
3 857 882 881
3 857 858 882
3 858 883 882
3 858 859 883
3 859 884 883
3 859 860 884
3 860 885 884
3 860 861 885
3 861 886 885
3 861 862 886
3 862 887 886
3 862 863 887
3 863 888 887
3 863 864 888
3 864 889 888
3 864 865 889
3 865 890 889
3 865 866 890
3 866 891 890
3 866 867 891
3 867 892 891
3 867 868 892
3 868 893 892
3 868 869 893
3 869 894 893
3 869 870 894
3 870 895 894
3 870 871 895
3 871 896 895
3 871 872 896
3 872 897 896
3 872 873 897
3 873 898 897
3 873 874 898
3 874 899 898
3 875 876 900
3 876 901 900
3 876 877 901
3 877 902 901
3 877 878 902
3 878 903 902
3 878 879 903
3 879 904 903
3 879 880 904
3 880 905 904
3 880 881 905
3 881 906 905
3 881 882 906
3 882 907 906
3 882 883 907
3 883 908 907
3 883 884 908
3 884 909 908
3 884 885 909
3 885 910 909
3 885 886 910
3 886 911 910
3 886 887 911
3 887 912 911
3 887 888 912
3 888 913 912
3 888 889 913
3 889 914 913
3 889 890 914
3 890 915 914
3 890 891 915
3 891 916 915
3 891 892 916
3 892 917 916
3 892 893 917
3 893 918 917
3 893 894 918
3 894 919 918
3 894 895 919
3 895 920 919
3 895 896 920
3 896 921 920
3 896 897 921
3 897 922 921
3 897 898 922
3 898 923 922
3 898 899 923
3 899 924 923
3 900 901 925
3 901 926 925
3 901 902 926
3 902 927 926
3 902 903 927
3 903 928 927
3 903 904 928
3 904 929 928
3 904 905 929
3 905 930 929
3 905 906 930
3 906 931 930
3 906 907 931
3 907 932 931
3 907 908 932
3 908 933 932
3 908 909 933
3 909 934 933
3 909 910 934
3 910 935 934
3 910 911 935
3 911 936 935
3 911 912 936
3 912 937 936
3 912 913 937
3 913 938 937
3 913 914 938
3 914 939 938
3 914 915 939
3 915 940 939
3 915 916 940
3 916 941 940
3 916 917 941
3 917 942 941
3 917 918 942
3 918 943 942
3 918 919 943
3 919 944 943
3 919 920 944
3 920 945 944
3 920 921 945
3 921 946 945
3 921 922 946
3 922 947 946
3 922 923 947
3 923 948 947
3 923 924 948
3 924 949 948
3 925 926 950
3 926 927 951
3 927 928 952
3 928 929 953
3 929 930 954
3 930 931 955
3 931 932 956
3 932 933 957
3 933 934 958
3 934 935 959
3 935 936 960
3 936 937 961
3 937 938 962
3 938 939 963
3 939 940 964
3 940 941 965
3 941 942 966
3 942 943 967
3 943 944 968
3 944 945 969
3 945 946 970
3 946 947 971
3 947 948 972
3 948 949 973
3 976 1001 1000
3 977 1002 1001
3 978 1003 1002
3 979 1004 1003
3 980 1005 1004
3 981 1006 1005
3 982 1007 1006
3 983 1008 1007
3 984 1009 1008
3 985 1010 1009
3 986 1011 1010
3 987 1012 1011
3 988 1013 1012
3 989 1014 1013
3 990 1015 1014
3 991 1016 1015
3 992 1017 1016
3 993 1018 1017
3 994 1019 1018
3 995 1020 1019
3 996 1021 1020
3 997 1022 1021
3 998 1023 1022
3 999 1024 1023
3 1000 1001 1025
3 1001 1026 1025
3 1001 1002 1026
3 1002 1027 1026
3 1002 1003 1027
3 1003 1028 1027
3 1003 1004 1028
3 1004 1029 1028
3 1004 1005 1029
3 1005 1030 1029
3 1005 1006 1030
3 1006 1031 1030
3 1006 1007 1031
3 1007 1032 1031
3 1007 1008 1032
3 1008 1033 1032
3 1008 1009 1033
3 1009 1034 1033
3 1009 1010 1034
3 1010 1035 1034
3 1010 1011 1035
3 1011 1036 1035
3 1011 1012 1036
3 1012 1037 1036
3 1012 1013 1037
3 1013 1038 1037
3 1013 1014 1038
3 1014 1039 1038
3 1014 1015 1039
3 1015 1040 1039
3 1015 1016 1040
3 1016 1041 1040
3 1016 1017 1041
3 1017 1042 1041
3 1017 1018 1042
3 1018 1043 1042
3 1018 1019 1043
3 1019 1044 1043
3 1019 1020 1044
3 1020 1045 1044
3 1020 1021 1045
3 1021 1046 1045
3 1021 1022 1046
3 1022 1047 1046
3 1022 1023 1047
3 1023 1048 1047
3 1023 1024 1048
3 1024 1049 1048
3 1025 1026 1050
3 1026 1051 1050
3 1026 1027 1051
3 1027 1052 1051
3 1027 1028 1052
3 1028 1053 1052
3 1028 1029 1053
3 1029 1054 1053
3 1029 1030 1054
3 1030 1055 1054
3 1030 1031 1055
3 1031 1056 1055
3 1031 1032 1056
3 1032 1057 1056
3 1032 1033 1057
3 1033 1058 1057
3 1033 1034 1058
3 1034 1059 1058
3 1034 1035 1059
3 1035 1060 1059
3 1035 1036 1060
3 1036 1061 1060
3 1036 1037 1061
3 1037 1062 1061
3 1037 1038 1062
3 1038 1063 1062
3 1038 1039 1063
3 1039 1064 1063
3 1039 1040 1064
3 1040 1065 1064
3 1040 1041 1065
3 1041 1066 1065
3 1041 1042 1066
3 1042 1067 1066
3 1042 1043 1067
3 1043 1068 1067
3 1043 1044 1068
3 1044 1069 1068
3 1044 1045 1069
3 1045 1070 1069
3 1045 1046 1070
3 1046 1071 1070
3 1046 1047 1071
3 1047 1072 1071
3 1047 1048 1072
3 1048 1073 1072
3 1048 1049 1073
3 1049 1074 1073
3 1050 1051 1075
3 1051 1076 1075
3 1051 1052 1076
3 1052 1077 1076
3 1052 1053 1077
3 1053 1078 1077
3 1053 1054 1078
3 1054 1079 1078
3 1054 1055 1079
3 1055 1080 1079
3 1055 1056 1080
3 1056 1081 1080
3 1056 1057 1081
3 1057 1082 1081
3 1057 1058 1082
3 1058 1083 1082
3 1058 1059 1083
3 1059 1084 1083
3 1059 1060 1084
3 1060 1085 1084
3 1060 1061 1085
3 1061 1086 1085
3 1061 1062 1086
3 1062 1087 1086
3 1062 1063 1087
3 1063 1088 1087
3 1063 1064 1088
3 1064 1089 1088
3 1064 1065 1089
3 1065 1090 1089
3 1065 1066 1090
3 1066 1091 1090
3 1066 1067 1091
3 1067 1092 1091
3 1067 1068 1092
3 1068 1093 1092
3 1068 1069 1093
3 1069 1094 1093
3 1069 1070 1094
3 1070 1095 1094
3 1070 1071 1095
3 1071 1096 1095
3 1071 1072 1096
3 1072 1097 1096
3 1072 1073 1097
3 1073 1098 1097
3 1073 1074 1098
3 1074 1099 1098
3 1075 1076 1100
3 1076 1101 1100
3 1076 1077 1101
3 1077 1102 1101
3 1077 1078 1102
3 1078 1103 1102
3 1078 1079 1103
3 1079 1104 1103
3 1079 1080 1104
3 1080 1105 1104
3 1080 1081 1105
3 1081 1106 1105
3 1081 1082 1106
3 1082 1107 1106
3 1082 1083 1107
3 1083 1108 1107
3 1083 1084 1108
3 1084 1109 1108
3 1084 1085 1109
3 1085 1110 1109
3 1085 1086 1110
3 1086 1111 1110
3 1086 1087 1111
3 1087 1112 1111
3 1087 1088 1112
3 1088 1113 1112
3 1088 1089 1113
3 1089 1114 1113
3 1089 1090 1114
3 1090 1115 1114
3 1090 1091 1115
3 1091 1116 1115
3 1091 1092 1116
3 1092 1117 1116
3 1092 1093 1117
3 1093 1118 1117
3 1093 1094 1118
3 1094 1119 1118
3 1094 1095 1119
3 1095 1120 1119
3 1095 1096 1120
3 1096 1121 1120
3 1096 1097 1121
3 1097 1122 1121
3 1097 1098 1122
3 1098 1123 1122
3 1098 1099 1123
3 1099 1124 1123
3 1100 1101 1125
3 1101 1126 1125
3 1101 1102 1126
3 1102 1127 1126
3 1102 1103 1127
3 1103 1128 1127
3 1103 1104 1128
3 1104 1129 1128
3 1104 1105 1129
3 1105 1130 1129
3 1105 1106 1130
3 1106 1131 1130
3 1106 1107 1131
3 1107 1132 1131
3 1107 1108 1132
3 1108 1133 1132
3 1108 1109 1133
3 1109 1134 1133
3 1109 1110 1134
3 1110 1135 1134
3 1110 1111 1135
3 1111 1136 1135
3 1111 1112 1136
3 1112 1137 1136
3 1112 1113 1137
3 1113 1138 1137
3 1113 1114 1138
3 1114 1139 1138
3 1114 1115 1139
3 1115 1140 1139
3 1115 1116 1140
3 1116 1141 1140
3 1116 1117 1141
3 1117 1142 1141
3 1117 1118 1142
3 1118 1143 1142
3 1118 1119 1143
3 1119 1144 1143
3 1119 1120 1144
3 1120 1145 1144
3 1120 1121 1145
3 1121 1146 1145
3 1121 1122 1146
3 1122 1147 1146
3 1122 1123 1147
3 1123 1148 1147
3 1123 1124 1148
3 1124 1149 1148
3 1125 1126 1150
3 1126 1151 1150
3 1126 1127 1151
3 1127 1152 1151
3 1127 1128 1152
3 1128 1153 1152
3 1128 1129 1153
3 1129 1154 1153
3 1129 1130 1154
3 1130 1155 1154
3 1130 1131 1155
3 1131 1156 1155
3 1131 1132 1156
3 1132 1157 1156
3 1132 1133 1157
3 1133 1158 1157
3 1133 1134 1158
3 1134 1159 1158
3 1134 1135 1159
3 1135 1160 1159
3 1135 1136 1160
3 1136 1161 1160
3 1136 1137 1161
3 1137 1162 1161
3 1137 1138 1162
3 1138 1163 1162
3 1138 1139 1163
3 1139 1164 1163
3 1139 1140 1164
3 1140 1165 1164
3 1140 1141 1165
3 1141 1166 1165
3 1141 1142 1166
3 1142 1167 1166
3 1142 1143 1167
3 1143 1168 1167
3 1143 1144 1168
3 1144 1169 1168
3 1144 1145 1169
3 1145 1170 1169
3 1145 1146 1170
3 1146 1171 1170
3 1146 1147 1171
3 1147 1172 1171
3 1147 1148 1172
3 1148 1173 1172
3 1148 1149 1173
3 1149 1174 1173
3 1150 1151 1175
3 1151 1176 1175
3 1151 1152 1176
3 1152 1177 1176
3 1152 1153 1177
3 1153 1178 1177
3 1153 1154 1178
3 1154 1179 1178
3 1154 1155 1179
3 1155 1180 1179
3 1155 1156 1180
3 1156 1181 1180
3 1156 1157 1181
3 1157 1182 1181
3 1157 1158 1182
3 1158 1183 1182
3 1158 1159 1183
3 1159 1184 1183
3 1159 1160 1184
3 1160 1185 1184
3 1160 1161 1185
3 1161 1186 1185
3 1161 1162 1186
3 1162 1187 1186
3 1162 1163 1187
3 1163 1188 1187
3 1163 1164 1188
3 1164 1189 1188
3 1164 1165 1189
3 1165 1190 1189
3 1165 1166 1190
3 1166 1191 1190
3 1166 1167 1191
3 1167 1192 1191
3 1167 1168 1192
3 1168 1193 1192
3 1168 1169 1193
3 1169 1194 1193
3 1169 1170 1194
3 1170 1195 1194
3 1170 1171 1195
3 1171 1196 1195
3 1171 1172 1196
3 1172 1197 1196
3 1172 1173 1197
3 1173 1198 1197
3 1173 1174 1198
3 1174 1199 1198
3 1175 1176 1200
3 1176 1201 1200
3 1176 1177 1201
3 1177 1202 1201
3 1177 1178 1202
3 1178 1203 1202
3 1178 1179 1203
3 1179 1204 1203
3 1179 1180 1204
3 1180 1205 1204
3 1180 1181 1205
3 1181 1206 1205
3 1181 1182 1206
3 1182 1207 1206
3 1182 1183 1207
3 1183 1208 1207
3 1183 1184 1208
3 1184 1209 1208
3 1184 1185 1209
3 1185 1210 1209
3 1185 1186 1210
3 1186 1211 1210
3 1186 1187 1211
3 1187 1212 1211
3 1187 1188 1212
3 1188 1213 1212
3 1188 1189 1213
3 1189 1214 1213
3 1189 1190 1214
3 1190 1215 1214
3 1190 1191 1215
3 1191 1216 1215
3 1191 1192 1216
3 1192 1217 1216
3 1192 1193 1217
3 1193 1218 1217
3 1193 1194 1218
3 1194 1219 1218
3 1194 1195 1219
3 1195 1220 1219
3 1195 1196 1220
3 1196 1221 1220
3 1196 1197 1221
3 1197 1222 1221
3 1197 1198 1222
3 1198 1223 1222
3 1198 1199 1223
3 1199 1224 1223
3 1200 1201 1225
3 1201 1226 1225
3 1201 1202 1226
3 1202 1227 1226
3 1202 1203 1227
3 1203 1228 1227
3 1203 1204 1228
3 1204 1229 1228
3 1204 1205 1229
3 1205 1230 1229
3 1205 1206 1230
3 1206 1231 1230
3 1206 1207 1231
3 1207 1232 1231
3 1207 1208 1232
3 1208 1233 1232
3 1208 1209 1233
3 1209 1234 1233
3 1209 1210 1234
3 1210 1235 1234
3 1210 1211 1235
3 1211 1236 1235
3 1211 1212 1236
3 1212 1237 1236
3 1212 1213 1237
3 1213 1238 1237
3 1213 1214 1238
3 1214 1239 1238
3 1214 1215 1239
3 1215 1240 1239
3 1215 1216 1240
3 1216 1241 1240
3 1216 1217 1241
3 1217 1242 1241
3 1217 1218 1242
3 1218 1243 1242
3 1218 1219 1243
3 1219 1244 1243
3 1219 1220 1244
3 1220 1245 1244
3 1220 1221 1245
3 1221 1246 1245
3 1221 1222 1246
3 1222 1247 1246
3 1222 1223 1247
3 1223 1248 1247
3 1223 1224 1248
3 1224 1249 1248
3 1225 1226 1250
3 1226 1251 1250
3 1226 1227 1251
3 1227 1252 1251
3 1227 1228 1252
3 1228 1253 1252
3 1228 1229 1253
3 1229 1254 1253
3 1229 1230 1254
3 1230 1255 1254
3 1230 1231 1255
3 1231 1256 1255
3 1231 1232 1256
3 1232 1257 1256
3 1232 1233 1257
3 1233 1258 1257
3 1233 1234 1258
3 1234 1259 1258
3 1234 1235 1259
3 1235 1260 1259
3 1235 1236 1260
3 1236 1261 1260
3 1236 1237 1261
3 1237 1262 1261
3 1237 1238 1262
3 1238 1263 1262
3 1238 1239 1263
3 1239 1264 1263
3 1239 1240 1264
3 1240 1265 1264
3 1240 1241 1265
3 1241 1266 1265
3 1241 1242 1266
3 1242 1267 1266
3 1242 1243 1267
3 1243 1268 1267
3 1243 1244 1268
3 1244 1269 1268
3 1244 1245 1269
3 1245 1270 1269
3 1245 1246 1270
3 1246 1271 1270
3 1246 1247 1271
3 1247 1272 1271
3 1247 1248 1272
3 1248 1273 1272
3 1248 1249 1273
3 1249 1274 1273
3 1250 1251 1275
3 1251 1252 1276
3 1252 1253 1277
3 1253 1254 1278
3 1254 1255 1279
3 1255 1256 1280
3 1256 1257 1281
3 1257 1258 1282
3 1258 1259 1283
3 1259 1260 1284
3 1260 1261 1285
3 1261 1262 1286
3 1262 1263 1287
3 1263 1264 1288
3 1264 1265 1289
3 1265 1266 1290
3 1266 1267 1291
3 1267 1268 1292
3 1268 1269 1293
3 1269 1270 1294
3 1270 1271 1295
3 1271 1272 1296
3 1272 1273 1297
3 1273 1274 1298
3 1301 1326 1325
3 1302 1327 1326
3 1303 1328 1327
3 1304 1329 1328
3 1305 1330 1329
3 1306 1331 1330
3 1307 1332 1331
3 1308 1333 1332
3 1309 1334 1333
3 1310 1335 1334
3 1311 1336 1335
3 1312 1337 1336
3 1313 1338 1337
3 1314 1339 1338
3 1315 1340 1339
3 1316 1341 1340
3 1317 1342 1341
3 1318 1343 1342
3 1319 1344 1343
3 1320 1345 1344
3 1321 1346 1345
3 1322 1347 1346
3 1323 1348 1347
3 1324 1349 1348
3 1325 1326 1350
3 1326 1351 1350
3 1326 1327 1351
3 1327 1352 1351
3 1327 1328 1352
3 1328 1353 1352
3 1328 1329 1353
3 1329 1354 1353
3 1329 1330 1354
3 1330 1355 1354
3 1330 1331 1355
3 1331 1356 1355
3 1331 1332 1356
3 1332 1357 1356
3 1332 1333 1357
3 1333 1358 1357
3 1333 1334 1358
3 1334 1359 1358
3 1334 1335 1359
3 1335 1360 1359
3 1335 1336 1360
3 1336 1361 1360
3 1336 1337 1361
3 1337 1362 1361
3 1337 1338 1362
3 1338 1363 1362
3 1338 1339 1363
3 1339 1364 1363
3 1339 1340 1364
3 1340 1365 1364
3 1340 1341 1365
3 1341 1366 1365
3 1341 1342 1366
3 1342 1367 1366
3 1342 1343 1367
3 1343 1368 1367
3 1343 1344 1368
3 1344 1369 1368
3 1344 1345 1369
3 1345 1370 1369
3 1345 1346 1370
3 1346 1371 1370
3 1346 1347 1371
3 1347 1372 1371
3 1347 1348 1372
3 1348 1373 1372
3 1348 1349 1373
3 1349 1374 1373
3 1350 1351 1375
3 1351 1376 1375
3 1351 1352 1376
3 1352 1377 1376
3 1352 1353 1377
3 1353 1378 1377
3 1353 1354 1378
3 1354 1379 1378
3 1354 1355 1379
3 1355 1380 1379
3 1355 1356 1380
3 1356 1381 1380
3 1356 1357 1381
3 1357 1382 1381
3 1357 1358 1382
3 1358 1383 1382
3 1358 1359 1383
3 1359 1384 1383
3 1359 1360 1384
3 1360 1385 1384
3 1360 1361 1385
3 1361 1386 1385
3 1361 1362 1386
3 1362 1387 1386
3 1362 1363 1387
3 1363 1388 1387
3 1363 1364 1388
3 1364 1389 1388
3 1364 1365 1389
3 1365 1390 1389
3 1365 1366 1390
3 1366 1391 1390
3 1366 1367 1391
3 1367 1392 1391
3 1367 1368 1392
3 1368 1393 1392
3 1368 1369 1393
3 1369 1394 1393
3 1369 1370 1394
3 1370 1395 1394
3 1370 1371 1395
3 1371 1396 1395
3 1371 1372 1396
3 1372 1397 1396
3 1372 1373 1397
3 1373 1398 1397
3 1373 1374 1398
3 1374 1399 1398
3 1375 1376 1400
3 1376 1401 1400
3 1376 1377 1401
3 1377 1402 1401
3 1377 1378 1402
3 1378 1403 1402
3 1378 1379 1403
3 1379 1404 1403
3 1379 1380 1404
3 1380 1405 1404
3 1380 1381 1405
3 1381 1406 1405
3 1381 1382 1406
3 1382 1407 1406
3 1382 1383 1407
3 1383 1408 1407
3 1383 1384 1408
3 1384 1409 1408
3 1384 1385 1409
3 1385 1410 1409
3 1385 1386 1410
3 1386 1411 1410
3 1386 1387 1411
3 1387 1412 1411
3 1387 1388 1412
3 1388 1413 1412
3 1388 1389 1413
3 1389 1414 1413
3 1389 1390 1414
3 1390 1415 1414
3 1390 1391 1415
3 1391 1416 1415
3 1391 1392 1416
3 1392 1417 1416
3 1392 1393 1417
3 1393 1418 1417
3 1393 1394 1418
3 1394 1419 1418
3 1394 1395 1419
3 1395 1420 1419
3 1395 1396 1420
3 1396 1421 1420
3 1396 1397 1421
3 1397 1422 1421
3 1397 1398 1422
3 1398 1423 1422
3 1398 1399 1423
3 1399 1424 1423
3 1400 1401 1425
3 1401 1426 1425
3 1401 1402 1426
3 1402 1427 1426
3 1402 1403 1427
3 1403 1428 1427
3 1403 1404 1428
3 1404 1429 1428
3 1404 1405 1429
3 1405 1430 1429
3 1405 1406 1430
3 1406 1431 1430
3 1406 1407 1431
3 1407 1432 1431
3 1407 1408 1432
3 1408 1433 1432
3 1408 1409 1433
3 1409 1434 1433
3 1409 1410 1434
3 1410 1435 1434
3 1410 1411 1435
3 1411 1436 1435
3 1411 1412 1436
3 1412 1437 1436
3 1412 1413 1437
3 1413 1438 1437
3 1413 1414 1438
3 1414 1439 1438
3 1414 1415 1439
3 1415 1440 1439
3 1415 1416 1440
3 1416 1441 1440
3 1416 1417 1441
3 1417 1442 1441
3 1417 1418 1442
3 1418 1443 1442
3 1418 1419 1443
3 1419 1444 1443
3 1419 1420 1444
3 1420 1445 1444
3 1420 1421 1445
3 1421 1446 1445
3 1421 1422 1446
3 1422 1447 1446
3 1422 1423 1447
3 1423 1448 1447
3 1423 1424 1448
3 1424 1449 1448
3 1425 1426 1450
3 1426 1451 1450
3 1426 1427 1451
3 1427 1452 1451
3 1427 1428 1452
3 1428 1453 1452
3 1428 1429 1453
3 1429 1454 1453
3 1429 1430 1454
3 1430 1455 1454
3 1430 1431 1455
3 1431 1456 1455
3 1431 1432 1456
3 1432 1457 1456
3 1432 1433 1457
3 1433 1458 1457
3 1433 1434 1458
3 1434 1459 1458
3 1434 1435 1459
3 1435 1460 1459
3 1435 1436 1460
3 1436 1461 1460
3 1436 1437 1461
3 1437 1462 1461
3 1437 1438 1462
3 1438 1463 1462
3 1438 1439 1463
3 1439 1464 1463
3 1439 1440 1464
3 1440 1465 1464
3 1440 1441 1465
3 1441 1466 1465
3 1441 1442 1466
3 1442 1467 1466
3 1442 1443 1467
3 1443 1468 1467
3 1443 1444 1468
3 1444 1469 1468
3 1444 1445 1469
3 1445 1470 1469
3 1445 1446 1470
3 1446 1471 1470
3 1446 1447 1471
3 1447 1472 1471
3 1447 1448 1472
3 1448 1473 1472
3 1448 1449 1473
3 1449 1474 1473
3 1450 1451 1475
3 1451 1476 1475
3 1451 1452 1476
3 1452 1477 1476
3 1452 1453 1477
3 1453 1478 1477
3 1453 1454 1478
3 1454 1479 1478
3 1454 1455 1479
3 1455 1480 1479
3 1455 1456 1480
3 1456 1481 1480
3 1456 1457 1481
3 1457 1482 1481
3 1457 1458 1482
3 1458 1483 1482
3 1458 1459 1483
3 1459 1484 1483
3 1459 1460 1484
3 1460 1485 1484
3 1460 1461 1485
3 1461 1486 1485
3 1461 1462 1486
3 1462 1487 1486
3 1462 1463 1487
3 1463 1488 1487
3 1463 1464 1488
3 1464 1489 1488
3 1464 1465 1489
3 1465 1490 1489
3 1465 1466 1490
3 1466 1491 1490
3 1466 1467 1491
3 1467 1492 1491
3 1467 1468 1492
3 1468 1493 1492
3 1468 1469 1493
3 1469 1494 1493
3 1469 1470 1494
3 1470 1495 1494
3 1470 1471 1495
3 1471 1496 1495
3 1471 1472 1496
3 1472 1497 1496
3 1472 1473 1497
3 1473 1498 1497
3 1473 1474 1498
3 1474 1499 1498
3 1475 1476 1500
3 1476 1501 1500
3 1476 1477 1501
3 1477 1502 1501
3 1477 1478 1502
3 1478 1503 1502
3 1478 1479 1503
3 1479 1504 1503
3 1479 1480 1504
3 1480 1505 1504
3 1480 1481 1505
3 1481 1506 1505
3 1481 1482 1506
3 1482 1507 1506
3 1482 1483 1507
3 1483 1508 1507
3 1483 1484 1508
3 1484 1509 1508
3 1484 1485 1509
3 1485 1510 1509
3 1485 1486 1510
3 1486 1511 1510
3 1486 1487 1511
3 1487 1512 1511
3 1487 1488 1512
3 1488 1513 1512
3 1488 1489 1513
3 1489 1514 1513
3 1489 1490 1514
3 1490 1515 1514
3 1490 1491 1515
3 1491 1516 1515
3 1491 1492 1516
3 1492 1517 1516
3 1492 1493 1517
3 1493 1518 1517
3 1493 1494 1518
3 1494 1519 1518
3 1494 1495 1519
3 1495 1520 1519
3 1495 1496 1520
3 1496 1521 1520
3 1496 1497 1521
3 1497 1522 1521
3 1497 1498 1522
3 1498 1523 1522
3 1498 1499 1523
3 1499 1524 1523
3 1500 1501 1525
3 1501 1526 1525
3 1501 1502 1526
3 1502 1527 1526
3 1502 1503 1527
3 1503 1528 1527
3 1503 1504 1528
3 1504 1529 1528
3 1504 1505 1529
3 1505 1530 1529
3 1505 1506 1530
3 1506 1531 1530
3 1506 1507 1531
3 1507 1532 1531
3 1507 1508 1532
3 1508 1533 1532
3 1508 1509 1533
3 1509 1534 1533
3 1509 1510 1534
3 1510 1535 1534
3 1510 1511 1535
3 1511 1536 1535
3 1511 1512 1536
3 1512 1537 1536
3 1512 1513 1537
3 1513 1538 1537
3 1513 1514 1538
3 1514 1539 1538
3 1514 1515 1539
3 1515 1540 1539
3 1515 1516 1540
3 1516 1541 1540
3 1516 1517 1541
3 1517 1542 1541
3 1517 1518 1542
3 1518 1543 1542
3 1518 1519 1543
3 1519 1544 1543
3 1519 1520 1544
3 1520 1545 1544
3 1520 1521 1545
3 1521 1546 1545
3 1521 1522 1546
3 1522 1547 1546
3 1522 1523 1547
3 1523 1548 1547
3 1523 1524 1548
3 1524 1549 1548
3 1525 1526 1550
3 1526 1551 1550
3 1526 1527 1551
3 1527 1552 1551
3 1527 1528 1552
3 1528 1553 1552
3 1528 1529 1553
3 1529 1554 1553
3 1529 1530 1554
3 1530 1555 1554
3 1530 1531 1555
3 1531 1556 1555
3 1531 1532 1556
3 1532 1557 1556
3 1532 1533 1557
3 1533 1558 1557
3 1533 1534 1558
3 1534 1559 1558
3 1534 1535 1559
3 1535 1560 1559
3 1535 1536 1560
3 1536 1561 1560
3 1536 1537 1561
3 1537 1562 1561
3 1537 1538 1562
3 1538 1563 1562
3 1538 1539 1563
3 1539 1564 1563
3 1539 1540 1564
3 1540 1565 1564
3 1540 1541 1565
3 1541 1566 1565
3 1541 1542 1566
3 1542 1567 1566
3 1542 1543 1567
3 1543 1568 1567
3 1543 1544 1568
3 1544 1569 1568
3 1544 1545 1569
3 1545 1570 1569
3 1545 1546 1570
3 1546 1571 1570
3 1546 1547 1571
3 1547 1572 1571
3 1547 1548 1572
3 1548 1573 1572
3 1548 1549 1573
3 1549 1574 1573
3 1550 1551 1575
3 1551 1576 1575
3 1551 1552 1576
3 1552 1577 1576
3 1552 1553 1577
3 1553 1578 1577
3 1553 1554 1578
3 1554 1579 1578
3 1554 1555 1579
3 1555 1580 1579
3 1555 1556 1580
3 1556 1581 1580
3 1556 1557 1581
3 1557 1582 1581
3 1557 1558 1582
3 1558 1583 1582
3 1558 1559 1583
3 1559 1584 1583
3 1559 1560 1584
3 1560 1585 1584
3 1560 1561 1585
3 1561 1586 1585
3 1561 1562 1586
3 1562 1587 1586
3 1562 1563 1587
3 1563 1588 1587
3 1563 1564 1588
3 1564 1589 1588
3 1564 1565 1589
3 1565 1590 1589
3 1565 1566 1590
3 1566 1591 1590
3 1566 1567 1591
3 1567 1592 1591
3 1567 1568 1592
3 1568 1593 1592
3 1568 1569 1593
3 1569 1594 1593
3 1569 1570 1594
3 1570 1595 1594
3 1570 1571 1595
3 1571 1596 1595
3 1571 1572 1596
3 1572 1597 1596
3 1572 1573 1597
3 1573 1598 1597
3 1573 1574 1598
3 1574 1599 1598
3 1575 1576 1600
3 1576 1577 1601
3 1577 1578 1602
3 1578 1579 1603
3 1579 1580 1604
3 1580 1581 1605
3 1581 1582 1606
3 1582 1583 1607
3 1583 1584 1608
3 1584 1585 1609
3 1585 1586 1610
3 1586 1587 1611
3 1587 1588 1612
3 1588 1589 1613
3 1589 1590 1614
3 1590 1591 1615
3 1591 1592 1616
3 1592 1593 1617
3 1593 1594 1618
3 1594 1595 1619
3 1595 1596 1620
3 1596 1597 1621
3 1597 1598 1622
3 1598 1599 1623
3 1626 1651 1650
3 1627 1652 1651
3 1628 1653 1652
3 1629 1654 1653
3 1630 1655 1654
3 1631 1656 1655
3 1632 1657 1656
3 1633 1658 1657
3 1634 1659 1658
3 1635 1660 1659
3 1636 1661 1660
3 1637 1662 1661
3 1638 1663 1662
3 1639 1664 1663
3 1640 1665 1664
3 1641 1666 1665
3 1642 1667 1666
3 1643 1668 1667
3 1644 1669 1668
3 1645 1670 1669
3 1646 1671 1670
3 1647 1672 1671
3 1648 1673 1672
3 1649 1674 1673
3 1650 1651 1675
3 1651 1676 1675
3 1651 1652 1676
3 1652 1677 1676
3 1652 1653 1677
3 1653 1678 1677
3 1653 1654 1678
3 1654 1679 1678
3 1654 1655 1679
3 1655 1680 1679
3 1655 1656 1680
3 1656 1681 1680
3 1656 1657 1681
3 1657 1682 1681
3 1657 1658 1682
3 1658 1683 1682
3 1658 1659 1683
3 1659 1684 1683
3 1659 1660 1684
3 1660 1685 1684
3 1660 1661 1685
3 1661 1686 1685
3 1661 1662 1686
3 1662 1687 1686
3 1662 1663 1687
3 1663 1688 1687
3 1663 1664 1688
3 1664 1689 1688
3 1664 1665 1689
3 1665 1690 1689
3 1665 1666 1690
3 1666 1691 1690
3 1666 1667 1691
3 1667 1692 1691
3 1667 1668 1692
3 1668 1693 1692
3 1668 1669 1693
3 1669 1694 1693
3 1669 1670 1694
3 1670 1695 1694
3 1670 1671 1695
3 1671 1696 1695
3 1671 1672 1696
3 1672 1697 1696
3 1672 1673 1697
3 1673 1698 1697
3 1673 1674 1698
3 1674 1699 1698
3 1675 1676 1700
3 1676 1701 1700
3 1676 1677 1701
3 1677 1702 1701
3 1677 1678 1702
3 1678 1703 1702
3 1678 1679 1703
3 1679 1704 1703
3 1679 1680 1704
3 1680 1705 1704
3 1680 1681 1705
3 1681 1706 1705
3 1681 1682 1706
3 1682 1707 1706
3 1682 1683 1707
3 1683 1708 1707
3 1683 1684 1708
3 1684 1709 1708
3 1684 1685 1709
3 1685 1710 1709
3 1685 1686 1710
3 1686 1711 1710
3 1686 1687 1711
3 1687 1712 1711
3 1687 1688 1712
3 1688 1713 1712
3 1688 1689 1713
3 1689 1714 1713
3 1689 1690 1714
3 1690 1715 1714
3 1690 1691 1715
3 1691 1716 1715
3 1691 1692 1716
3 1692 1717 1716
3 1692 1693 1717
3 1693 1718 1717
3 1693 1694 1718
3 1694 1719 1718
3 1694 1695 1719
3 1695 1720 1719
3 1695 1696 1720
3 1696 1721 1720
3 1696 1697 1721
3 1697 1722 1721
3 1697 1698 1722
3 1698 1723 1722
3 1698 1699 1723
3 1699 1724 1723
3 1700 1701 1725
3 1701 1726 1725
3 1701 1702 1726
3 1702 1727 1726
3 1702 1703 1727
3 1703 1728 1727
3 1703 1704 1728
3 1704 1729 1728
3 1704 1705 1729
3 1705 1730 1729
3 1705 1706 1730
3 1706 1731 1730
3 1706 1707 1731
3 1707 1732 1731
3 1707 1708 1732
3 1708 1733 1732
3 1708 1709 1733
3 1709 1734 1733
3 1709 1710 1734
3 1710 1735 1734
3 1710 1711 1735
3 1711 1736 1735
3 1711 1712 1736
3 1712 1737 1736
3 1712 1713 1737
3 1713 1738 1737
3 1713 1714 1738
3 1714 1739 1738
3 1714 1715 1739
3 1715 1740 1739
3 1715 1716 1740
3 1716 1741 1740
3 1716 1717 1741
3 1717 1742 1741
3 1717 1718 1742
3 1718 1743 1742
3 1718 1719 1743
3 1719 1744 1743
3 1719 1720 1744
3 1720 1745 1744
3 1720 1721 1745
3 1721 1746 1745
3 1721 1722 1746
3 1722 1747 1746
3 1722 1723 1747
3 1723 1748 1747
3 1723 1724 1748
3 1724 1749 1748
3 1725 1726 1750
3 1726 1751 1750
3 1726 1727 1751
3 1727 1752 1751
3 1727 1728 1752
3 1728 1753 1752
3 1728 1729 1753
3 1729 1754 1753
3 1729 1730 1754
3 1730 1755 1754
3 1730 1731 1755
3 1731 1756 1755
3 1731 1732 1756
3 1732 1757 1756
3 1732 1733 1757
3 1733 1758 1757
3 1733 1734 1758
3 1734 1759 1758
3 1734 1735 1759
3 1735 1760 1759
3 1735 1736 1760
3 1736 1761 1760
3 1736 1737 1761
3 1737 1762 1761
3 1737 1738 1762
3 1738 1763 1762
3 1738 1739 1763
3 1739 1764 1763
3 1739 1740 1764
3 1740 1765 1764
3 1740 1741 1765
3 1741 1766 1765
3 1741 1742 1766
3 1742 1767 1766
3 1742 1743 1767
3 1743 1768 1767
3 1743 1744 1768
3 1744 1769 1768
3 1744 1745 1769
3 1745 1770 1769
3 1745 1746 1770
3 1746 1771 1770
3 1746 1747 1771
3 1747 1772 1771
3 1747 1748 1772
3 1748 1773 1772
3 1748 1749 1773
3 1749 1774 1773
3 1750 1751 1775
3 1751 1776 1775
3 1751 1752 1776
3 1752 1777 1776
3 1752 1753 1777
3 1753 1778 1777
3 1753 1754 1778
3 1754 1779 1778
3 1754 1755 1779
3 1755 1780 1779
3 1755 1756 1780
3 1756 1781 1780
3 1756 1757 1781
3 1757 1782 1781
3 1757 1758 1782
3 1758 1783 1782
3 1758 1759 1783
3 1759 1784 1783
3 1759 1760 1784
3 1760 1785 1784
3 1760 1761 1785
3 1761 1786 1785
3 1761 1762 1786
3 1762 1787 1786
3 1762 1763 1787
3 1763 1788 1787
3 1763 1764 1788
3 1764 1789 1788
3 1764 1765 1789
3 1765 1790 1789
3 1765 1766 1790
3 1766 1791 1790
3 1766 1767 1791
3 1767 1792 1791
3 1767 1768 1792
3 1768 1793 1792
3 1768 1769 1793
3 1769 1794 1793
3 1769 1770 1794
3 1770 1795 1794
3 1770 1771 1795
3 1771 1796 1795
3 1771 1772 1796
3 1772 1797 1796
3 1772 1773 1797
3 1773 1798 1797
3 1773 1774 1798
3 1774 1799 1798
3 1775 1776 1800
3 1776 1801 1800
3 1776 1777 1801
3 1777 1802 1801
3 1777 1778 1802
3 1778 1803 1802
3 1778 1779 1803
3 1779 1804 1803
3 1779 1780 1804
3 1780 1805 1804
3 1780 1781 1805
3 1781 1806 1805
3 1781 1782 1806
3 1782 1807 1806
3 1782 1783 1807
3 1783 1808 1807
3 1783 1784 1808
3 1784 1809 1808
3 1784 1785 1809
3 1785 1810 1809
3 1785 1786 1810
3 1786 1811 1810
3 1786 1787 1811
3 1787 1812 1811
3 1787 1788 1812
3 1788 1813 1812
3 1788 1789 1813
3 1789 1814 1813
3 1789 1790 1814
3 1790 1815 1814
3 1790 1791 1815
3 1791 1816 1815
3 1791 1792 1816
3 1792 1817 1816
3 1792 1793 1817
3 1793 1818 1817
3 1793 1794 1818
3 1794 1819 1818
3 1794 1795 1819
3 1795 1820 1819
3 1795 1796 1820
3 1796 1821 1820
3 1796 1797 1821
3 1797 1822 1821
3 1797 1798 1822
3 1798 1823 1822
3 1798 1799 1823
3 1799 1824 1823
3 1800 1801 1825
3 1801 1826 1825
3 1801 1802 1826
3 1802 1827 1826
3 1802 1803 1827
3 1803 1828 1827
3 1803 1804 1828
3 1804 1829 1828
3 1804 1805 1829
3 1805 1830 1829
3 1805 1806 1830
3 1806 1831 1830
3 1806 1807 1831
3 1807 1832 1831
3 1807 1808 1832
3 1808 1833 1832
3 1808 1809 1833
3 1809 1834 1833
3 1809 1810 1834
3 1810 1835 1834
3 1810 1811 1835
3 1811 1836 1835
3 1811 1812 1836
3 1812 1837 1836
3 1812 1813 1837
3 1813 1838 1837
3 1813 1814 1838
3 1814 1839 1838
3 1814 1815 1839
3 1815 1840 1839
3 1815 1816 1840
3 1816 1841 1840
3 1816 1817 1841
3 1817 1842 1841
3 1817 1818 1842
3 1818 1843 1842
3 1818 1819 1843
3 1819 1844 1843
3 1819 1820 1844
3 1820 1845 1844
3 1820 1821 1845
3 1821 1846 1845
3 1821 1822 1846
3 1822 1847 1846
3 1822 1823 1847
3 1823 1848 1847
3 1823 1824 1848
3 1824 1849 1848
3 1825 1826 1850
3 1826 1851 1850
3 1826 1827 1851
3 1827 1852 1851
3 1827 1828 1852
3 1828 1853 1852
3 1828 1829 1853
3 1829 1854 1853
3 1829 1830 1854
3 1830 1855 1854
3 1830 1831 1855
3 1831 1856 1855
3 1831 1832 1856
3 1832 1857 1856
3 1832 1833 1857
3 1833 1858 1857
3 1833 1834 1858
3 1834 1859 1858
3 1834 1835 1859
3 1835 1860 1859
3 1835 1836 1860
3 1836 1861 1860
3 1836 1837 1861
3 1837 1862 1861
3 1837 1838 1862
3 1838 1863 1862
3 1838 1839 1863
3 1839 1864 1863
3 1839 1840 1864
3 1840 1865 1864
3 1840 1841 1865
3 1841 1866 1865
3 1841 1842 1866
3 1842 1867 1866
3 1842 1843 1867
3 1843 1868 1867
3 1843 1844 1868
3 1844 1869 1868
3 1844 1845 1869
3 1845 1870 1869
3 1845 1846 1870
3 1846 1871 1870
3 1846 1847 1871
3 1847 1872 1871
3 1847 1848 1872
3 1848 1873 1872
3 1848 1849 1873
3 1849 1874 1873
3 1850 1851 1875
3 1851 1876 1875
3 1851 1852 1876
3 1852 1877 1876
3 1852 1853 1877
3 1853 1878 1877
3 1853 1854 1878
3 1854 1879 1878
3 1854 1855 1879
3 1855 1880 1879
3 1855 1856 1880
3 1856 1881 1880
3 1856 1857 1881
3 1857 1882 1881
3 1857 1858 1882
3 1858 1883 1882
3 1858 1859 1883
3 1859 1884 1883
3 1859 1860 1884
3 1860 1885 1884
3 1860 1861 1885
3 1861 1886 1885
3 1861 1862 1886
3 1862 1887 1886
3 1862 1863 1887
3 1863 1888 1887
3 1863 1864 1888
3 1864 1889 1888
3 1864 1865 1889
3 1865 1890 1889
3 1865 1866 1890
3 1866 1891 1890
3 1866 1867 1891
3 1867 1892 1891
3 1867 1868 1892
3 1868 1893 1892
3 1868 1869 1893
3 1869 1894 1893
3 1869 1870 1894
3 1870 1895 1894
3 1870 1871 1895
3 1871 1896 1895
3 1871 1872 1896
3 1872 1897 1896
3 1872 1873 1897
3 1873 1898 1897
3 1873 1874 1898
3 1874 1899 1898
3 1875 1876 1900
3 1876 1901 1900
3 1876 1877 1901
3 1877 1902 1901
3 1877 1878 1902
3 1878 1903 1902
3 1878 1879 1903
3 1879 1904 1903
3 1879 1880 1904
3 1880 1905 1904
3 1880 1881 1905
3 1881 1906 1905
3 1881 1882 1906
3 1882 1907 1906
3 1882 1883 1907
3 1883 1908 1907
3 1883 1884 1908
3 1884 1909 1908
3 1884 1885 1909
3 1885 1910 1909
3 1885 1886 1910
3 1886 1911 1910
3 1886 1887 1911
3 1887 1912 1911
3 1887 1888 1912
3 1888 1913 1912
3 1888 1889 1913
3 1889 1914 1913
3 1889 1890 1914
3 1890 1915 1914
3 1890 1891 1915
3 1891 1916 1915
3 1891 1892 1916
3 1892 1917 1916
3 1892 1893 1917
3 1893 1918 1917
3 1893 1894 1918
3 1894 1919 1918
3 1894 1895 1919
3 1895 1920 1919
3 1895 1896 1920
3 1896 1921 1920
3 1896 1897 1921
3 1897 1922 1921
3 1897 1898 1922
3 1898 1923 1922
3 1898 1899 1923
3 1899 1924 1923
3 1900 1901 1925
3 1901 1902 1926
3 1902 1903 1927
3 1903 1904 1928
3 1904 1905 1929
3 1905 1906 1930
3 1906 1907 1931
3 1907 1908 1932
3 1908 1909 1933
3 1909 1910 1934
3 1910 1911 1935
3 1911 1912 1936
3 1912 1913 1937
3 1913 1914 1938
3 1914 1915 1939
3 1915 1916 1940
3 1916 1917 1941
3 1917 1918 1942
3 1918 1919 1943
3 1919 1920 1944
3 1920 1921 1945
3 1921 1922 1946
3 1922 1923 1947
3 1923 1924 1948
3 1951 1976 1975
3 1952 1977 1976
3 1953 1978 1977
3 1954 1979 1978
3 1955 1980 1979
3 1956 1981 1980
3 1957 1982 1981
3 1958 1983 1982
3 1959 1984 1983
3 1960 1985 1984
3 1961 1986 1985
3 1962 1987 1986
3 1963 1988 1987
3 1964 1989 1988
3 1965 1990 1989
3 1966 1991 1990
3 1967 1992 1991
3 1968 1993 1992
3 1969 1994 1993
3 1970 1995 1994
3 1971 1996 1995
3 1972 1997 1996
3 1973 1998 1997
3 1974 1999 1998
3 1975 1976 2000
3 1976 2001 2000
3 1976 1977 2001
3 1977 2002 2001
3 1977 1978 2002
3 1978 2003 2002
3 1978 1979 2003
3 1979 2004 2003
3 1979 1980 2004
3 1980 2005 2004
3 1980 1981 2005
3 1981 2006 2005
3 1981 1982 2006
3 1982 2007 2006
3 1982 1983 2007
3 1983 2008 2007
3 1983 1984 2008
3 1984 2009 2008
3 1984 1985 2009
3 1985 2010 2009
3 1985 1986 2010
3 1986 2011 2010
3 1986 1987 2011
3 1987 2012 2011
3 1987 1988 2012
3 1988 2013 2012
3 1988 1989 2013
3 1989 2014 2013
3 1989 1990 2014
3 1990 2015 2014
3 1990 1991 2015
3 1991 2016 2015
3 1991 1992 2016
3 1992 2017 2016
3 1992 1993 2017
3 1993 2018 2017
3 1993 1994 2018
3 1994 2019 2018
3 1994 1995 2019
3 1995 2020 2019
3 1995 1996 2020
3 1996 2021 2020
3 1996 1997 2021
3 1997 2022 2021
3 1997 1998 2022
3 1998 2023 2022
3 1998 1999 2023
3 1999 2024 2023
3 2000 2001 2025
3 2001 2026 2025
3 2001 2002 2026
3 2002 2027 2026
3 2002 2003 2027
3 2003 2028 2027
3 2003 2004 2028
3 2004 2029 2028
3 2004 2005 2029
3 2005 2030 2029
3 2005 2006 2030
3 2006 2031 2030
3 2006 2007 2031
3 2007 2032 2031
3 2007 2008 2032
3 2008 2033 2032
3 2008 2009 2033
3 2009 2034 2033
3 2009 2010 2034
3 2010 2035 2034
3 2010 2011 2035
3 2011 2036 2035
3 2011 2012 2036
3 2012 2037 2036
3 2012 2013 2037
3 2013 2038 2037
3 2013 2014 2038
3 2014 2039 2038
3 2014 2015 2039
3 2015 2040 2039
3 2015 2016 2040
3 2016 2041 2040
3 2016 2017 2041
3 2017 2042 2041
3 2017 2018 2042
3 2018 2043 2042
3 2018 2019 2043
3 2019 2044 2043
3 2019 2020 2044
3 2020 2045 2044
3 2020 2021 2045
3 2021 2046 2045
3 2021 2022 2046
3 2022 2047 2046
3 2022 2023 2047
3 2023 2048 2047
3 2023 2024 2048
3 2024 2049 2048
3 2025 2026 2050
3 2026 2051 2050
3 2026 2027 2051
3 2027 2052 2051
3 2027 2028 2052
3 2028 2053 2052
3 2028 2029 2053
3 2029 2054 2053
3 2029 2030 2054
3 2030 2055 2054
3 2030 2031 2055
3 2031 2056 2055
3 2031 2032 2056
3 2032 2057 2056
3 2032 2033 2057
3 2033 2058 2057
3 2033 2034 2058
3 2034 2059 2058
3 2034 2035 2059
3 2035 2060 2059
3 2035 2036 2060
3 2036 2061 2060
3 2036 2037 2061
3 2037 2062 2061
3 2037 2038 2062
3 2038 2063 2062
3 2038 2039 2063
3 2039 2064 2063
3 2039 2040 2064
3 2040 2065 2064
3 2040 2041 2065
3 2041 2066 2065
3 2041 2042 2066
3 2042 2067 2066
3 2042 2043 2067
3 2043 2068 2067
3 2043 2044 2068
3 2044 2069 2068
3 2044 2045 2069
3 2045 2070 2069
3 2045 2046 2070
3 2046 2071 2070
3 2046 2047 2071
3 2047 2072 2071
3 2047 2048 2072
3 2048 2073 2072
3 2048 2049 2073
3 2049 2074 2073
3 2050 2051 2075
3 2051 2076 2075
3 2051 2052 2076
3 2052 2077 2076
3 2052 2053 2077
3 2053 2078 2077
3 2053 2054 2078
3 2054 2079 2078
3 2054 2055 2079
3 2055 2080 2079
3 2055 2056 2080
3 2056 2081 2080
3 2056 2057 2081
3 2057 2082 2081
3 2057 2058 2082
3 2058 2083 2082
3 2058 2059 2083
3 2059 2084 2083
3 2059 2060 2084
3 2060 2085 2084
3 2060 2061 2085
3 2061 2086 2085
3 2061 2062 2086
3 2062 2087 2086
3 2062 2063 2087
3 2063 2088 2087
3 2063 2064 2088
3 2064 2089 2088
3 2064 2065 2089
3 2065 2090 2089
3 2065 2066 2090
3 2066 2091 2090
3 2066 2067 2091
3 2067 2092 2091
3 2067 2068 2092
3 2068 2093 2092
3 2068 2069 2093
3 2069 2094 2093
3 2069 2070 2094
3 2070 2095 2094
3 2070 2071 2095
3 2071 2096 2095
3 2071 2072 2096
3 2072 2097 2096
3 2072 2073 2097
3 2073 2098 2097
3 2073 2074 2098
3 2074 2099 2098
3 2075 2076 2100
3 2076 2101 2100
3 2076 2077 2101
3 2077 2102 2101
3 2077 2078 2102
3 2078 2103 2102
3 2078 2079 2103
3 2079 2104 2103
3 2079 2080 2104
3 2080 2105 2104
3 2080 2081 2105
3 2081 2106 2105
3 2081 2082 2106
3 2082 2107 2106
3 2082 2083 2107
3 2083 2108 2107
3 2083 2084 2108
3 2084 2109 2108
3 2084 2085 2109
3 2085 2110 2109
3 2085 2086 2110
3 2086 2111 2110
3 2086 2087 2111
3 2087 2112 2111
3 2087 2088 2112
3 2088 2113 2112
3 2088 2089 2113
3 2089 2114 2113
3 2089 2090 2114
3 2090 2115 2114
3 2090 2091 2115
3 2091 2116 2115
3 2091 2092 2116
3 2092 2117 2116
3 2092 2093 2117
3 2093 2118 2117
3 2093 2094 2118
3 2094 2119 2118
3 2094 2095 2119
3 2095 2120 2119
3 2095 2096 2120
3 2096 2121 2120
3 2096 2097 2121
3 2097 2122 2121
3 2097 2098 2122
3 2098 2123 2122
3 2098 2099 2123
3 2099 2124 2123
3 2100 2101 2125
3 2101 2126 2125
3 2101 2102 2126
3 2102 2127 2126
3 2102 2103 2127
3 2103 2128 2127
3 2103 2104 2128
3 2104 2129 2128
3 2104 2105 2129
3 2105 2130 2129
3 2105 2106 2130
3 2106 2131 2130
3 2106 2107 2131
3 2107 2132 2131
3 2107 2108 2132
3 2108 2133 2132
3 2108 2109 2133
3 2109 2134 2133
3 2109 2110 2134
3 2110 2135 2134
3 2110 2111 2135
3 2111 2136 2135
3 2111 2112 2136
3 2112 2137 2136
3 2112 2113 2137
3 2113 2138 2137
3 2113 2114 2138
3 2114 2139 2138
3 2114 2115 2139
3 2115 2140 2139
3 2115 2116 2140
3 2116 2141 2140
3 2116 2117 2141
3 2117 2142 2141
3 2117 2118 2142
3 2118 2143 2142
3 2118 2119 2143
3 2119 2144 2143
3 2119 2120 2144
3 2120 2145 2144
3 2120 2121 2145
3 2121 2146 2145
3 2121 2122 2146
3 2122 2147 2146
3 2122 2123 2147
3 2123 2148 2147
3 2123 2124 2148
3 2124 2149 2148
3 2125 2126 2150
3 2126 2151 2150
3 2126 2127 2151
3 2127 2152 2151
3 2127 2128 2152
3 2128 2153 2152
3 2128 2129 2153
3 2129 2154 2153
3 2129 2130 2154
3 2130 2155 2154
3 2130 2131 2155
3 2131 2156 2155
3 2131 2132 2156
3 2132 2157 2156
3 2132 2133 2157
3 2133 2158 2157
3 2133 2134 2158
3 2134 2159 2158
3 2134 2135 2159
3 2135 2160 2159
3 2135 2136 2160
3 2136 2161 2160
3 2136 2137 2161
3 2137 2162 2161
3 2137 2138 2162
3 2138 2163 2162
3 2138 2139 2163
3 2139 2164 2163
3 2139 2140 2164
3 2140 2165 2164
3 2140 2141 2165
3 2141 2166 2165
3 2141 2142 2166
3 2142 2167 2166
3 2142 2143 2167
3 2143 2168 2167
3 2143 2144 2168
3 2144 2169 2168
3 2144 2145 2169
3 2145 2170 2169
3 2145 2146 2170
3 2146 2171 2170
3 2146 2147 2171
3 2147 2172 2171
3 2147 2148 2172
3 2148 2173 2172
3 2148 2149 2173
3 2149 2174 2173
3 2150 2151 2175
3 2151 2176 2175
3 2151 2152 2176
3 2152 2177 2176
3 2152 2153 2177
3 2153 2178 2177
3 2153 2154 2178
3 2154 2179 2178
3 2154 2155 2179
3 2155 2180 2179
3 2155 2156 2180
3 2156 2181 2180
3 2156 2157 2181
3 2157 2182 2181
3 2157 2158 2182
3 2158 2183 2182
3 2158 2159 2183
3 2159 2184 2183
3 2159 2160 2184
3 2160 2185 2184
3 2160 2161 2185
3 2161 2186 2185
3 2161 2162 2186
3 2162 2187 2186
3 2162 2163 2187
3 2163 2188 2187
3 2163 2164 2188
3 2164 2189 2188
3 2164 2165 2189
3 2165 2190 2189
3 2165 2166 2190
3 2166 2191 2190
3 2166 2167 2191
3 2167 2192 2191
3 2167 2168 2192
3 2168 2193 2192
3 2168 2169 2193
3 2169 2194 2193
3 2169 2170 2194
3 2170 2195 2194
3 2170 2171 2195
3 2171 2196 2195
3 2171 2172 2196
3 2172 2197 2196
3 2172 2173 2197
3 2173 2198 2197
3 2173 2174 2198
3 2174 2199 2198
3 2175 2176 2200
3 2176 2201 2200
3 2176 2177 2201
3 2177 2202 2201
3 2177 2178 2202
3 2178 2203 2202
3 2178 2179 2203
3 2179 2204 2203
3 2179 2180 2204
3 2180 2205 2204
3 2180 2181 2205
3 2181 2206 2205
3 2181 2182 2206
3 2182 2207 2206
3 2182 2183 2207
3 2183 2208 2207
3 2183 2184 2208
3 2184 2209 2208
3 2184 2185 2209
3 2185 2210 2209
3 2185 2186 2210
3 2186 2211 2210
3 2186 2187 2211
3 2187 2212 2211
3 2187 2188 2212
3 2188 2213 2212
3 2188 2189 2213
3 2189 2214 2213
3 2189 2190 2214
3 2190 2215 2214
3 2190 2191 2215
3 2191 2216 2215
3 2191 2192 2216
3 2192 2217 2216
3 2192 2193 2217
3 2193 2218 2217
3 2193 2194 2218
3 2194 2219 2218
3 2194 2195 2219
3 2195 2220 2219
3 2195 2196 2220
3 2196 2221 2220
3 2196 2197 2221
3 2197 2222 2221
3 2197 2198 2222
3 2198 2223 2222
3 2198 2199 2223
3 2199 2224 2223
3 2200 2201 2225
3 2201 2226 2225
3 2201 2202 2226
3 2202 2227 2226
3 2202 2203 2227
3 2203 2228 2227
3 2203 2204 2228
3 2204 2229 2228
3 2204 2205 2229
3 2205 2230 2229
3 2205 2206 2230
3 2206 2231 2230
3 2206 2207 2231
3 2207 2232 2231
3 2207 2208 2232
3 2208 2233 2232
3 2208 2209 2233
3 2209 2234 2233
3 2209 2210 2234
3 2210 2235 2234
3 2210 2211 2235
3 2211 2236 2235
3 2211 2212 2236
3 2212 2237 2236
3 2212 2213 2237
3 2213 2238 2237
3 2213 2214 2238
3 2214 2239 2238
3 2214 2215 2239
3 2215 2240 2239
3 2215 2216 2240
3 2216 2241 2240
3 2216 2217 2241
3 2217 2242 2241
3 2217 2218 2242
3 2218 2243 2242
3 2218 2219 2243
3 2219 2244 2243
3 2219 2220 2244
3 2220 2245 2244
3 2220 2221 2245
3 2221 2246 2245
3 2221 2222 2246
3 2222 2247 2246
3 2222 2223 2247
3 2223 2248 2247
3 2223 2224 2248
3 2224 2249 2248
3 2225 2226 2250
3 2226 2227 2251
3 2227 2228 2252
3 2228 2229 2253
3 2229 2230 2254
3 2230 2231 2255
3 2231 2232 2256
3 2232 2233 2257
3 2233 2234 2258
3 2234 2235 2259
3 2235 2236 2260
3 2236 2237 2261
3 2237 2238 2262
3 2238 2239 2263
3 2239 2240 2264
3 2240 2241 2265
3 2241 2242 2266
3 2242 2243 2267
3 2243 2244 2268
3 2244 2245 2269
3 2245 2246 2270
3 2246 2247 2271
3 2247 2248 2272
3 2248 2249 2273
3 2276 2301 2300
3 2277 2302 2301
3 2278 2303 2302
3 2279 2304 2303
3 2280 2305 2304
3 2281 2306 2305
3 2282 2307 2306
3 2283 2308 2307
3 2284 2309 2308
3 2285 2310 2309
3 2286 2311 2310
3 2287 2312 2311
3 2288 2313 2312
3 2289 2314 2313
3 2290 2315 2314
3 2291 2316 2315
3 2292 2317 2316
3 2293 2318 2317
3 2294 2319 2318
3 2295 2320 2319
3 2296 2321 2320
3 2297 2322 2321
3 2298 2323 2322
3 2299 2324 2323
3 2300 2301 2325
3 2301 2326 2325
3 2301 2302 2326
3 2302 2327 2326
3 2302 2303 2327
3 2303 2328 2327
3 2303 2304 2328
3 2304 2329 2328
3 2304 2305 2329
3 2305 2330 2329
3 2305 2306 2330
3 2306 2331 2330
3 2306 2307 2331
3 2307 2332 2331
3 2307 2308 2332
3 2308 2333 2332
3 2308 2309 2333
3 2309 2334 2333
3 2309 2310 2334
3 2310 2335 2334
3 2310 2311 2335
3 2311 2336 2335
3 2311 2312 2336
3 2312 2337 2336
3 2312 2313 2337
3 2313 2338 2337
3 2313 2314 2338
3 2314 2339 2338
3 2314 2315 2339
3 2315 2340 2339
3 2315 2316 2340
3 2316 2341 2340
3 2316 2317 2341
3 2317 2342 2341
3 2317 2318 2342
3 2318 2343 2342
3 2318 2319 2343
3 2319 2344 2343
3 2319 2320 2344
3 2320 2345 2344
3 2320 2321 2345
3 2321 2346 2345
3 2321 2322 2346
3 2322 2347 2346
3 2322 2323 2347
3 2323 2348 2347
3 2323 2324 2348
3 2324 2349 2348
3 2325 2326 2350
3 2326 2351 2350
3 2326 2327 2351
3 2327 2352 2351
3 2327 2328 2352
3 2328 2353 2352
3 2328 2329 2353
3 2329 2354 2353
3 2329 2330 2354
3 2330 2355 2354
3 2330 2331 2355
3 2331 2356 2355
3 2331 2332 2356
3 2332 2357 2356
3 2332 2333 2357
3 2333 2358 2357
3 2333 2334 2358
3 2334 2359 2358
3 2334 2335 2359
3 2335 2360 2359
3 2335 2336 2360
3 2336 2361 2360
3 2336 2337 2361
3 2337 2362 2361
3 2337 2338 2362
3 2338 2363 2362
3 2338 2339 2363
3 2339 2364 2363
3 2339 2340 2364
3 2340 2365 2364
3 2340 2341 2365
3 2341 2366 2365
3 2341 2342 2366
3 2342 2367 2366
3 2342 2343 2367
3 2343 2368 2367
3 2343 2344 2368
3 2344 2369 2368
3 2344 2345 2369
3 2345 2370 2369
3 2345 2346 2370
3 2346 2371 2370
3 2346 2347 2371
3 2347 2372 2371
3 2347 2348 2372
3 2348 2373 2372
3 2348 2349 2373
3 2349 2374 2373
3 2350 2351 2375
3 2351 2376 2375
3 2351 2352 2376
3 2352 2377 2376
3 2352 2353 2377
3 2353 2378 2377
3 2353 2354 2378
3 2354 2379 2378
3 2354 2355 2379
3 2355 2380 2379
3 2355 2356 2380
3 2356 2381 2380
3 2356 2357 2381
3 2357 2382 2381
3 2357 2358 2382
3 2358 2383 2382
3 2358 2359 2383
3 2359 2384 2383
3 2359 2360 2384
3 2360 2385 2384
3 2360 2361 2385
3 2361 2386 2385
3 2361 2362 2386
3 2362 2387 2386
3 2362 2363 2387
3 2363 2388 2387
3 2363 2364 2388
3 2364 2389 2388
3 2364 2365 2389
3 2365 2390 2389
3 2365 2366 2390
3 2366 2391 2390
3 2366 2367 2391
3 2367 2392 2391
3 2367 2368 2392
3 2368 2393 2392
3 2368 2369 2393
3 2369 2394 2393
3 2369 2370 2394
3 2370 2395 2394
3 2370 2371 2395
3 2371 2396 2395
3 2371 2372 2396
3 2372 2397 2396
3 2372 2373 2397
3 2373 2398 2397
3 2373 2374 2398
3 2374 2399 2398
3 2375 2376 2400
3 2376 2401 2400
3 2376 2377 2401
3 2377 2402 2401
3 2377 2378 2402
3 2378 2403 2402
3 2378 2379 2403
3 2379 2404 2403
3 2379 2380 2404
3 2380 2405 2404
3 2380 2381 2405
3 2381 2406 2405
3 2381 2382 2406
3 2382 2407 2406
3 2382 2383 2407
3 2383 2408 2407
3 2383 2384 2408
3 2384 2409 2408
3 2384 2385 2409
3 2385 2410 2409
3 2385 2386 2410
3 2386 2411 2410
3 2386 2387 2411
3 2387 2412 2411
3 2387 2388 2412
3 2388 2413 2412
3 2388 2389 2413
3 2389 2414 2413
3 2389 2390 2414
3 2390 2415 2414
3 2390 2391 2415
3 2391 2416 2415
3 2391 2392 2416
3 2392 2417 2416
3 2392 2393 2417
3 2393 2418 2417
3 2393 2394 2418
3 2394 2419 2418
3 2394 2395 2419
3 2395 2420 2419
3 2395 2396 2420
3 2396 2421 2420
3 2396 2397 2421
3 2397 2422 2421
3 2397 2398 2422
3 2398 2423 2422
3 2398 2399 2423
3 2399 2424 2423
3 2400 2401 2425
3 2401 2426 2425
3 2401 2402 2426
3 2402 2427 2426
3 2402 2403 2427
3 2403 2428 2427
3 2403 2404 2428
3 2404 2429 2428
3 2404 2405 2429
3 2405 2430 2429
3 2405 2406 2430
3 2406 2431 2430
3 2406 2407 2431
3 2407 2432 2431
3 2407 2408 2432
3 2408 2433 2432
3 2408 2409 2433
3 2409 2434 2433
3 2409 2410 2434
3 2410 2435 2434
3 2410 2411 2435
3 2411 2436 2435
3 2411 2412 2436
3 2412 2437 2436
3 2412 2413 2437
3 2413 2438 2437
3 2413 2414 2438
3 2414 2439 2438
3 2414 2415 2439
3 2415 2440 2439
3 2415 2416 2440
3 2416 2441 2440
3 2416 2417 2441
3 2417 2442 2441
3 2417 2418 2442
3 2418 2443 2442
3 2418 2419 2443
3 2419 2444 2443
3 2419 2420 2444
3 2420 2445 2444
3 2420 2421 2445
3 2421 2446 2445
3 2421 2422 2446
3 2422 2447 2446
3 2422 2423 2447
3 2423 2448 2447
3 2423 2424 2448
3 2424 2449 2448
3 2425 2426 2450
3 2426 2451 2450
3 2426 2427 2451
3 2427 2452 2451
3 2427 2428 2452
3 2428 2453 2452
3 2428 2429 2453
3 2429 2454 2453
3 2429 2430 2454
3 2430 2455 2454
3 2430 2431 2455
3 2431 2456 2455
3 2431 2432 2456
3 2432 2457 2456
3 2432 2433 2457
3 2433 2458 2457
3 2433 2434 2458
3 2434 2459 2458
3 2434 2435 2459
3 2435 2460 2459
3 2435 2436 2460
3 2436 2461 2460
3 2436 2437 2461
3 2437 2462 2461
3 2437 2438 2462
3 2438 2463 2462
3 2438 2439 2463
3 2439 2464 2463
3 2439 2440 2464
3 2440 2465 2464
3 2440 2441 2465
3 2441 2466 2465
3 2441 2442 2466
3 2442 2467 2466
3 2442 2443 2467
3 2443 2468 2467
3 2443 2444 2468
3 2444 2469 2468
3 2444 2445 2469
3 2445 2470 2469
3 2445 2446 2470
3 2446 2471 2470
3 2446 2447 2471
3 2447 2472 2471
3 2447 2448 2472
3 2448 2473 2472
3 2448 2449 2473
3 2449 2474 2473
3 2450 2451 2475
3 2451 2476 2475
3 2451 2452 2476
3 2452 2477 2476
3 2452 2453 2477
3 2453 2478 2477
3 2453 2454 2478
3 2454 2479 2478
3 2454 2455 2479
3 2455 2480 2479
3 2455 2456 2480
3 2456 2481 2480
3 2456 2457 2481
3 2457 2482 2481
3 2457 2458 2482
3 2458 2483 2482
3 2458 2459 2483
3 2459 2484 2483
3 2459 2460 2484
3 2460 2485 2484
3 2460 2461 2485
3 2461 2486 2485
3 2461 2462 2486
3 2462 2487 2486
3 2462 2463 2487
3 2463 2488 2487
3 2463 2464 2488
3 2464 2489 2488
3 2464 2465 2489
3 2465 2490 2489
3 2465 2466 2490
3 2466 2491 2490
3 2466 2467 2491
3 2467 2492 2491
3 2467 2468 2492
3 2468 2493 2492
3 2468 2469 2493
3 2469 2494 2493
3 2469 2470 2494
3 2470 2495 2494
3 2470 2471 2495
3 2471 2496 2495
3 2471 2472 2496
3 2472 2497 2496
3 2472 2473 2497
3 2473 2498 2497
3 2473 2474 2498
3 2474 2499 2498
3 2475 2476 2500
3 2476 2501 2500
3 2476 2477 2501
3 2477 2502 2501
3 2477 2478 2502
3 2478 2503 2502
3 2478 2479 2503
3 2479 2504 2503
3 2479 2480 2504
3 2480 2505 2504
3 2480 2481 2505
3 2481 2506 2505
3 2481 2482 2506
3 2482 2507 2506
3 2482 2483 2507
3 2483 2508 2507
3 2483 2484 2508
3 2484 2509 2508
3 2484 2485 2509
3 2485 2510 2509
3 2485 2486 2510
3 2486 2511 2510
3 2486 2487 2511
3 2487 2512 2511
3 2487 2488 2512
3 2488 2513 2512
3 2488 2489 2513
3 2489 2514 2513
3 2489 2490 2514
3 2490 2515 2514
3 2490 2491 2515
3 2491 2516 2515
3 2491 2492 2516
3 2492 2517 2516
3 2492 2493 2517
3 2493 2518 2517
3 2493 2494 2518
3 2494 2519 2518
3 2494 2495 2519
3 2495 2520 2519
3 2495 2496 2520
3 2496 2521 2520
3 2496 2497 2521
3 2497 2522 2521
3 2497 2498 2522
3 2498 2523 2522
3 2498 2499 2523
3 2499 2524 2523
3 2500 2501 2525
3 2501 2526 2525
3 2501 2502 2526
3 2502 2527 2526
3 2502 2503 2527
3 2503 2528 2527
3 2503 2504 2528
3 2504 2529 2528
3 2504 2505 2529
3 2505 2530 2529
3 2505 2506 2530
3 2506 2531 2530
3 2506 2507 2531
3 2507 2532 2531
3 2507 2508 2532
3 2508 2533 2532
3 2508 2509 2533
3 2509 2534 2533
3 2509 2510 2534
3 2510 2535 2534
3 2510 2511 2535
3 2511 2536 2535
3 2511 2512 2536
3 2512 2537 2536
3 2512 2513 2537
3 2513 2538 2537
3 2513 2514 2538
3 2514 2539 2538
3 2514 2515 2539
3 2515 2540 2539
3 2515 2516 2540
3 2516 2541 2540
3 2516 2517 2541
3 2517 2542 2541
3 2517 2518 2542
3 2518 2543 2542
3 2518 2519 2543
3 2519 2544 2543
3 2519 2520 2544
3 2520 2545 2544
3 2520 2521 2545
3 2521 2546 2545
3 2521 2522 2546
3 2522 2547 2546
3 2522 2523 2547
3 2523 2548 2547
3 2523 2524 2548
3 2524 2549 2548
3 2525 2526 2550
3 2526 2551 2550
3 2526 2527 2551
3 2527 2552 2551
3 2527 2528 2552
3 2528 2553 2552
3 2528 2529 2553
3 2529 2554 2553
3 2529 2530 2554
3 2530 2555 2554
3 2530 2531 2555
3 2531 2556 2555
3 2531 2532 2556
3 2532 2557 2556
3 2532 2533 2557
3 2533 2558 2557
3 2533 2534 2558
3 2534 2559 2558
3 2534 2535 2559
3 2535 2560 2559
3 2535 2536 2560
3 2536 2561 2560
3 2536 2537 2561
3 2537 2562 2561
3 2537 2538 2562
3 2538 2563 2562
3 2538 2539 2563
3 2539 2564 2563
3 2539 2540 2564
3 2540 2565 2564
3 2540 2541 2565
3 2541 2566 2565
3 2541 2542 2566
3 2542 2567 2566
3 2542 2543 2567
3 2543 2568 2567
3 2543 2544 2568
3 2544 2569 2568
3 2544 2545 2569
3 2545 2570 2569
3 2545 2546 2570
3 2546 2571 2570
3 2546 2547 2571
3 2547 2572 2571
3 2547 2548 2572
3 2548 2573 2572
3 2548 2549 2573
3 2549 2574 2573
3 2550 2551 2575
3 2551 2552 2576
3 2552 2553 2577
3 2553 2554 2578
3 2554 2555 2579
3 2555 2556 2580
3 2556 2557 2581
3 2557 2558 2582
3 2558 2559 2583
3 2559 2560 2584
3 2560 2561 2585
3 2561 2562 2586
3 2562 2563 2587
3 2563 2564 2588
3 2564 2565 2589
3 2565 2566 2590
3 2566 2567 2591
3 2567 2568 2592
3 2568 2569 2593
3 2569 2570 2594
3 2570 2571 2595
3 2571 2572 2596
3 2572 2573 2597
3 2573 2574 2598
3 2601 2626 2625
3 2602 2627 2626
3 2603 2628 2627
3 2604 2629 2628
3 2605 2630 2629
3 2606 2631 2630
3 2607 2632 2631
3 2608 2633 2632
3 2609 2634 2633
3 2610 2635 2634
3 2611 2636 2635
3 2612 2637 2636
3 2613 2638 2637
3 2614 2639 2638
3 2615 2640 2639
3 2616 2641 2640
3 2617 2642 2641
3 2618 2643 2642
3 2619 2644 2643
3 2620 2645 2644
3 2621 2646 2645
3 2622 2647 2646
3 2623 2648 2647
3 2624 2649 2648
3 2625 2626 2650
3 2626 2651 2650
3 2626 2627 2651
3 2627 2652 2651
3 2627 2628 2652
3 2628 2653 2652
3 2628 2629 2653
3 2629 2654 2653
3 2629 2630 2654
3 2630 2655 2654
3 2630 2631 2655
3 2631 2656 2655
3 2631 2632 2656
3 2632 2657 2656
3 2632 2633 2657
3 2633 2658 2657
3 2633 2634 2658
3 2634 2659 2658
3 2634 2635 2659
3 2635 2660 2659
3 2635 2636 2660
3 2636 2661 2660
3 2636 2637 2661
3 2637 2662 2661
3 2637 2638 2662
3 2638 2663 2662
3 2638 2639 2663
3 2639 2664 2663
3 2639 2640 2664
3 2640 2665 2664
3 2640 2641 2665
3 2641 2666 2665
3 2641 2642 2666
3 2642 2667 2666
3 2642 2643 2667
3 2643 2668 2667
3 2643 2644 2668
3 2644 2669 2668
3 2644 2645 2669
3 2645 2670 2669
3 2645 2646 2670
3 2646 2671 2670
3 2646 2647 2671
3 2647 2672 2671
3 2647 2648 2672
3 2648 2673 2672
3 2648 2649 2673
3 2649 2674 2673
3 2650 2651 2675
3 2651 2676 2675
3 2651 2652 2676
3 2652 2677 2676
3 2652 2653 2677
3 2653 2678 2677
3 2653 2654 2678
3 2654 2679 2678
3 2654 2655 2679
3 2655 2680 2679
3 2655 2656 2680
3 2656 2681 2680
3 2656 2657 2681
3 2657 2682 2681
3 2657 2658 2682
3 2658 2683 2682
3 2658 2659 2683
3 2659 2684 2683
3 2659 2660 2684
3 2660 2685 2684
3 2660 2661 2685
3 2661 2686 2685
3 2661 2662 2686
3 2662 2687 2686
3 2662 2663 2687
3 2663 2688 2687
3 2663 2664 2688
3 2664 2689 2688
3 2664 2665 2689
3 2665 2690 2689
3 2665 2666 2690
3 2666 2691 2690
3 2666 2667 2691
3 2667 2692 2691
3 2667 2668 2692
3 2668 2693 2692
3 2668 2669 2693
3 2669 2694 2693
3 2669 2670 2694
3 2670 2695 2694
3 2670 2671 2695
3 2671 2696 2695
3 2671 2672 2696
3 2672 2697 2696
3 2672 2673 2697
3 2673 2698 2697
3 2673 2674 2698
3 2674 2699 2698
3 2675 2676 2700
3 2676 2701 2700
3 2676 2677 2701
3 2677 2702 2701
3 2677 2678 2702
3 2678 2703 2702
3 2678 2679 2703
3 2679 2704 2703
3 2679 2680 2704
3 2680 2705 2704
3 2680 2681 2705
3 2681 2706 2705
3 2681 2682 2706
3 2682 2707 2706
3 2682 2683 2707
3 2683 2708 2707
3 2683 2684 2708
3 2684 2709 2708
3 2684 2685 2709
3 2685 2710 2709
3 2685 2686 2710
3 2686 2711 2710
3 2686 2687 2711
3 2687 2712 2711
3 2687 2688 2712
3 2688 2713 2712
3 2688 2689 2713
3 2689 2714 2713
3 2689 2690 2714
3 2690 2715 2714
3 2690 2691 2715
3 2691 2716 2715
3 2691 2692 2716
3 2692 2717 2716
3 2692 2693 2717
3 2693 2718 2717
3 2693 2694 2718
3 2694 2719 2718
3 2694 2695 2719
3 2695 2720 2719
3 2695 2696 2720
3 2696 2721 2720
3 2696 2697 2721
3 2697 2722 2721
3 2697 2698 2722
3 2698 2723 2722
3 2698 2699 2723
3 2699 2724 2723
3 2700 2701 2725
3 2701 2726 2725
3 2701 2702 2726
3 2702 2727 2726
3 2702 2703 2727
3 2703 2728 2727
3 2703 2704 2728
3 2704 2729 2728
3 2704 2705 2729
3 2705 2730 2729
3 2705 2706 2730
3 2706 2731 2730
3 2706 2707 2731
3 2707 2732 2731
3 2707 2708 2732
3 2708 2733 2732
3 2708 2709 2733
3 2709 2734 2733
3 2709 2710 2734
3 2710 2735 2734
3 2710 2711 2735
3 2711 2736 2735
3 2711 2712 2736
3 2712 2737 2736
3 2712 2713 2737
3 2713 2738 2737
3 2713 2714 2738
3 2714 2739 2738
3 2714 2715 2739
3 2715 2740 2739
3 2715 2716 2740
3 2716 2741 2740
3 2716 2717 2741
3 2717 2742 2741
3 2717 2718 2742
3 2718 2743 2742
3 2718 2719 2743
3 2719 2744 2743
3 2719 2720 2744
3 2720 2745 2744
3 2720 2721 2745
3 2721 2746 2745
3 2721 2722 2746
3 2722 2747 2746
3 2722 2723 2747
3 2723 2748 2747
3 2723 2724 2748
3 2724 2749 2748
3 2725 2726 2750
3 2726 2751 2750
3 2726 2727 2751
3 2727 2752 2751
3 2727 2728 2752
3 2728 2753 2752
3 2728 2729 2753
3 2729 2754 2753
3 2729 2730 2754
3 2730 2755 2754
3 2730 2731 2755
3 2731 2756 2755
3 2731 2732 2756
3 2732 2757 2756
3 2732 2733 2757
3 2733 2758 2757
3 2733 2734 2758
3 2734 2759 2758
3 2734 2735 2759
3 2735 2760 2759
3 2735 2736 2760
3 2736 2761 2760
3 2736 2737 2761
3 2737 2762 2761
3 2737 2738 2762
3 2738 2763 2762
3 2738 2739 2763
3 2739 2764 2763
3 2739 2740 2764
3 2740 2765 2764
3 2740 2741 2765
3 2741 2766 2765
3 2741 2742 2766
3 2742 2767 2766
3 2742 2743 2767
3 2743 2768 2767
3 2743 2744 2768
3 2744 2769 2768
3 2744 2745 2769
3 2745 2770 2769
3 2745 2746 2770
3 2746 2771 2770
3 2746 2747 2771
3 2747 2772 2771
3 2747 2748 2772
3 2748 2773 2772
3 2748 2749 2773
3 2749 2774 2773
3 2750 2751 2775
3 2751 2776 2775
3 2751 2752 2776
3 2752 2777 2776
3 2752 2753 2777
3 2753 2778 2777
3 2753 2754 2778
3 2754 2779 2778
3 2754 2755 2779
3 2755 2780 2779
3 2755 2756 2780
3 2756 2781 2780
3 2756 2757 2781
3 2757 2782 2781
3 2757 2758 2782
3 2758 2783 2782
3 2758 2759 2783
3 2759 2784 2783
3 2759 2760 2784
3 2760 2785 2784
3 2760 2761 2785
3 2761 2786 2785
3 2761 2762 2786
3 2762 2787 2786
3 2762 2763 2787
3 2763 2788 2787
3 2763 2764 2788
3 2764 2789 2788
3 2764 2765 2789
3 2765 2790 2789
3 2765 2766 2790
3 2766 2791 2790
3 2766 2767 2791
3 2767 2792 2791
3 2767 2768 2792
3 2768 2793 2792
3 2768 2769 2793
3 2769 2794 2793
3 2769 2770 2794
3 2770 2795 2794
3 2770 2771 2795
3 2771 2796 2795
3 2771 2772 2796
3 2772 2797 2796
3 2772 2773 2797
3 2773 2798 2797
3 2773 2774 2798
3 2774 2799 2798
3 2775 2776 2800
3 2776 2801 2800
3 2776 2777 2801
3 2777 2802 2801
3 2777 2778 2802
3 2778 2803 2802
3 2778 2779 2803
3 2779 2804 2803
3 2779 2780 2804
3 2780 2805 2804
3 2780 2781 2805
3 2781 2806 2805
3 2781 2782 2806
3 2782 2807 2806
3 2782 2783 2807
3 2783 2808 2807
3 2783 2784 2808
3 2784 2809 2808
3 2784 2785 2809
3 2785 2810 2809
3 2785 2786 2810
3 2786 2811 2810
3 2786 2787 2811
3 2787 2812 2811
3 2787 2788 2812
3 2788 2813 2812
3 2788 2789 2813
3 2789 2814 2813
3 2789 2790 2814
3 2790 2815 2814
3 2790 2791 2815
3 2791 2816 2815
3 2791 2792 2816
3 2792 2817 2816
3 2792 2793 2817
3 2793 2818 2817
3 2793 2794 2818
3 2794 2819 2818
3 2794 2795 2819
3 2795 2820 2819
3 2795 2796 2820
3 2796 2821 2820
3 2796 2797 2821
3 2797 2822 2821
3 2797 2798 2822
3 2798 2823 2822
3 2798 2799 2823
3 2799 2824 2823
3 2800 2801 2825
3 2801 2826 2825
3 2801 2802 2826
3 2802 2827 2826
3 2802 2803 2827
3 2803 2828 2827
3 2803 2804 2828
3 2804 2829 2828
3 2804 2805 2829
3 2805 2830 2829
3 2805 2806 2830
3 2806 2831 2830
3 2806 2807 2831
3 2807 2832 2831
3 2807 2808 2832
3 2808 2833 2832
3 2808 2809 2833
3 2809 2834 2833
3 2809 2810 2834
3 2810 2835 2834
3 2810 2811 2835
3 2811 2836 2835
3 2811 2812 2836
3 2812 2837 2836
3 2812 2813 2837
3 2813 2838 2837
3 2813 2814 2838
3 2814 2839 2838
3 2814 2815 2839
3 2815 2840 2839
3 2815 2816 2840
3 2816 2841 2840
3 2816 2817 2841
3 2817 2842 2841
3 2817 2818 2842
3 2818 2843 2842
3 2818 2819 2843
3 2819 2844 2843
3 2819 2820 2844
3 2820 2845 2844
3 2820 2821 2845
3 2821 2846 2845
3 2821 2822 2846
3 2822 2847 2846
3 2822 2823 2847
3 2823 2848 2847
3 2823 2824 2848
3 2824 2849 2848
3 2825 2826 2850
3 2826 2851 2850
3 2826 2827 2851
3 2827 2852 2851
3 2827 2828 2852
3 2828 2853 2852
3 2828 2829 2853
3 2829 2854 2853
3 2829 2830 2854
3 2830 2855 2854
3 2830 2831 2855
3 2831 2856 2855
3 2831 2832 2856
3 2832 2857 2856
3 2832 2833 2857
3 2833 2858 2857
3 2833 2834 2858
3 2834 2859 2858
3 2834 2835 2859
3 2835 2860 2859
3 2835 2836 2860
3 2836 2861 2860
3 2836 2837 2861
3 2837 2862 2861
3 2837 2838 2862
3 2838 2863 2862
3 2838 2839 2863
3 2839 2864 2863
3 2839 2840 2864
3 2840 2865 2864
3 2840 2841 2865
3 2841 2866 2865
3 2841 2842 2866
3 2842 2867 2866
3 2842 2843 2867
3 2843 2868 2867
3 2843 2844 2868
3 2844 2869 2868
3 2844 2845 2869
3 2845 2870 2869
3 2845 2846 2870
3 2846 2871 2870
3 2846 2847 2871
3 2847 2872 2871
3 2847 2848 2872
3 2848 2873 2872
3 2848 2849 2873
3 2849 2874 2873
3 2850 2851 2875
3 2851 2876 2875
3 2851 2852 2876
3 2852 2877 2876
3 2852 2853 2877
3 2853 2878 2877
3 2853 2854 2878
3 2854 2879 2878
3 2854 2855 2879
3 2855 2880 2879
3 2855 2856 2880
3 2856 2881 2880
3 2856 2857 2881
3 2857 2882 2881
3 2857 2858 2882
3 2858 2883 2882
3 2858 2859 2883
3 2859 2884 2883
3 2859 2860 2884
3 2860 2885 2884
3 2860 2861 2885
3 2861 2886 2885
3 2861 2862 2886
3 2862 2887 2886
3 2862 2863 2887
3 2863 2888 2887
3 2863 2864 2888
3 2864 2889 2888
3 2864 2865 2889
3 2865 2890 2889
3 2865 2866 2890
3 2866 2891 2890
3 2866 2867 2891
3 2867 2892 2891
3 2867 2868 2892
3 2868 2893 2892
3 2868 2869 2893
3 2869 2894 2893
3 2869 2870 2894
3 2870 2895 2894
3 2870 2871 2895
3 2871 2896 2895
3 2871 2872 2896
3 2872 2897 2896
3 2872 2873 2897
3 2873 2898 2897
3 2873 2874 2898
3 2874 2899 2898
3 2875 2876 2900
3 2876 2877 2901
3 2877 2878 2902
3 2878 2879 2903
3 2879 2880 2904
3 2880 2881 2905
3 2881 2882 2906
3 2882 2883 2907
3 2883 2884 2908
3 2884 2885 2909
3 2885 2886 2910
3 2886 2887 2911
3 2887 2888 2912
3 2888 2889 2913
3 2889 2890 2914
3 2890 2891 2915
3 2891 2892 2916
3 2892 2893 2917
3 2893 2894 2918
3 2894 2895 2919
3 2895 2896 2920
3 2896 2897 2921
3 2897 2898 2922
3 2898 2899 2923
3 2926 2951 2950
3 2927 2952 2951
3 2928 2953 2952
3 2929 2954 2953
3 2930 2955 2954
3 2931 2956 2955
3 2932 2957 2956
3 2933 2958 2957
3 2934 2959 2958
3 2935 2960 2959
3 2936 2961 2960
3 2937 2962 2961
3 2938 2963 2962
3 2939 2964 2963
3 2940 2965 2964
3 2941 2966 2965
3 2942 2967 2966
3 2943 2968 2967
3 2944 2969 2968
3 2945 2970 2969
3 2946 2971 2970
3 2947 2972 2971
3 2948 2973 2972
3 2949 2974 2973
3 2950 2951 2975
3 2951 2976 2975
3 2951 2952 2976
3 2952 2977 2976
3 2952 2953 2977
3 2953 2978 2977
3 2953 2954 2978
3 2954 2979 2978
3 2954 2955 2979
3 2955 2980 2979
3 2955 2956 2980
3 2956 2981 2980
3 2956 2957 2981
3 2957 2982 2981
3 2957 2958 2982
3 2958 2983 2982
3 2958 2959 2983
3 2959 2984 2983
3 2959 2960 2984
3 2960 2985 2984
3 2960 2961 2985
3 2961 2986 2985
3 2961 2962 2986
3 2962 2987 2986
3 2962 2963 2987
3 2963 2988 2987
3 2963 2964 2988
3 2964 2989 2988
3 2964 2965 2989
3 2965 2990 2989
3 2965 2966 2990
3 2966 2991 2990
3 2966 2967 2991
3 2967 2992 2991
3 2967 2968 2992
3 2968 2993 2992
3 2968 2969 2993
3 2969 2994 2993
3 2969 2970 2994
3 2970 2995 2994
3 2970 2971 2995
3 2971 2996 2995
3 2971 2972 2996
3 2972 2997 2996
3 2972 2973 2997
3 2973 2998 2997
3 2973 2974 2998
3 2974 2999 2998
3 2975 2976 3000
3 2976 3001 3000
3 2976 2977 3001
3 2977 3002 3001
3 2977 2978 3002
3 2978 3003 3002
3 2978 2979 3003
3 2979 3004 3003
3 2979 2980 3004
3 2980 3005 3004
3 2980 2981 3005
3 2981 3006 3005
3 2981 2982 3006
3 2982 3007 3006
3 2982 2983 3007
3 2983 3008 3007
3 2983 2984 3008
3 2984 3009 3008
3 2984 2985 3009
3 2985 3010 3009
3 2985 2986 3010
3 2986 3011 3010
3 2986 2987 3011
3 2987 3012 3011
3 2987 2988 3012
3 2988 3013 3012
3 2988 2989 3013
3 2989 3014 3013
3 2989 2990 3014
3 2990 3015 3014
3 2990 2991 3015
3 2991 3016 3015
3 2991 2992 3016
3 2992 3017 3016
3 2992 2993 3017
3 2993 3018 3017
3 2993 2994 3018
3 2994 3019 3018
3 2994 2995 3019
3 2995 3020 3019
3 2995 2996 3020
3 2996 3021 3020
3 2996 2997 3021
3 2997 3022 3021
3 2997 2998 3022
3 2998 3023 3022
3 2998 2999 3023
3 2999 3024 3023
3 3000 3001 3025
3 3001 3026 3025
3 3001 3002 3026
3 3002 3027 3026
3 3002 3003 3027
3 3003 3028 3027
3 3003 3004 3028
3 3004 3029 3028
3 3004 3005 3029
3 3005 3030 3029
3 3005 3006 3030
3 3006 3031 3030
3 3006 3007 3031
3 3007 3032 3031
3 3007 3008 3032
3 3008 3033 3032
3 3008 3009 3033
3 3009 3034 3033
3 3009 3010 3034
3 3010 3035 3034
3 3010 3011 3035
3 3011 3036 3035
3 3011 3012 3036
3 3012 3037 3036
3 3012 3013 3037
3 3013 3038 3037
3 3013 3014 3038
3 3014 3039 3038
3 3014 3015 3039
3 3015 3040 3039
3 3015 3016 3040
3 3016 3041 3040
3 3016 3017 3041
3 3017 3042 3041
3 3017 3018 3042
3 3018 3043 3042
3 3018 3019 3043
3 3019 3044 3043
3 3019 3020 3044
3 3020 3045 3044
3 3020 3021 3045
3 3021 3046 3045
3 3021 3022 3046
3 3022 3047 3046
3 3022 3023 3047
3 3023 3048 3047
3 3023 3024 3048
3 3024 3049 3048
3 3025 3026 3050
3 3026 3051 3050
3 3026 3027 3051
3 3027 3052 3051
3 3027 3028 3052
3 3028 3053 3052
3 3028 3029 3053
3 3029 3054 3053
3 3029 3030 3054
3 3030 3055 3054
3 3030 3031 3055
3 3031 3056 3055
3 3031 3032 3056
3 3032 3057 3056
3 3032 3033 3057
3 3033 3058 3057
3 3033 3034 3058
3 3034 3059 3058
3 3034 3035 3059
3 3035 3060 3059
3 3035 3036 3060
3 3036 3061 3060
3 3036 3037 3061
3 3037 3062 3061
3 3037 3038 3062
3 3038 3063 3062
3 3038 3039 3063
3 3039 3064 3063
3 3039 3040 3064
3 3040 3065 3064
3 3040 3041 3065
3 3041 3066 3065
3 3041 3042 3066
3 3042 3067 3066
3 3042 3043 3067
3 3043 3068 3067
3 3043 3044 3068
3 3044 3069 3068
3 3044 3045 3069
3 3045 3070 3069
3 3045 3046 3070
3 3046 3071 3070
3 3046 3047 3071
3 3047 3072 3071
3 3047 3048 3072
3 3048 3073 3072
3 3048 3049 3073
3 3049 3074 3073
3 3050 3051 3075
3 3051 3076 3075
3 3051 3052 3076
3 3052 3077 3076
3 3052 3053 3077
3 3053 3078 3077
3 3053 3054 3078
3 3054 3079 3078
3 3054 3055 3079
3 3055 3080 3079
3 3055 3056 3080
3 3056 3081 3080
3 3056 3057 3081
3 3057 3082 3081
3 3057 3058 3082
3 3058 3083 3082
3 3058 3059 3083
3 3059 3084 3083
3 3059 3060 3084
3 3060 3085 3084
3 3060 3061 3085
3 3061 3086 3085
3 3061 3062 3086
3 3062 3087 3086
3 3062 3063 3087
3 3063 3088 3087
3 3063 3064 3088
3 3064 3089 3088
3 3064 3065 3089
3 3065 3090 3089
3 3065 3066 3090
3 3066 3091 3090
3 3066 3067 3091
3 3067 3092 3091
3 3067 3068 3092
3 3068 3093 3092
3 3068 3069 3093
3 3069 3094 3093
3 3069 3070 3094
3 3070 3095 3094
3 3070 3071 3095
3 3071 3096 3095
3 3071 3072 3096
3 3072 3097 3096
3 3072 3073 3097
3 3073 3098 3097
3 3073 3074 3098
3 3074 3099 3098
3 3075 3076 3100
3 3076 3101 3100
3 3076 3077 3101
3 3077 3102 3101
3 3077 3078 3102
3 3078 3103 3102
3 3078 3079 3103
3 3079 3104 3103
3 3079 3080 3104
3 3080 3105 3104
3 3080 3081 3105
3 3081 3106 3105
3 3081 3082 3106
3 3082 3107 3106
3 3082 3083 3107
3 3083 3108 3107
3 3083 3084 3108
3 3084 3109 3108
3 3084 3085 3109
3 3085 3110 3109
3 3085 3086 3110
3 3086 3111 3110
3 3086 3087 3111
3 3087 3112 3111
3 3087 3088 3112
3 3088 3113 3112
3 3088 3089 3113
3 3089 3114 3113
3 3089 3090 3114
3 3090 3115 3114
3 3090 3091 3115
3 3091 3116 3115
3 3091 3092 3116
3 3092 3117 3116
3 3092 3093 3117
3 3093 3118 3117
3 3093 3094 3118
3 3094 3119 3118
3 3094 3095 3119
3 3095 3120 3119
3 3095 3096 3120
3 3096 3121 3120
3 3096 3097 3121
3 3097 3122 3121
3 3097 3098 3122
3 3098 3123 3122
3 3098 3099 3123
3 3099 3124 3123
3 3100 3101 3125
3 3101 3126 3125
3 3101 3102 3126
3 3102 3127 3126
3 3102 3103 3127
3 3103 3128 3127
3 3103 3104 3128
3 3104 3129 3128
3 3104 3105 3129
3 3105 3130 3129
3 3105 3106 3130
3 3106 3131 3130
3 3106 3107 3131
3 3107 3132 3131
3 3107 3108 3132
3 3108 3133 3132
3 3108 3109 3133
3 3109 3134 3133
3 3109 3110 3134
3 3110 3135 3134
3 3110 3111 3135
3 3111 3136 3135
3 3111 3112 3136
3 3112 3137 3136
3 3112 3113 3137
3 3113 3138 3137
3 3113 3114 3138
3 3114 3139 3138
3 3114 3115 3139
3 3115 3140 3139
3 3115 3116 3140
3 3116 3141 3140
3 3116 3117 3141
3 3117 3142 3141
3 3117 3118 3142
3 3118 3143 3142
3 3118 3119 3143
3 3119 3144 3143
3 3119 3120 3144
3 3120 3145 3144
3 3120 3121 3145
3 3121 3146 3145
3 3121 3122 3146
3 3122 3147 3146
3 3122 3123 3147
3 3123 3148 3147
3 3123 3124 3148
3 3124 3149 3148
3 3125 3126 3150
3 3126 3151 3150
3 3126 3127 3151
3 3127 3152 3151
3 3127 3128 3152
3 3128 3153 3152
3 3128 3129 3153
3 3129 3154 3153
3 3129 3130 3154
3 3130 3155 3154
3 3130 3131 3155
3 3131 3156 3155
3 3131 3132 3156
3 3132 3157 3156
3 3132 3133 3157
3 3133 3158 3157
3 3133 3134 3158
3 3134 3159 3158
3 3134 3135 3159
3 3135 3160 3159
3 3135 3136 3160
3 3136 3161 3160
3 3136 3137 3161
3 3137 3162 3161
3 3137 3138 3162
3 3138 3163 3162
3 3138 3139 3163
3 3139 3164 3163
3 3139 3140 3164
3 3140 3165 3164
3 3140 3141 3165
3 3141 3166 3165
3 3141 3142 3166
3 3142 3167 3166
3 3142 3143 3167
3 3143 3168 3167
3 3143 3144 3168
3 3144 3169 3168
3 3144 3145 3169
3 3145 3170 3169
3 3145 3146 3170
3 3146 3171 3170
3 3146 3147 3171
3 3147 3172 3171
3 3147 3148 3172
3 3148 3173 3172
3 3148 3149 3173
3 3149 3174 3173
3 3150 3151 3175
3 3151 3176 3175
3 3151 3152 3176
3 3152 3177 3176
3 3152 3153 3177
3 3153 3178 3177
3 3153 3154 3178
3 3154 3179 3178
3 3154 3155 3179
3 3155 3180 3179
3 3155 3156 3180
3 3156 3181 3180
3 3156 3157 3181
3 3157 3182 3181
3 3157 3158 3182
3 3158 3183 3182
3 3158 3159 3183
3 3159 3184 3183
3 3159 3160 3184
3 3160 3185 3184
3 3160 3161 3185
3 3161 3186 3185
3 3161 3162 3186
3 3162 3187 3186
3 3162 3163 3187
3 3163 3188 3187
3 3163 3164 3188
3 3164 3189 3188
3 3164 3165 3189
3 3165 3190 3189
3 3165 3166 3190
3 3166 3191 3190
3 3166 3167 3191
3 3167 3192 3191
3 3167 3168 3192
3 3168 3193 3192
3 3168 3169 3193
3 3169 3194 3193
3 3169 3170 3194
3 3170 3195 3194
3 3170 3171 3195
3 3171 3196 3195
3 3171 3172 3196
3 3172 3197 3196
3 3172 3173 3197
3 3173 3198 3197
3 3173 3174 3198
3 3174 3199 3198
3 3175 3176 3200
3 3176 3201 3200
3 3176 3177 3201
3 3177 3202 3201
3 3177 3178 3202
3 3178 3203 3202
3 3178 3179 3203
3 3179 3204 3203
3 3179 3180 3204
3 3180 3205 3204
3 3180 3181 3205
3 3181 3206 3205
3 3181 3182 3206
3 3182 3207 3206
3 3182 3183 3207
3 3183 3208 3207
3 3183 3184 3208
3 3184 3209 3208
3 3184 3185 3209
3 3185 3210 3209
3 3185 3186 3210
3 3186 3211 3210
3 3186 3187 3211
3 3187 3212 3211
3 3187 3188 3212
3 3188 3213 3212
3 3188 3189 3213
3 3189 3214 3213
3 3189 3190 3214
3 3190 3215 3214
3 3190 3191 3215
3 3191 3216 3215
3 3191 3192 3216
3 3192 3217 3216
3 3192 3193 3217
3 3193 3218 3217
3 3193 3194 3218
3 3194 3219 3218
3 3194 3195 3219
3 3195 3220 3219
3 3195 3196 3220
3 3196 3221 3220
3 3196 3197 3221
3 3197 3222 3221
3 3197 3198 3222
3 3198 3223 3222
3 3198 3199 3223
3 3199 3224 3223
3 3200 3201 3225
3 3201 3202 3226
3 3202 3203 3227
3 3203 3204 3228
3 3204 3205 3229
3 3205 3206 3230
3 3206 3207 3231
3 3207 3208 3232
3 3208 3209 3233
3 3209 3210 3234
3 3210 3211 3235
3 3211 3212 3236
3 3212 3213 3237
3 3213 3214 3238
3 3214 3215 3239
3 3215 3216 3240
3 3216 3217 3241
3 3217 3218 3242
3 3218 3219 3243
3 3219 3220 3244
3 3220 3221 3245
3 3221 3222 3246
3 3222 3223 3247
3 3223 3224 3248
3 3251 3276 3275
3 3252 3277 3276
3 3253 3278 3277
3 3254 3279 3278
3 3255 3280 3279
3 3256 3281 3280
3 3257 3282 3281
3 3258 3283 3282
3 3259 3284 3283
3 3260 3285 3284
3 3261 3286 3285
3 3262 3287 3286
3 3263 3288 3287
3 3264 3289 3288
3 3265 3290 3289
3 3266 3291 3290
3 3267 3292 3291
3 3268 3293 3292
3 3269 3294 3293
3 3270 3295 3294
3 3271 3296 3295
3 3272 3297 3296
3 3273 3298 3297
3 3274 3299 3298
3 3275 3276 3300
3 3276 3301 3300
3 3276 3277 3301
3 3277 3302 3301
3 3277 3278 3302
3 3278 3303 3302
3 3278 3279 3303
3 3279 3304 3303
3 3279 3280 3304
3 3280 3305 3304
3 3280 3281 3305
3 3281 3306 3305
3 3281 3282 3306
3 3282 3307 3306
3 3282 3283 3307
3 3283 3308 3307
3 3283 3284 3308
3 3284 3309 3308
3 3284 3285 3309
3 3285 3310 3309
3 3285 3286 3310
3 3286 3311 3310
3 3286 3287 3311
3 3287 3312 3311
3 3287 3288 3312
3 3288 3313 3312
3 3288 3289 3313
3 3289 3314 3313
3 3289 3290 3314
3 3290 3315 3314
3 3290 3291 3315
3 3291 3316 3315
3 3291 3292 3316
3 3292 3317 3316
3 3292 3293 3317
3 3293 3318 3317
3 3293 3294 3318
3 3294 3319 3318
3 3294 3295 3319
3 3295 3320 3319
3 3295 3296 3320
3 3296 3321 3320
3 3296 3297 3321
3 3297 3322 3321
3 3297 3298 3322
3 3298 3323 3322
3 3298 3299 3323
3 3299 3324 3323
3 3300 3301 3325
3 3301 3326 3325
3 3301 3302 3326
3 3302 3327 3326
3 3302 3303 3327
3 3303 3328 3327
3 3303 3304 3328
3 3304 3329 3328
3 3304 3305 3329
3 3305 3330 3329
3 3305 3306 3330
3 3306 3331 3330
3 3306 3307 3331
3 3307 3332 3331
3 3307 3308 3332
3 3308 3333 3332
3 3308 3309 3333
3 3309 3334 3333
3 3309 3310 3334
3 3310 3335 3334
3 3310 3311 3335
3 3311 3336 3335
3 3311 3312 3336
3 3312 3337 3336
3 3312 3313 3337
3 3313 3338 3337
3 3313 3314 3338
3 3314 3339 3338
3 3314 3315 3339
3 3315 3340 3339
3 3315 3316 3340
3 3316 3341 3340
3 3316 3317 3341
3 3317 3342 3341
3 3317 3318 3342
3 3318 3343 3342
3 3318 3319 3343
3 3319 3344 3343
3 3319 3320 3344
3 3320 3345 3344
3 3320 3321 3345
3 3321 3346 3345
3 3321 3322 3346
3 3322 3347 3346
3 3322 3323 3347
3 3323 3348 3347
3 3323 3324 3348
3 3324 3349 3348
3 3325 3326 3350
3 3326 3351 3350
3 3326 3327 3351
3 3327 3352 3351
3 3327 3328 3352
3 3328 3353 3352
3 3328 3329 3353
3 3329 3354 3353
3 3329 3330 3354
3 3330 3355 3354
3 3330 3331 3355
3 3331 3356 3355
3 3331 3332 3356
3 3332 3357 3356
3 3332 3333 3357
3 3333 3358 3357
3 3333 3334 3358
3 3334 3359 3358
3 3334 3335 3359
3 3335 3360 3359
3 3335 3336 3360
3 3336 3361 3360
3 3336 3337 3361
3 3337 3362 3361
3 3337 3338 3362
3 3338 3363 3362
3 3338 3339 3363
3 3339 3364 3363
3 3339 3340 3364
3 3340 3365 3364
3 3340 3341 3365
3 3341 3366 3365
3 3341 3342 3366
3 3342 3367 3366
3 3342 3343 3367
3 3343 3368 3367
3 3343 3344 3368
3 3344 3369 3368
3 3344 3345 3369
3 3345 3370 3369
3 3345 3346 3370
3 3346 3371 3370
3 3346 3347 3371
3 3347 3372 3371
3 3347 3348 3372
3 3348 3373 3372
3 3348 3349 3373
3 3349 3374 3373
3 3350 3351 3375
3 3351 3376 3375
3 3351 3352 3376
3 3352 3377 3376
3 3352 3353 3377
3 3353 3378 3377
3 3353 3354 3378
3 3354 3379 3378
3 3354 3355 3379
3 3355 3380 3379
3 3355 3356 3380
3 3356 3381 3380
3 3356 3357 3381
3 3357 3382 3381
3 3357 3358 3382
3 3358 3383 3382
3 3358 3359 3383
3 3359 3384 3383
3 3359 3360 3384
3 3360 3385 3384
3 3360 3361 3385
3 3361 3386 3385
3 3361 3362 3386
3 3362 3387 3386
3 3362 3363 3387
3 3363 3388 3387
3 3363 3364 3388
3 3364 3389 3388
3 3364 3365 3389
3 3365 3390 3389
3 3365 3366 3390
3 3366 3391 3390
3 3366 3367 3391
3 3367 3392 3391
3 3367 3368 3392
3 3368 3393 3392
3 3368 3369 3393
3 3369 3394 3393
3 3369 3370 3394
3 3370 3395 3394
3 3370 3371 3395
3 3371 3396 3395
3 3371 3372 3396
3 3372 3397 3396
3 3372 3373 3397
3 3373 3398 3397
3 3373 3374 3398
3 3374 3399 3398
3 3375 3376 3400
3 3376 3401 3400
3 3376 3377 3401
3 3377 3402 3401
3 3377 3378 3402
3 3378 3403 3402
3 3378 3379 3403
3 3379 3404 3403
3 3379 3380 3404
3 3380 3405 3404
3 3380 3381 3405
3 3381 3406 3405
3 3381 3382 3406
3 3382 3407 3406
3 3382 3383 3407
3 3383 3408 3407
3 3383 3384 3408
3 3384 3409 3408
3 3384 3385 3409
3 3385 3410 3409
3 3385 3386 3410
3 3386 3411 3410
3 3386 3387 3411
3 3387 3412 3411
3 3387 3388 3412
3 3388 3413 3412
3 3388 3389 3413
3 3389 3414 3413
3 3389 3390 3414
3 3390 3415 3414
3 3390 3391 3415
3 3391 3416 3415
3 3391 3392 3416
3 3392 3417 3416
3 3392 3393 3417
3 3393 3418 3417
3 3393 3394 3418
3 3394 3419 3418
3 3394 3395 3419
3 3395 3420 3419
3 3395 3396 3420
3 3396 3421 3420
3 3396 3397 3421
3 3397 3422 3421
3 3397 3398 3422
3 3398 3423 3422
3 3398 3399 3423
3 3399 3424 3423
3 3400 3401 3425
3 3401 3426 3425
3 3401 3402 3426
3 3402 3427 3426
3 3402 3403 3427
3 3403 3428 3427
3 3403 3404 3428
3 3404 3429 3428
3 3404 3405 3429
3 3405 3430 3429
3 3405 3406 3430
3 3406 3431 3430
3 3406 3407 3431
3 3407 3432 3431
3 3407 3408 3432
3 3408 3433 3432
3 3408 3409 3433
3 3409 3434 3433
3 3409 3410 3434
3 3410 3435 3434
3 3410 3411 3435
3 3411 3436 3435
3 3411 3412 3436
3 3412 3437 3436
3 3412 3413 3437
3 3413 3438 3437
3 3413 3414 3438
3 3414 3439 3438
3 3414 3415 3439
3 3415 3440 3439
3 3415 3416 3440
3 3416 3441 3440
3 3416 3417 3441
3 3417 3442 3441
3 3417 3418 3442
3 3418 3443 3442
3 3418 3419 3443
3 3419 3444 3443
3 3419 3420 3444
3 3420 3445 3444
3 3420 3421 3445
3 3421 3446 3445
3 3421 3422 3446
3 3422 3447 3446
3 3422 3423 3447
3 3423 3448 3447
3 3423 3424 3448
3 3424 3449 3448
3 3425 3426 3450
3 3426 3451 3450
3 3426 3427 3451
3 3427 3452 3451
3 3427 3428 3452
3 3428 3453 3452
3 3428 3429 3453
3 3429 3454 3453
3 3429 3430 3454
3 3430 3455 3454
3 3430 3431 3455
3 3431 3456 3455
3 3431 3432 3456
3 3432 3457 3456
3 3432 3433 3457
3 3433 3458 3457
3 3433 3434 3458
3 3434 3459 3458
3 3434 3435 3459
3 3435 3460 3459
3 3435 3436 3460
3 3436 3461 3460
3 3436 3437 3461
3 3437 3462 3461
3 3437 3438 3462
3 3438 3463 3462
3 3438 3439 3463
3 3439 3464 3463
3 3439 3440 3464
3 3440 3465 3464
3 3440 3441 3465
3 3441 3466 3465
3 3441 3442 3466
3 3442 3467 3466
3 3442 3443 3467
3 3443 3468 3467
3 3443 3444 3468
3 3444 3469 3468
3 3444 3445 3469
3 3445 3470 3469
3 3445 3446 3470
3 3446 3471 3470
3 3446 3447 3471
3 3447 3472 3471
3 3447 3448 3472
3 3448 3473 3472
3 3448 3449 3473
3 3449 3474 3473
3 3450 3451 3475
3 3451 3476 3475
3 3451 3452 3476
3 3452 3477 3476
3 3452 3453 3477
3 3453 3478 3477
3 3453 3454 3478
3 3454 3479 3478
3 3454 3455 3479
3 3455 3480 3479
3 3455 3456 3480
3 3456 3481 3480
3 3456 3457 3481
3 3457 3482 3481
3 3457 3458 3482
3 3458 3483 3482
3 3458 3459 3483
3 3459 3484 3483
3 3459 3460 3484
3 3460 3485 3484
3 3460 3461 3485
3 3461 3486 3485
3 3461 3462 3486
3 3462 3487 3486
3 3462 3463 3487
3 3463 3488 3487
3 3463 3464 3488
3 3464 3489 3488
3 3464 3465 3489
3 3465 3490 3489
3 3465 3466 3490
3 3466 3491 3490
3 3466 3467 3491
3 3467 3492 3491
3 3467 3468 3492
3 3468 3493 3492
3 3468 3469 3493
3 3469 3494 3493
3 3469 3470 3494
3 3470 3495 3494
3 3470 3471 3495
3 3471 3496 3495
3 3471 3472 3496
3 3472 3497 3496
3 3472 3473 3497
3 3473 3498 3497
3 3473 3474 3498
3 3474 3499 3498
3 3475 3476 3500
3 3476 3501 3500
3 3476 3477 3501
3 3477 3502 3501
3 3477 3478 3502
3 3478 3503 3502
3 3478 3479 3503
3 3479 3504 3503
3 3479 3480 3504
3 3480 3505 3504
3 3480 3481 3505
3 3481 3506 3505
3 3481 3482 3506
3 3482 3507 3506
3 3482 3483 3507
3 3483 3508 3507
3 3483 3484 3508
3 3484 3509 3508
3 3484 3485 3509
3 3485 3510 3509
3 3485 3486 3510
3 3486 3511 3510
3 3486 3487 3511
3 3487 3512 3511
3 3487 3488 3512
3 3488 3513 3512
3 3488 3489 3513
3 3489 3514 3513
3 3489 3490 3514
3 3490 3515 3514
3 3490 3491 3515
3 3491 3516 3515
3 3491 3492 3516
3 3492 3517 3516
3 3492 3493 3517
3 3493 3518 3517
3 3493 3494 3518
3 3494 3519 3518
3 3494 3495 3519
3 3495 3520 3519
3 3495 3496 3520
3 3496 3521 3520
3 3496 3497 3521
3 3497 3522 3521
3 3497 3498 3522
3 3498 3523 3522
3 3498 3499 3523
3 3499 3524 3523
3 3500 3501 3525
3 3501 3526 3525
3 3501 3502 3526
3 3502 3527 3526
3 3502 3503 3527
3 3503 3528 3527
3 3503 3504 3528
3 3504 3529 3528
3 3504 3505 3529
3 3505 3530 3529
3 3505 3506 3530
3 3506 3531 3530
3 3506 3507 3531
3 3507 3532 3531
3 3507 3508 3532
3 3508 3533 3532
3 3508 3509 3533
3 3509 3534 3533
3 3509 3510 3534
3 3510 3535 3534
3 3510 3511 3535
3 3511 3536 3535
3 3511 3512 3536
3 3512 3537 3536
3 3512 3513 3537
3 3513 3538 3537
3 3513 3514 3538
3 3514 3539 3538
3 3514 3515 3539
3 3515 3540 3539
3 3515 3516 3540
3 3516 3541 3540
3 3516 3517 3541
3 3517 3542 3541
3 3517 3518 3542
3 3518 3543 3542
3 3518 3519 3543
3 3519 3544 3543
3 3519 3520 3544
3 3520 3545 3544
3 3520 3521 3545
3 3521 3546 3545
3 3521 3522 3546
3 3522 3547 3546
3 3522 3523 3547
3 3523 3548 3547
3 3523 3524 3548
3 3524 3549 3548
3 3525 3526 3550
3 3526 3527 3551
3 3527 3528 3552
3 3528 3529 3553
3 3529 3530 3554
3 3530 3531 3555
3 3531 3532 3556
3 3532 3533 3557
3 3533 3534 3558
3 3534 3535 3559
3 3535 3536 3560
3 3536 3537 3561
3 3537 3538 3562
3 3538 3539 3563
3 3539 3540 3564
3 3540 3541 3565
3 3541 3542 3566
3 3542 3543 3567
3 3543 3544 3568
3 3544 3545 3569
3 3545 3546 3570
3 3546 3547 3571
3 3547 3548 3572
3 3548 3549 3573
3 3576 3601 3600
3 3577 3602 3601
3 3578 3603 3602
3 3579 3604 3603
3 3580 3605 3604
3 3581 3606 3605
3 3582 3607 3606
3 3583 3608 3607
3 3584 3609 3608
3 3585 3610 3609
3 3586 3611 3610
3 3587 3612 3611
3 3588 3613 3612
3 3589 3614 3613
3 3590 3615 3614
3 3591 3616 3615
3 3592 3617 3616
3 3593 3618 3617
3 3594 3619 3618
3 3595 3620 3619
3 3596 3621 3620
3 3597 3622 3621
3 3598 3623 3622
3 3599 3624 3623
3 3600 3601 3625
3 3601 3626 3625
3 3601 3602 3626
3 3602 3627 3626
3 3602 3603 3627
3 3603 3628 3627
3 3603 3604 3628
3 3604 3629 3628
3 3604 3605 3629
3 3605 3630 3629
3 3605 3606 3630
3 3606 3631 3630
3 3606 3607 3631
3 3607 3632 3631
3 3607 3608 3632
3 3608 3633 3632
3 3608 3609 3633
3 3609 3634 3633
3 3609 3610 3634
3 3610 3635 3634
3 3610 3611 3635
3 3611 3636 3635
3 3611 3612 3636
3 3612 3637 3636
3 3612 3613 3637
3 3613 3638 3637
3 3613 3614 3638
3 3614 3639 3638
3 3614 3615 3639
3 3615 3640 3639
3 3615 3616 3640
3 3616 3641 3640
3 3616 3617 3641
3 3617 3642 3641
3 3617 3618 3642
3 3618 3643 3642
3 3618 3619 3643
3 3619 3644 3643
3 3619 3620 3644
3 3620 3645 3644
3 3620 3621 3645
3 3621 3646 3645
3 3621 3622 3646
3 3622 3647 3646
3 3622 3623 3647
3 3623 3648 3647
3 3623 3624 3648
3 3624 3649 3648
3 3625 3626 3650
3 3626 3651 3650
3 3626 3627 3651
3 3627 3652 3651
3 3627 3628 3652
3 3628 3653 3652
3 3628 3629 3653
3 3629 3654 3653
3 3629 3630 3654
3 3630 3655 3654
3 3630 3631 3655
3 3631 3656 3655
3 3631 3632 3656
3 3632 3657 3656
3 3632 3633 3657
3 3633 3658 3657
3 3633 3634 3658
3 3634 3659 3658
3 3634 3635 3659
3 3635 3660 3659
3 3635 3636 3660
3 3636 3661 3660
3 3636 3637 3661
3 3637 3662 3661
3 3637 3638 3662
3 3638 3663 3662
3 3638 3639 3663
3 3639 3664 3663
3 3639 3640 3664
3 3640 3665 3664
3 3640 3641 3665
3 3641 3666 3665
3 3641 3642 3666
3 3642 3667 3666
3 3642 3643 3667
3 3643 3668 3667
3 3643 3644 3668
3 3644 3669 3668
3 3644 3645 3669
3 3645 3670 3669
3 3645 3646 3670
3 3646 3671 3670
3 3646 3647 3671
3 3647 3672 3671
3 3647 3648 3672
3 3648 3673 3672
3 3648 3649 3673
3 3649 3674 3673
3 3650 3651 3675
3 3651 3676 3675
3 3651 3652 3676
3 3652 3677 3676
3 3652 3653 3677
3 3653 3678 3677
3 3653 3654 3678
3 3654 3679 3678
3 3654 3655 3679
3 3655 3680 3679
3 3655 3656 3680
3 3656 3681 3680
3 3656 3657 3681
3 3657 3682 3681
3 3657 3658 3682
3 3658 3683 3682
3 3658 3659 3683
3 3659 3684 3683
3 3659 3660 3684
3 3660 3685 3684
3 3660 3661 3685
3 3661 3686 3685
3 3661 3662 3686
3 3662 3687 3686
3 3662 3663 3687
3 3663 3688 3687
3 3663 3664 3688
3 3664 3689 3688
3 3664 3665 3689
3 3665 3690 3689
3 3665 3666 3690
3 3666 3691 3690
3 3666 3667 3691
3 3667 3692 3691
3 3667 3668 3692
3 3668 3693 3692
3 3668 3669 3693
3 3669 3694 3693
3 3669 3670 3694
3 3670 3695 3694
3 3670 3671 3695
3 3671 3696 3695
3 3671 3672 3696
3 3672 3697 3696
3 3672 3673 3697
3 3673 3698 3697
3 3673 3674 3698
3 3674 3699 3698
3 3675 3676 3700
3 3676 3701 3700
3 3676 3677 3701
3 3677 3702 3701
3 3677 3678 3702
3 3678 3703 3702
3 3678 3679 3703
3 3679 3704 3703
3 3679 3680 3704
3 3680 3705 3704
3 3680 3681 3705
3 3681 3706 3705
3 3681 3682 3706
3 3682 3707 3706
3 3682 3683 3707
3 3683 3708 3707
3 3683 3684 3708
3 3684 3709 3708
3 3684 3685 3709
3 3685 3710 3709
3 3685 3686 3710
3 3686 3711 3710
3 3686 3687 3711
3 3687 3712 3711
3 3687 3688 3712
3 3688 3713 3712
3 3688 3689 3713
3 3689 3714 3713
3 3689 3690 3714
3 3690 3715 3714
3 3690 3691 3715
3 3691 3716 3715
3 3691 3692 3716
3 3692 3717 3716
3 3692 3693 3717
3 3693 3718 3717
3 3693 3694 3718
3 3694 3719 3718
3 3694 3695 3719
3 3695 3720 3719
3 3695 3696 3720
3 3696 3721 3720
3 3696 3697 3721
3 3697 3722 3721
3 3697 3698 3722
3 3698 3723 3722
3 3698 3699 3723
3 3699 3724 3723
3 3700 3701 3725
3 3701 3726 3725
3 3701 3702 3726
3 3702 3727 3726
3 3702 3703 3727
3 3703 3728 3727
3 3703 3704 3728
3 3704 3729 3728
3 3704 3705 3729
3 3705 3730 3729
3 3705 3706 3730
3 3706 3731 3730
3 3706 3707 3731
3 3707 3732 3731
3 3707 3708 3732
3 3708 3733 3732
3 3708 3709 3733
3 3709 3734 3733
3 3709 3710 3734
3 3710 3735 3734
3 3710 3711 3735
3 3711 3736 3735
3 3711 3712 3736
3 3712 3737 3736
3 3712 3713 3737
3 3713 3738 3737
3 3713 3714 3738
3 3714 3739 3738
3 3714 3715 3739
3 3715 3740 3739
3 3715 3716 3740
3 3716 3741 3740
3 3716 3717 3741
3 3717 3742 3741
3 3717 3718 3742
3 3718 3743 3742
3 3718 3719 3743
3 3719 3744 3743
3 3719 3720 3744
3 3720 3745 3744
3 3720 3721 3745
3 3721 3746 3745
3 3721 3722 3746
3 3722 3747 3746
3 3722 3723 3747
3 3723 3748 3747
3 3723 3724 3748
3 3724 3749 3748
3 3725 3726 3750
3 3726 3751 3750
3 3726 3727 3751
3 3727 3752 3751
3 3727 3728 3752
3 3728 3753 3752
3 3728 3729 3753
3 3729 3754 3753
3 3729 3730 3754
3 3730 3755 3754
3 3730 3731 3755
3 3731 3756 3755
3 3731 3732 3756
3 3732 3757 3756
3 3732 3733 3757
3 3733 3758 3757
3 3733 3734 3758
3 3734 3759 3758
3 3734 3735 3759
3 3735 3760 3759
3 3735 3736 3760
3 3736 3761 3760
3 3736 3737 3761
3 3737 3762 3761
3 3737 3738 3762
3 3738 3763 3762
3 3738 3739 3763
3 3739 3764 3763
3 3739 3740 3764
3 3740 3765 3764
3 3740 3741 3765
3 3741 3766 3765
3 3741 3742 3766
3 3742 3767 3766
3 3742 3743 3767
3 3743 3768 3767
3 3743 3744 3768
3 3744 3769 3768
3 3744 3745 3769
3 3745 3770 3769
3 3745 3746 3770
3 3746 3771 3770
3 3746 3747 3771
3 3747 3772 3771
3 3747 3748 3772
3 3748 3773 3772
3 3748 3749 3773
3 3749 3774 3773
3 3750 3751 3775
3 3751 3776 3775
3 3751 3752 3776
3 3752 3777 3776
3 3752 3753 3777
3 3753 3778 3777
3 3753 3754 3778
3 3754 3779 3778
3 3754 3755 3779
3 3755 3780 3779
3 3755 3756 3780
3 3756 3781 3780
3 3756 3757 3781
3 3757 3782 3781
3 3757 3758 3782
3 3758 3783 3782
3 3758 3759 3783
3 3759 3784 3783
3 3759 3760 3784
3 3760 3785 3784
3 3760 3761 3785
3 3761 3786 3785
3 3761 3762 3786
3 3762 3787 3786
3 3762 3763 3787
3 3763 3788 3787
3 3763 3764 3788
3 3764 3789 3788
3 3764 3765 3789
3 3765 3790 3789
3 3765 3766 3790
3 3766 3791 3790
3 3766 3767 3791
3 3767 3792 3791
3 3767 3768 3792
3 3768 3793 3792
3 3768 3769 3793
3 3769 3794 3793
3 3769 3770 3794
3 3770 3795 3794
3 3770 3771 3795
3 3771 3796 3795
3 3771 3772 3796
3 3772 3797 3796
3 3772 3773 3797
3 3773 3798 3797
3 3773 3774 3798
3 3774 3799 3798
3 3775 3776 3800
3 3776 3801 3800
3 3776 3777 3801
3 3777 3802 3801
3 3777 3778 3802
3 3778 3803 3802
3 3778 3779 3803
3 3779 3804 3803
3 3779 3780 3804
3 3780 3805 3804
3 3780 3781 3805
3 3781 3806 3805
3 3781 3782 3806
3 3782 3807 3806
3 3782 3783 3807
3 3783 3808 3807
3 3783 3784 3808
3 3784 3809 3808
3 3784 3785 3809
3 3785 3810 3809
3 3785 3786 3810
3 3786 3811 3810
3 3786 3787 3811
3 3787 3812 3811
3 3787 3788 3812
3 3788 3813 3812
3 3788 3789 3813
3 3789 3814 3813
3 3789 3790 3814
3 3790 3815 3814
3 3790 3791 3815
3 3791 3816 3815
3 3791 3792 3816
3 3792 3817 3816
3 3792 3793 3817
3 3793 3818 3817
3 3793 3794 3818
3 3794 3819 3818
3 3794 3795 3819
3 3795 3820 3819
3 3795 3796 3820
3 3796 3821 3820
3 3796 3797 3821
3 3797 3822 3821
3 3797 3798 3822
3 3798 3823 3822
3 3798 3799 3823
3 3799 3824 3823
3 3800 3801 3825
3 3801 3826 3825
3 3801 3802 3826
3 3802 3827 3826
3 3802 3803 3827
3 3803 3828 3827
3 3803 3804 3828
3 3804 3829 3828
3 3804 3805 3829
3 3805 3830 3829
3 3805 3806 3830
3 3806 3831 3830
3 3806 3807 3831
3 3807 3832 3831
3 3807 3808 3832
3 3808 3833 3832
3 3808 3809 3833
3 3809 3834 3833
3 3809 3810 3834
3 3810 3835 3834
3 3810 3811 3835
3 3811 3836 3835
3 3811 3812 3836
3 3812 3837 3836
3 3812 3813 3837
3 3813 3838 3837
3 3813 3814 3838
3 3814 3839 3838
3 3814 3815 3839
3 3815 3840 3839
3 3815 3816 3840
3 3816 3841 3840
3 3816 3817 3841
3 3817 3842 3841
3 3817 3818 3842
3 3818 3843 3842
3 3818 3819 3843
3 3819 3844 3843
3 3819 3820 3844
3 3820 3845 3844
3 3820 3821 3845
3 3821 3846 3845
3 3821 3822 3846
3 3822 3847 3846
3 3822 3823 3847
3 3823 3848 3847
3 3823 3824 3848
3 3824 3849 3848
3 3825 3826 3850
3 3826 3851 3850
3 3826 3827 3851
3 3827 3852 3851
3 3827 3828 3852
3 3828 3853 3852
3 3828 3829 3853
3 3829 3854 3853
3 3829 3830 3854
3 3830 3855 3854
3 3830 3831 3855
3 3831 3856 3855
3 3831 3832 3856
3 3832 3857 3856
3 3832 3833 3857
3 3833 3858 3857
3 3833 3834 3858
3 3834 3859 3858
3 3834 3835 3859
3 3835 3860 3859
3 3835 3836 3860
3 3836 3861 3860
3 3836 3837 3861
3 3837 3862 3861
3 3837 3838 3862
3 3838 3863 3862
3 3838 3839 3863
3 3839 3864 3863
3 3839 3840 3864
3 3840 3865 3864
3 3840 3841 3865
3 3841 3866 3865
3 3841 3842 3866
3 3842 3867 3866
3 3842 3843 3867
3 3843 3868 3867
3 3843 3844 3868
3 3844 3869 3868
3 3844 3845 3869
3 3845 3870 3869
3 3845 3846 3870
3 3846 3871 3870
3 3846 3847 3871
3 3847 3872 3871
3 3847 3848 3872
3 3848 3873 3872
3 3848 3849 3873
3 3849 3874 3873
3 3850 3851 3875
3 3851 3852 3876
3 3852 3853 3877
3 3853 3854 3878
3 3854 3855 3879
3 3855 3856 3880
3 3856 3857 3881
3 3857 3858 3882
3 3858 3859 3883
3 3859 3860 3884
3 3860 3861 3885
3 3861 3862 3886
3 3862 3863 3887
3 3863 3864 3888
3 3864 3865 3889
3 3865 3866 3890
3 3866 3867 3891
3 3867 3868 3892
3 3868 3869 3893
3 3869 3870 3894
3 3870 3871 3895
3 3871 3872 3896
3 3872 3873 3897
3 3873 3874 3898
3 3901 3926 3925
3 3902 3927 3926
3 3903 3928 3927
3 3904 3929 3928
3 3905 3930 3929
3 3906 3931 3930
3 3907 3932 3931
3 3908 3933 3932
3 3909 3934 3933
3 3910 3935 3934
3 3911 3936 3935
3 3912 3937 3936
3 3913 3938 3937
3 3914 3939 3938
3 3915 3940 3939
3 3916 3941 3940
3 3917 3942 3941
3 3918 3943 3942
3 3919 3944 3943
3 3920 3945 3944
3 3921 3946 3945
3 3922 3947 3946
3 3923 3948 3947
3 3924 3949 3948
3 3925 3926 3950
3 3926 3951 3950
3 3926 3927 3951
3 3927 3952 3951
3 3927 3928 3952
3 3928 3953 3952
3 3928 3929 3953
3 3929 3954 3953
3 3929 3930 3954
3 3930 3955 3954
3 3930 3931 3955
3 3931 3956 3955
3 3931 3932 3956
3 3932 3957 3956
3 3932 3933 3957
3 3933 3958 3957
3 3933 3934 3958
3 3934 3959 3958
3 3934 3935 3959
3 3935 3960 3959
3 3935 3936 3960
3 3936 3961 3960
3 3936 3937 3961
3 3937 3962 3961
3 3937 3938 3962
3 3938 3963 3962
3 3938 3939 3963
3 3939 3964 3963
3 3939 3940 3964
3 3940 3965 3964
3 3940 3941 3965
3 3941 3966 3965
3 3941 3942 3966
3 3942 3967 3966
3 3942 3943 3967
3 3943 3968 3967
3 3943 3944 3968
3 3944 3969 3968
3 3944 3945 3969
3 3945 3970 3969
3 3945 3946 3970
3 3946 3971 3970
3 3946 3947 3971
3 3947 3972 3971
3 3947 3948 3972
3 3948 3973 3972
3 3948 3949 3973
3 3949 3974 3973
3 3950 3951 3975
3 3951 3976 3975
3 3951 3952 3976
3 3952 3977 3976
3 3952 3953 3977
3 3953 3978 3977
3 3953 3954 3978
3 3954 3979 3978
3 3954 3955 3979
3 3955 3980 3979
3 3955 3956 3980
3 3956 3981 3980
3 3956 3957 3981
3 3957 3982 3981
3 3957 3958 3982
3 3958 3983 3982
3 3958 3959 3983
3 3959 3984 3983
3 3959 3960 3984
3 3960 3985 3984
3 3960 3961 3985
3 3961 3986 3985
3 3961 3962 3986
3 3962 3987 3986
3 3962 3963 3987
3 3963 3988 3987
3 3963 3964 3988
3 3964 3989 3988
3 3964 3965 3989
3 3965 3990 3989
3 3965 3966 3990
3 3966 3991 3990
3 3966 3967 3991
3 3967 3992 3991
3 3967 3968 3992
3 3968 3993 3992
3 3968 3969 3993
3 3969 3994 3993
3 3969 3970 3994
3 3970 3995 3994
3 3970 3971 3995
3 3971 3996 3995
3 3971 3972 3996
3 3972 3997 3996
3 3972 3973 3997
3 3973 3998 3997
3 3973 3974 3998
3 3974 3999 3998
3 3975 3976 4000
3 3976 4001 4000
3 3976 3977 4001
3 3977 4002 4001
3 3977 3978 4002
3 3978 4003 4002
3 3978 3979 4003
3 3979 4004 4003
3 3979 3980 4004
3 3980 4005 4004
3 3980 3981 4005
3 3981 4006 4005
3 3981 3982 4006
3 3982 4007 4006
3 3982 3983 4007
3 3983 4008 4007
3 3983 3984 4008
3 3984 4009 4008
3 3984 3985 4009
3 3985 4010 4009
3 3985 3986 4010
3 3986 4011 4010
3 3986 3987 4011
3 3987 4012 4011
3 3987 3988 4012
3 3988 4013 4012
3 3988 3989 4013
3 3989 4014 4013
3 3989 3990 4014
3 3990 4015 4014
3 3990 3991 4015
3 3991 4016 4015
3 3991 3992 4016
3 3992 4017 4016
3 3992 3993 4017
3 3993 4018 4017
3 3993 3994 4018
3 3994 4019 4018
3 3994 3995 4019
3 3995 4020 4019
3 3995 3996 4020
3 3996 4021 4020
3 3996 3997 4021
3 3997 4022 4021
3 3997 3998 4022
3 3998 4023 4022
3 3998 3999 4023
3 3999 4024 4023
3 4000 4001 4025
3 4001 4026 4025
3 4001 4002 4026
3 4002 4027 4026
3 4002 4003 4027
3 4003 4028 4027
3 4003 4004 4028
3 4004 4029 4028
3 4004 4005 4029
3 4005 4030 4029
3 4005 4006 4030
3 4006 4031 4030
3 4006 4007 4031
3 4007 4032 4031
3 4007 4008 4032
3 4008 4033 4032
3 4008 4009 4033
3 4009 4034 4033
3 4009 4010 4034
3 4010 4035 4034
3 4010 4011 4035
3 4011 4036 4035
3 4011 4012 4036
3 4012 4037 4036
3 4012 4013 4037
3 4013 4038 4037
3 4013 4014 4038
3 4014 4039 4038
3 4014 4015 4039
3 4015 4040 4039
3 4015 4016 4040
3 4016 4041 4040
3 4016 4017 4041
3 4017 4042 4041
3 4017 4018 4042
3 4018 4043 4042
3 4018 4019 4043
3 4019 4044 4043
3 4019 4020 4044
3 4020 4045 4044
3 4020 4021 4045
3 4021 4046 4045
3 4021 4022 4046
3 4022 4047 4046
3 4022 4023 4047
3 4023 4048 4047
3 4023 4024 4048
3 4024 4049 4048
3 4025 4026 4050
3 4026 4051 4050
3 4026 4027 4051
3 4027 4052 4051
3 4027 4028 4052
3 4028 4053 4052
3 4028 4029 4053
3 4029 4054 4053
3 4029 4030 4054
3 4030 4055 4054
3 4030 4031 4055
3 4031 4056 4055
3 4031 4032 4056
3 4032 4057 4056
3 4032 4033 4057
3 4033 4058 4057
3 4033 4034 4058
3 4034 4059 4058
3 4034 4035 4059
3 4035 4060 4059
3 4035 4036 4060
3 4036 4061 4060
3 4036 4037 4061
3 4037 4062 4061
3 4037 4038 4062
3 4038 4063 4062
3 4038 4039 4063
3 4039 4064 4063
3 4039 4040 4064
3 4040 4065 4064
3 4040 4041 4065
3 4041 4066 4065
3 4041 4042 4066
3 4042 4067 4066
3 4042 4043 4067
3 4043 4068 4067
3 4043 4044 4068
3 4044 4069 4068
3 4044 4045 4069
3 4045 4070 4069
3 4045 4046 4070
3 4046 4071 4070
3 4046 4047 4071
3 4047 4072 4071
3 4047 4048 4072
3 4048 4073 4072
3 4048 4049 4073
3 4049 4074 4073
3 4050 4051 4075
3 4051 4076 4075
3 4051 4052 4076
3 4052 4077 4076
3 4052 4053 4077
3 4053 4078 4077
3 4053 4054 4078
3 4054 4079 4078
3 4054 4055 4079
3 4055 4080 4079
3 4055 4056 4080
3 4056 4081 4080
3 4056 4057 4081
3 4057 4082 4081
3 4057 4058 4082
3 4058 4083 4082
3 4058 4059 4083
3 4059 4084 4083
3 4059 4060 4084
3 4060 4085 4084
3 4060 4061 4085
3 4061 4086 4085
3 4061 4062 4086
3 4062 4087 4086
3 4062 4063 4087
3 4063 4088 4087
3 4063 4064 4088
3 4064 4089 4088
3 4064 4065 4089
3 4065 4090 4089
3 4065 4066 4090
3 4066 4091 4090
3 4066 4067 4091
3 4067 4092 4091
3 4067 4068 4092
3 4068 4093 4092
3 4068 4069 4093
3 4069 4094 4093
3 4069 4070 4094
3 4070 4095 4094
3 4070 4071 4095
3 4071 4096 4095
3 4071 4072 4096
3 4072 4097 4096
3 4072 4073 4097
3 4073 4098 4097
3 4073 4074 4098
3 4074 4099 4098
3 4075 4076 4100
3 4076 4101 4100
3 4076 4077 4101
3 4077 4102 4101
3 4077 4078 4102
3 4078 4103 4102
3 4078 4079 4103
3 4079 4104 4103
3 4079 4080 4104
3 4080 4105 4104
3 4080 4081 4105
3 4081 4106 4105
3 4081 4082 4106
3 4082 4107 4106
3 4082 4083 4107
3 4083 4108 4107
3 4083 4084 4108
3 4084 4109 4108
3 4084 4085 4109
3 4085 4110 4109
3 4085 4086 4110
3 4086 4111 4110
3 4086 4087 4111
3 4087 4112 4111
3 4087 4088 4112
3 4088 4113 4112
3 4088 4089 4113
3 4089 4114 4113
3 4089 4090 4114
3 4090 4115 4114
3 4090 4091 4115
3 4091 4116 4115
3 4091 4092 4116
3 4092 4117 4116
3 4092 4093 4117
3 4093 4118 4117
3 4093 4094 4118
3 4094 4119 4118
3 4094 4095 4119
3 4095 4120 4119
3 4095 4096 4120
3 4096 4121 4120
3 4096 4097 4121
3 4097 4122 4121
3 4097 4098 4122
3 4098 4123 4122
3 4098 4099 4123
3 4099 4124 4123
3 4100 4101 4125
3 4101 4126 4125
3 4101 4102 4126
3 4102 4127 4126
3 4102 4103 4127
3 4103 4128 4127
3 4103 4104 4128
3 4104 4129 4128
3 4104 4105 4129
3 4105 4130 4129
3 4105 4106 4130
3 4106 4131 4130
3 4106 4107 4131
3 4107 4132 4131
3 4107 4108 4132
3 4108 4133 4132
3 4108 4109 4133
3 4109 4134 4133
3 4109 4110 4134
3 4110 4135 4134
3 4110 4111 4135
3 4111 4136 4135
3 4111 4112 4136
3 4112 4137 4136
3 4112 4113 4137
3 4113 4138 4137
3 4113 4114 4138
3 4114 4139 4138
3 4114 4115 4139
3 4115 4140 4139
3 4115 4116 4140
3 4116 4141 4140
3 4116 4117 4141
3 4117 4142 4141
3 4117 4118 4142
3 4118 4143 4142
3 4118 4119 4143
3 4119 4144 4143
3 4119 4120 4144
3 4120 4145 4144
3 4120 4121 4145
3 4121 4146 4145
3 4121 4122 4146
3 4122 4147 4146
3 4122 4123 4147
3 4123 4148 4147
3 4123 4124 4148
3 4124 4149 4148
3 4125 4126 4150
3 4126 4151 4150
3 4126 4127 4151
3 4127 4152 4151
3 4127 4128 4152
3 4128 4153 4152
3 4128 4129 4153
3 4129 4154 4153
3 4129 4130 4154
3 4130 4155 4154
3 4130 4131 4155
3 4131 4156 4155
3 4131 4132 4156
3 4132 4157 4156
3 4132 4133 4157
3 4133 4158 4157
3 4133 4134 4158
3 4134 4159 4158
3 4134 4135 4159
3 4135 4160 4159
3 4135 4136 4160
3 4136 4161 4160
3 4136 4137 4161
3 4137 4162 4161
3 4137 4138 4162
3 4138 4163 4162
3 4138 4139 4163
3 4139 4164 4163
3 4139 4140 4164
3 4140 4165 4164
3 4140 4141 4165
3 4141 4166 4165
3 4141 4142 4166
3 4142 4167 4166
3 4142 4143 4167
3 4143 4168 4167
3 4143 4144 4168
3 4144 4169 4168
3 4144 4145 4169
3 4145 4170 4169
3 4145 4146 4170
3 4146 4171 4170
3 4146 4147 4171
3 4147 4172 4171
3 4147 4148 4172
3 4148 4173 4172
3 4148 4149 4173
3 4149 4174 4173
3 4150 4151 4175
3 4151 4176 4175
3 4151 4152 4176
3 4152 4177 4176
3 4152 4153 4177
3 4153 4178 4177
3 4153 4154 4178
3 4154 4179 4178
3 4154 4155 4179
3 4155 4180 4179
3 4155 4156 4180
3 4156 4181 4180
3 4156 4157 4181
3 4157 4182 4181
3 4157 4158 4182
3 4158 4183 4182
3 4158 4159 4183
3 4159 4184 4183
3 4159 4160 4184
3 4160 4185 4184
3 4160 4161 4185
3 4161 4186 4185
3 4161 4162 4186
3 4162 4187 4186
3 4162 4163 4187
3 4163 4188 4187
3 4163 4164 4188
3 4164 4189 4188
3 4164 4165 4189
3 4165 4190 4189
3 4165 4166 4190
3 4166 4191 4190
3 4166 4167 4191
3 4167 4192 4191
3 4167 4168 4192
3 4168 4193 4192
3 4168 4169 4193
3 4169 4194 4193
3 4169 4170 4194
3 4170 4195 4194
3 4170 4171 4195
3 4171 4196 4195
3 4171 4172 4196
3 4172 4197 4196
3 4172 4173 4197
3 4173 4198 4197
3 4173 4174 4198
3 4174 4199 4198
3 4175 4176 4200
3 4176 4177 4201
3 4177 4178 4202
3 4178 4179 4203
3 4179 4180 4204
3 4180 4181 4205
3 4181 4182 4206
3 4182 4183 4207
3 4183 4184 4208
3 4184 4185 4209
3 4185 4186 4210
3 4186 4187 4211
3 4187 4188 4212
3 4188 4189 4213
3 4189 4190 4214
3 4190 4191 4215
3 4191 4192 4216
3 4192 4193 4217
3 4193 4194 4218
3 4194 4195 4219
3 4195 4196 4220
3 4196 4197 4221
3 4197 4198 4222
3 4198 4199 4223
3 4226 4251 4250
3 4227 4252 4251
3 4228 4253 4252
3 4229 4254 4253
3 4230 4255 4254
3 4231 4256 4255
3 4232 4257 4256
3 4233 4258 4257
3 4234 4259 4258
3 4235 4260 4259
3 4236 4261 4260
3 4237 4262 4261
3 4238 4263 4262
3 4239 4264 4263
3 4240 4265 4264
3 4241 4266 4265
3 4242 4267 4266
3 4243 4268 4267
3 4244 4269 4268
3 4245 4270 4269
3 4246 4271 4270
3 4247 4272 4271
3 4248 4273 4272
3 4249 4274 4273
3 4250 4251 4275
3 4251 4276 4275
3 4251 4252 4276
3 4252 4277 4276
3 4252 4253 4277
3 4253 4278 4277
3 4253 4254 4278
3 4254 4279 4278
3 4254 4255 4279
3 4255 4280 4279
3 4255 4256 4280
3 4256 4281 4280
3 4256 4257 4281
3 4257 4282 4281
3 4257 4258 4282
3 4258 4283 4282
3 4258 4259 4283
3 4259 4284 4283
3 4259 4260 4284
3 4260 4285 4284
3 4260 4261 4285
3 4261 4286 4285
3 4261 4262 4286
3 4262 4287 4286
3 4262 4263 4287
3 4263 4288 4287
3 4263 4264 4288
3 4264 4289 4288
3 4264 4265 4289
3 4265 4290 4289
3 4265 4266 4290
3 4266 4291 4290
3 4266 4267 4291
3 4267 4292 4291
3 4267 4268 4292
3 4268 4293 4292
3 4268 4269 4293
3 4269 4294 4293
3 4269 4270 4294
3 4270 4295 4294
3 4270 4271 4295
3 4271 4296 4295
3 4271 4272 4296
3 4272 4297 4296
3 4272 4273 4297
3 4273 4298 4297
3 4273 4274 4298
3 4274 4299 4298
3 4275 4276 4300
3 4276 4301 4300
3 4276 4277 4301
3 4277 4302 4301
3 4277 4278 4302
3 4278 4303 4302
3 4278 4279 4303
3 4279 4304 4303
3 4279 4280 4304
3 4280 4305 4304
3 4280 4281 4305
3 4281 4306 4305
3 4281 4282 4306
3 4282 4307 4306
3 4282 4283 4307
3 4283 4308 4307
3 4283 4284 4308
3 4284 4309 4308
3 4284 4285 4309
3 4285 4310 4309
3 4285 4286 4310
3 4286 4311 4310
3 4286 4287 4311
3 4287 4312 4311
3 4287 4288 4312
3 4288 4313 4312
3 4288 4289 4313
3 4289 4314 4313
3 4289 4290 4314
3 4290 4315 4314
3 4290 4291 4315
3 4291 4316 4315
3 4291 4292 4316
3 4292 4317 4316
3 4292 4293 4317
3 4293 4318 4317
3 4293 4294 4318
3 4294 4319 4318
3 4294 4295 4319
3 4295 4320 4319
3 4295 4296 4320
3 4296 4321 4320
3 4296 4297 4321
3 4297 4322 4321
3 4297 4298 4322
3 4298 4323 4322
3 4298 4299 4323
3 4299 4324 4323
3 4300 4301 4325
3 4301 4326 4325
3 4301 4302 4326
3 4302 4327 4326
3 4302 4303 4327
3 4303 4328 4327
3 4303 4304 4328
3 4304 4329 4328
3 4304 4305 4329
3 4305 4330 4329
3 4305 4306 4330
3 4306 4331 4330
3 4306 4307 4331
3 4307 4332 4331
3 4307 4308 4332
3 4308 4333 4332
3 4308 4309 4333
3 4309 4334 4333
3 4309 4310 4334
3 4310 4335 4334
3 4310 4311 4335
3 4311 4336 4335
3 4311 4312 4336
3 4312 4337 4336
3 4312 4313 4337
3 4313 4338 4337
3 4313 4314 4338
3 4314 4339 4338
3 4314 4315 4339
3 4315 4340 4339
3 4315 4316 4340
3 4316 4341 4340
3 4316 4317 4341
3 4317 4342 4341
3 4317 4318 4342
3 4318 4343 4342
3 4318 4319 4343
3 4319 4344 4343
3 4319 4320 4344
3 4320 4345 4344
3 4320 4321 4345
3 4321 4346 4345
3 4321 4322 4346
3 4322 4347 4346
3 4322 4323 4347
3 4323 4348 4347
3 4323 4324 4348
3 4324 4349 4348
3 4325 4326 4350
3 4326 4351 4350
3 4326 4327 4351
3 4327 4352 4351
3 4327 4328 4352
3 4328 4353 4352
3 4328 4329 4353
3 4329 4354 4353
3 4329 4330 4354
3 4330 4355 4354
3 4330 4331 4355
3 4331 4356 4355
3 4331 4332 4356
3 4332 4357 4356
3 4332 4333 4357
3 4333 4358 4357
3 4333 4334 4358
3 4334 4359 4358
3 4334 4335 4359
3 4335 4360 4359
3 4335 4336 4360
3 4336 4361 4360
3 4336 4337 4361
3 4337 4362 4361
3 4337 4338 4362
3 4338 4363 4362
3 4338 4339 4363
3 4339 4364 4363
3 4339 4340 4364
3 4340 4365 4364
3 4340 4341 4365
3 4341 4366 4365
3 4341 4342 4366
3 4342 4367 4366
3 4342 4343 4367
3 4343 4368 4367
3 4343 4344 4368
3 4344 4369 4368
3 4344 4345 4369
3 4345 4370 4369
3 4345 4346 4370
3 4346 4371 4370
3 4346 4347 4371
3 4347 4372 4371
3 4347 4348 4372
3 4348 4373 4372
3 4348 4349 4373
3 4349 4374 4373
3 4350 4351 4375
3 4351 4376 4375
3 4351 4352 4376
3 4352 4377 4376
3 4352 4353 4377
3 4353 4378 4377
3 4353 4354 4378
3 4354 4379 4378
3 4354 4355 4379
3 4355 4380 4379
3 4355 4356 4380
3 4356 4381 4380
3 4356 4357 4381
3 4357 4382 4381
3 4357 4358 4382
3 4358 4383 4382
3 4358 4359 4383
3 4359 4384 4383
3 4359 4360 4384
3 4360 4385 4384
3 4360 4361 4385
3 4361 4386 4385
3 4361 4362 4386
3 4362 4387 4386
3 4362 4363 4387
3 4363 4388 4387
3 4363 4364 4388
3 4364 4389 4388
3 4364 4365 4389
3 4365 4390 4389
3 4365 4366 4390
3 4366 4391 4390
3 4366 4367 4391
3 4367 4392 4391
3 4367 4368 4392
3 4368 4393 4392
3 4368 4369 4393
3 4369 4394 4393
3 4369 4370 4394
3 4370 4395 4394
3 4370 4371 4395
3 4371 4396 4395
3 4371 4372 4396
3 4372 4397 4396
3 4372 4373 4397
3 4373 4398 4397
3 4373 4374 4398
3 4374 4399 4398
3 4375 4376 4400
3 4376 4401 4400
3 4376 4377 4401
3 4377 4402 4401
3 4377 4378 4402
3 4378 4403 4402
3 4378 4379 4403
3 4379 4404 4403
3 4379 4380 4404
3 4380 4405 4404
3 4380 4381 4405
3 4381 4406 4405
3 4381 4382 4406
3 4382 4407 4406
3 4382 4383 4407
3 4383 4408 4407
3 4383 4384 4408
3 4384 4409 4408
3 4384 4385 4409
3 4385 4410 4409
3 4385 4386 4410
3 4386 4411 4410
3 4386 4387 4411
3 4387 4412 4411
3 4387 4388 4412
3 4388 4413 4412
3 4388 4389 4413
3 4389 4414 4413
3 4389 4390 4414
3 4390 4415 4414
3 4390 4391 4415
3 4391 4416 4415
3 4391 4392 4416
3 4392 4417 4416
3 4392 4393 4417
3 4393 4418 4417
3 4393 4394 4418
3 4394 4419 4418
3 4394 4395 4419
3 4395 4420 4419
3 4395 4396 4420
3 4396 4421 4420
3 4396 4397 4421
3 4397 4422 4421
3 4397 4398 4422
3 4398 4423 4422
3 4398 4399 4423
3 4399 4424 4423
3 4400 4401 4425
3 4401 4426 4425
3 4401 4402 4426
3 4402 4427 4426
3 4402 4403 4427
3 4403 4428 4427
3 4403 4404 4428
3 4404 4429 4428
3 4404 4405 4429
3 4405 4430 4429
3 4405 4406 4430
3 4406 4431 4430
3 4406 4407 4431
3 4407 4432 4431
3 4407 4408 4432
3 4408 4433 4432
3 4408 4409 4433
3 4409 4434 4433
3 4409 4410 4434
3 4410 4435 4434
3 4410 4411 4435
3 4411 4436 4435
3 4411 4412 4436
3 4412 4437 4436
3 4412 4413 4437
3 4413 4438 4437
3 4413 4414 4438
3 4414 4439 4438
3 4414 4415 4439
3 4415 4440 4439
3 4415 4416 4440
3 4416 4441 4440
3 4416 4417 4441
3 4417 4442 4441
3 4417 4418 4442
3 4418 4443 4442
3 4418 4419 4443
3 4419 4444 4443
3 4419 4420 4444
3 4420 4445 4444
3 4420 4421 4445
3 4421 4446 4445
3 4421 4422 4446
3 4422 4447 4446
3 4422 4423 4447
3 4423 4448 4447
3 4423 4424 4448
3 4424 4449 4448
3 4425 4426 4450
3 4426 4451 4450
3 4426 4427 4451
3 4427 4452 4451
3 4427 4428 4452
3 4428 4453 4452
3 4428 4429 4453
3 4429 4454 4453
3 4429 4430 4454
3 4430 4455 4454
3 4430 4431 4455
3 4431 4456 4455
3 4431 4432 4456
3 4432 4457 4456
3 4432 4433 4457
3 4433 4458 4457
3 4433 4434 4458
3 4434 4459 4458
3 4434 4435 4459
3 4435 4460 4459
3 4435 4436 4460
3 4436 4461 4460
3 4436 4437 4461
3 4437 4462 4461
3 4437 4438 4462
3 4438 4463 4462
3 4438 4439 4463
3 4439 4464 4463
3 4439 4440 4464
3 4440 4465 4464
3 4440 4441 4465
3 4441 4466 4465
3 4441 4442 4466
3 4442 4467 4466
3 4442 4443 4467
3 4443 4468 4467
3 4443 4444 4468
3 4444 4469 4468
3 4444 4445 4469
3 4445 4470 4469
3 4445 4446 4470
3 4446 4471 4470
3 4446 4447 4471
3 4447 4472 4471
3 4447 4448 4472
3 4448 4473 4472
3 4448 4449 4473
3 4449 4474 4473
3 4450 4451 4475
3 4451 4476 4475
3 4451 4452 4476
3 4452 4477 4476
3 4452 4453 4477
3 4453 4478 4477
3 4453 4454 4478
3 4454 4479 4478
3 4454 4455 4479
3 4455 4480 4479
3 4455 4456 4480
3 4456 4481 4480
3 4456 4457 4481
3 4457 4482 4481
3 4457 4458 4482
3 4458 4483 4482
3 4458 4459 4483
3 4459 4484 4483
3 4459 4460 4484
3 4460 4485 4484
3 4460 4461 4485
3 4461 4486 4485
3 4461 4462 4486
3 4462 4487 4486
3 4462 4463 4487
3 4463 4488 4487
3 4463 4464 4488
3 4464 4489 4488
3 4464 4465 4489
3 4465 4490 4489
3 4465 4466 4490
3 4466 4491 4490
3 4466 4467 4491
3 4467 4492 4491
3 4467 4468 4492
3 4468 4493 4492
3 4468 4469 4493
3 4469 4494 4493
3 4469 4470 4494
3 4470 4495 4494
3 4470 4471 4495
3 4471 4496 4495
3 4471 4472 4496
3 4472 4497 4496
3 4472 4473 4497
3 4473 4498 4497
3 4473 4474 4498
3 4474 4499 4498
3 4475 4476 4500
3 4476 4501 4500
3 4476 4477 4501
3 4477 4502 4501
3 4477 4478 4502
3 4478 4503 4502
3 4478 4479 4503
3 4479 4504 4503
3 4479 4480 4504
3 4480 4505 4504
3 4480 4481 4505
3 4481 4506 4505
3 4481 4482 4506
3 4482 4507 4506
3 4482 4483 4507
3 4483 4508 4507
3 4483 4484 4508
3 4484 4509 4508
3 4484 4485 4509
3 4485 4510 4509
3 4485 4486 4510
3 4486 4511 4510
3 4486 4487 4511
3 4487 4512 4511
3 4487 4488 4512
3 4488 4513 4512
3 4488 4489 4513
3 4489 4514 4513
3 4489 4490 4514
3 4490 4515 4514
3 4490 4491 4515
3 4491 4516 4515
3 4491 4492 4516
3 4492 4517 4516
3 4492 4493 4517
3 4493 4518 4517
3 4493 4494 4518
3 4494 4519 4518
3 4494 4495 4519
3 4495 4520 4519
3 4495 4496 4520
3 4496 4521 4520
3 4496 4497 4521
3 4497 4522 4521
3 4497 4498 4522
3 4498 4523 4522
3 4498 4499 4523
3 4499 4524 4523
3 4500 4501 4525
3 4501 4502 4526
3 4502 4503 4527
3 4503 4504 4528
3 4504 4505 4529
3 4505 4506 4530
3 4506 4507 4531
3 4507 4508 4532
3 4508 4509 4533
3 4509 4510 4534
3 4510 4511 4535
3 4511 4512 4536
3 4512 4513 4537
3 4513 4514 4538
3 4514 4515 4539
3 4515 4516 4540
3 4516 4517 4541
3 4517 4518 4542
3 4518 4519 4543
3 4519 4520 4544
3 4520 4521 4545
3 4521 4522 4546
3 4522 4523 4547
3 4523 4524 4548
